period,period_type,period_start,period_end,source,category_id,tag_count,total_reviews,rate_pct,pct_positive,pct_negative,adequate_volume,is_current_partial,in_recent_window,scope,rolling_baseline_rate_pct,flagged_spike,flagged_decline,verdict
2017-08_to_2019-02,multi_month,2017-08,2019-02,google_play,ai_coach,0,38,0.0,,,True,False,False,google_play,,False,False,
2017-08_to_2019-02,multi_month,2017-08,2019-02,google_play,app_stability,3,38,7.895,0.0,66.7,True,False,False,google_play,,False,False,
2017-08_to_2019-02,multi_month,2017-08,2019-02,google_play,customer_support,2,38,5.263,0.0,100.0,True,False,False,google_play,,False,False,
2017-08_to_2019-02,multi_month,2017-08,2019-02,google_play,data_accuracy,1,38,2.632,0.0,0.0,True,False,False,google_play,,False,False,
2017-08_to_2019-02,multi_month,2017-08,2019-02,google_play,feature_requests,3,38,7.895,66.7,0.0,True,False,False,google_play,,False,False,
2017-08_to_2019-02,multi_month,2017-08,2019-02,google_play,hardware_wearability,1,38,2.632,0.0,0.0,True,False,False,google_play,,False,False,
2017-08_to_2019-02,multi_month,2017-08,2019-02,google_play,health_signal_reliability,0,38,0.0,,,True,False,False,google_play,,False,False,
2017-08_to_2019-02,multi_month,2017-08,2019-02,google_play,localization,0,38,0.0,,,True,False,False,google_play,,False,False,
2017-08_to_2019-02,multi_month,2017-08,2019-02,google_play,platform_parity,27,38,71.053,3.7,48.1,True,False,False,google_play,,False,False,
2017-08_to_2019-02,multi_month,2017-08,2019-02,google_play,pricing_billing,6,38,15.789,0.0,66.7,True,False,False,google_play,,False,False,
2017-08_to_2019-02,multi_month,2017-08,2019-02,google_play,sleep_tracking,2,38,5.263,50.0,50.0,True,False,False,google_play,,False,False,
2017-08_to_2019-02,multi_month,2017-08,2019-02,google_play,sync_connectivity,3,38,7.895,0.0,66.7,True,False,False,google_play,,False,False,
2017-08_to_2019-02,multi_month,2017-08,2019-02,google_play,ui_ux,1,38,2.632,0.0,0.0,True,False,False,google_play,,False,False,
2017-08_to_2019-02,multi_month,2017-08,2019-02,google_play,activity_detection,0,38,0.0,,,True,False,False,google_play,,False,False,
2017-08_to_2019-02,multi_month,2017-08,2019-02,google_play,ai_autonomy,0,38,0.0,,,True,False,False,google_play,,False,False,
2017-08_to_2019-02,multi_month,2017-08,2019-02,google_play,ai_only_support_channel,0,38,0.0,,,True,False,False,google_play,,False,False,
2017-08_to_2019-02,multi_month,2017-08,2019-02,google_play,ai_positive_reception,0,38,0.0,,,True,False,False,google_play,,False,False,
2017-08_to_2019-02,multi_month,2017-08,2019-02,google_play,ai_reliability_bugs,0,38,0.0,,,True,False,False,google_play,,False,False,
2017-08_to_2019-02,multi_month,2017-08,2019-02,google_play,android_feature_gaps,27,38,71.053,3.7,48.1,True,False,False,google_play,,False,False,
2017-08_to_2019-02,multi_month,2017-08,2019-02,google_play,android_specific_bugs,0,38,0.0,,,True,False,False,google_play,,False,False,
2017-08_to_2019-02,multi_month,2017-08,2019-02,google_play,battery_life,0,38,0.0,,,True,False,False,google_play,,False,False,
2017-08_to_2019-02,multi_month,2017-08,2019-02,google_play,billing_disputes,0,38,0.0,,,True,False,False,google_play,,False,False,
2017-08_to_2019-02,multi_month,2017-08,2019-02,google_play,build_quality_perception,0,38,0.0,,,True,False,False,google_play,,False,False,
2017-08_to_2019-02,multi_month,2017-08,2019-02,google_play,cardiac_detection_trust,0,38,0.0,,,True,False,False,google_play,,False,False,
2017-08_to_2019-02,multi_month,2017-08,2019-02,google_play,comfort_fit,0,38,0.0,,,True,False,False,google_play,,False,False,
2017-08_to_2019-02,multi_month,2017-08,2019-02,google_play,crashes_freezes,2,38,5.263,0.0,50.0,True,False,False,google_play,,False,False,
2017-08_to_2019-02,multi_month,2017-08,2019-02,google_play,data_sync_delays,1,38,2.632,0.0,0.0,True,False,False,google_play,,False,False,
2017-08_to_2019-02,multi_month,2017-08,2019-02,google_play,device_rendering_bugs,0,38,0.0,,,True,False,False,google_play,,False,False,
2017-08_to_2019-02,multi_month,2017-08,2019-02,google_play,ecg_bp_feature_reliability,0,38,0.0,,,True,False,False,google_play,,False,False,
2017-08_to_2019-02,multi_month,2017-08,2019-02,google_play,english_jargon_complexity,0,38,0.0,,,True,False,False,google_play,,False,False,
2017-08_to_2019-02,multi_month,2017-08,2019-02,google_play,feature_ui_friction,0,38,0.0,,,True,False,False,google_play,,False,False,
2017-08_to_2019-02,multi_month,2017-08,2019-02,google_play,metric_accuracy,1,38,2.632,0.0,0.0,True,False,False,google_play,,False,False,
2017-08_to_2019-02,multi_month,2017-08,2019-02,google_play,missing_activity_types,0,38,0.0,,,True,False,False,google_play,,False,False,
2017-08_to_2019-02,multi_month,2017-08,2019-02,google_play,missing_language_support,0,38,0.0,,,True,False,False,google_play,,False,False,
2017-08_to_2019-02,multi_month,2017-08,2019-02,google_play,missing_metrics,1,38,2.632,100.0,0.0,True,False,False,google_play,,False,False,
2017-08_to_2019-02,multi_month,2017-08,2019-02,google_play,notification_community_issues,1,38,2.632,0.0,0.0,True,False,False,google_play,,False,False,
2017-08_to_2019-02,multi_month,2017-08,2019-02,google_play,onboarding_pairing,1,38,2.632,0.0,100.0,True,False,False,google_play,,False,False,
2017-08_to_2019-02,multi_month,2017-08,2019-02,google_play,ongoing_disconnects,1,38,2.632,0.0,100.0,True,False,False,google_play,,False,False,
2017-08_to_2019-02,multi_month,2017-08,2019-02,google_play,personalization_use_case_fit,2,38,5.263,50.0,0.0,True,False,False,google_play,,False,False,
2017-08_to_2019-02,multi_month,2017-08,2019-02,google_play,plan_trial_structure,0,38,0.0,,,True,False,False,google_play,,False,False,
2017-08_to_2019-02,multi_month,2017-08,2019-02,google_play,price_value_perception,6,38,15.789,0.0,66.7,True,False,False,google_play,,False,False,
2017-08_to_2019-02,multi_month,2017-08,2019-02,google_play,redesign_regression,0,38,0.0,,,True,False,False,google_play,,False,False,
2017-08_to_2019-02,multi_month,2017-08,2019-02,google_play,sleep_accuracy,1,38,2.632,0.0,100.0,True,False,False,google_play,,False,False,
2017-08_to_2019-02,multi_month,2017-08,2019-02,google_play,sleep_alarm_ui,0,38,0.0,,,True,False,False,google_play,,False,False,
2017-08_to_2019-02,multi_month,2017-08,2019-02,google_play,sleep_satisfaction,1,38,2.632,100.0,0.0,True,False,False,google_play,,False,False,
2017-08_to_2019-02,multi_month,2017-08,2019-02,google_play,strap_clasp_durability,1,38,2.632,0.0,0.0,True,False,False,google_play,,False,False,
2017-08_to_2019-02,multi_month,2017-08,2019-02,google_play,support_resolution_quality,2,38,5.263,0.0,100.0,True,False,False,google_play,,False,False,
2017-08_to_2019-02,multi_month,2017-08,2019-02,google_play,support_responsiveness,0,38,0.0,,,True,False,False,google_play,,False,False,
2017-08_to_2019-02,multi_month,2017-08,2019-02,google_play,support_satisfaction,0,38,0.0,,,True,False,False,google_play,,False,False,
2017-08_to_2019-02,multi_month,2017-08,2019-02,google_play,third_party_integration,0,38,0.0,,,True,False,False,google_play,,False,False,
2017-08_to_2019-02,multi_month,2017-08,2019-02,google_play,update_failures,1,38,2.632,0.0,100.0,True,False,False,google_play,,False,False,
2017-08_to_2019-02,multi_month,2017-08,2019-02,google_play,upsell_pressure,0,38,0.0,,,True,False,False,google_play,,False,False,
2019-03_to_2019-07,multi_month,2019-03,2019-07,google_play,ai_coach,0,33,0.0,,,True,False,False,google_play,,False,False,
2019-03_to_2019-07,multi_month,2019-03,2019-07,google_play,app_stability,4,33,12.121,25.0,75.0,True,False,False,google_play,,False,False,
2019-03_to_2019-07,multi_month,2019-03,2019-07,google_play,customer_support,3,33,9.091,0.0,66.7,True,False,False,google_play,,False,False,
2019-03_to_2019-07,multi_month,2019-03,2019-07,google_play,data_accuracy,3,33,9.091,0.0,33.3,True,False,False,google_play,,False,False,
2019-03_to_2019-07,multi_month,2019-03,2019-07,google_play,feature_requests,6,33,18.182,33.3,16.7,True,False,False,google_play,,False,False,
2019-03_to_2019-07,multi_month,2019-03,2019-07,google_play,hardware_wearability,2,33,6.061,0.0,0.0,True,False,False,google_play,,False,False,
2019-03_to_2019-07,multi_month,2019-03,2019-07,google_play,health_signal_reliability,0,33,0.0,,,True,False,False,google_play,,False,False,
2019-03_to_2019-07,multi_month,2019-03,2019-07,google_play,localization,0,33,0.0,,,True,False,False,google_play,,False,False,
2019-03_to_2019-07,multi_month,2019-03,2019-07,google_play,platform_parity,15,33,45.455,6.7,73.3,True,False,False,google_play,,False,False,
2019-03_to_2019-07,multi_month,2019-03,2019-07,google_play,pricing_billing,5,33,15.152,0.0,80.0,True,False,False,google_play,,False,False,
2019-03_to_2019-07,multi_month,2019-03,2019-07,google_play,sleep_tracking,4,33,12.121,50.0,50.0,True,False,False,google_play,,False,False,
2019-03_to_2019-07,multi_month,2019-03,2019-07,google_play,sync_connectivity,10,33,30.303,20.0,70.0,True,False,False,google_play,,False,False,
2019-03_to_2019-07,multi_month,2019-03,2019-07,google_play,ui_ux,0,33,0.0,,,True,False,False,google_play,,False,False,
2019-03_to_2019-07,multi_month,2019-03,2019-07,google_play,activity_detection,2,33,6.061,0.0,50.0,True,False,False,google_play,,False,False,
2019-03_to_2019-07,multi_month,2019-03,2019-07,google_play,ai_autonomy,0,33,0.0,,,True,False,False,google_play,,False,False,
2019-03_to_2019-07,multi_month,2019-03,2019-07,google_play,ai_only_support_channel,0,33,0.0,,,True,False,False,google_play,,False,False,
2019-03_to_2019-07,multi_month,2019-03,2019-07,google_play,ai_positive_reception,0,33,0.0,,,True,False,False,google_play,,False,False,
2019-03_to_2019-07,multi_month,2019-03,2019-07,google_play,ai_reliability_bugs,0,33,0.0,,,True,False,False,google_play,,False,False,
2019-03_to_2019-07,multi_month,2019-03,2019-07,google_play,android_feature_gaps,10,33,30.303,10.0,70.0,True,False,False,google_play,,False,False,
2019-03_to_2019-07,multi_month,2019-03,2019-07,google_play,android_specific_bugs,5,33,15.152,0.0,80.0,True,False,False,google_play,,False,False,
2019-03_to_2019-07,multi_month,2019-03,2019-07,google_play,battery_life,1,33,3.03,0.0,0.0,True,False,False,google_play,,False,False,
2019-03_to_2019-07,multi_month,2019-03,2019-07,google_play,billing_disputes,0,33,0.0,,,True,False,False,google_play,,False,False,
2019-03_to_2019-07,multi_month,2019-03,2019-07,google_play,build_quality_perception,0,33,0.0,,,True,False,False,google_play,,False,False,
2019-03_to_2019-07,multi_month,2019-03,2019-07,google_play,cardiac_detection_trust,0,33,0.0,,,True,False,False,google_play,,False,False,
2019-03_to_2019-07,multi_month,2019-03,2019-07,google_play,comfort_fit,1,33,3.03,0.0,0.0,True,False,False,google_play,,False,False,
2019-03_to_2019-07,multi_month,2019-03,2019-07,google_play,crashes_freezes,0,33,0.0,,,True,False,False,google_play,,False,False,
2019-03_to_2019-07,multi_month,2019-03,2019-07,google_play,data_sync_delays,3,33,9.091,33.3,33.3,True,False,False,google_play,,False,False,
2019-03_to_2019-07,multi_month,2019-03,2019-07,google_play,device_rendering_bugs,0,33,0.0,,,True,False,False,google_play,,False,False,
2019-03_to_2019-07,multi_month,2019-03,2019-07,google_play,ecg_bp_feature_reliability,0,33,0.0,,,True,False,False,google_play,,False,False,
2019-03_to_2019-07,multi_month,2019-03,2019-07,google_play,english_jargon_complexity,0,33,0.0,,,True,False,False,google_play,,False,False,
2019-03_to_2019-07,multi_month,2019-03,2019-07,google_play,feature_ui_friction,0,33,0.0,,,True,False,False,google_play,,False,False,
2019-03_to_2019-07,multi_month,2019-03,2019-07,google_play,metric_accuracy,1,33,3.03,0.0,0.0,True,False,False,google_play,,False,False,
2019-03_to_2019-07,multi_month,2019-03,2019-07,google_play,missing_activity_types,0,33,0.0,,,True,False,False,google_play,,False,False,
2019-03_to_2019-07,multi_month,2019-03,2019-07,google_play,missing_language_support,0,33,0.0,,,True,False,False,google_play,,False,False,
2019-03_to_2019-07,multi_month,2019-03,2019-07,google_play,missing_metrics,3,33,9.091,0.0,33.3,True,False,False,google_play,,False,False,
2019-03_to_2019-07,multi_month,2019-03,2019-07,google_play,notification_community_issues,0,33,0.0,,,True,False,False,google_play,,False,False,
2019-03_to_2019-07,multi_month,2019-03,2019-07,google_play,onboarding_pairing,3,33,9.091,33.3,66.7,True,False,False,google_play,,False,False,
2019-03_to_2019-07,multi_month,2019-03,2019-07,google_play,ongoing_disconnects,4,33,12.121,0.0,100.0,True,False,False,google_play,,False,False,
2019-03_to_2019-07,multi_month,2019-03,2019-07,google_play,personalization_use_case_fit,1,33,3.03,0.0,0.0,True,False,False,google_play,,False,False,
2019-03_to_2019-07,multi_month,2019-03,2019-07,google_play,plan_trial_structure,0,33,0.0,,,True,False,False,google_play,,False,False,
2019-03_to_2019-07,multi_month,2019-03,2019-07,google_play,price_value_perception,5,33,15.152,0.0,80.0,True,False,False,google_play,,False,False,
2019-03_to_2019-07,multi_month,2019-03,2019-07,google_play,redesign_regression,0,33,0.0,,,True,False,False,google_play,,False,False,
2019-03_to_2019-07,multi_month,2019-03,2019-07,google_play,sleep_accuracy,3,33,9.091,33.3,66.7,True,False,False,google_play,,False,False,
2019-03_to_2019-07,multi_month,2019-03,2019-07,google_play,sleep_alarm_ui,0,33,0.0,,,True,False,False,google_play,,False,False,
2019-03_to_2019-07,multi_month,2019-03,2019-07,google_play,sleep_satisfaction,1,33,3.03,100.0,0.0,True,False,False,google_play,,False,False,
2019-03_to_2019-07,multi_month,2019-03,2019-07,google_play,strap_clasp_durability,0,33,0.0,,,True,False,False,google_play,,False,False,
2019-03_to_2019-07,multi_month,2019-03,2019-07,google_play,support_resolution_quality,1,33,3.03,0.0,100.0,True,False,False,google_play,,False,False,
2019-03_to_2019-07,multi_month,2019-03,2019-07,google_play,support_responsiveness,1,33,3.03,0.0,100.0,True,False,False,google_play,,False,False,
2019-03_to_2019-07,multi_month,2019-03,2019-07,google_play,support_satisfaction,1,33,3.03,0.0,0.0,True,False,False,google_play,,False,False,
2019-03_to_2019-07,multi_month,2019-03,2019-07,google_play,third_party_integration,2,33,6.061,100.0,0.0,True,False,False,google_play,,False,False,
2019-03_to_2019-07,multi_month,2019-03,2019-07,google_play,update_failures,4,33,12.121,25.0,75.0,True,False,False,google_play,,False,False,
2019-03_to_2019-07,multi_month,2019-03,2019-07,google_play,upsell_pressure,0,33,0.0,,,True,False,False,google_play,,False,False,
2019-08,month,2019-08,2019-08,google_play,ai_coach,0,30,0.0,,,True,False,False,google_play,,False,False,
2019-08,month,2019-08,2019-08,google_play,app_stability,5,30,16.667,20.0,60.0,True,False,False,google_play,,False,False,
2019-08,month,2019-08,2019-08,google_play,customer_support,8,30,26.667,12.5,75.0,True,False,False,google_play,,False,False,
2019-08,month,2019-08,2019-08,google_play,data_accuracy,2,30,6.667,50.0,50.0,True,False,False,google_play,,False,False,
2019-08,month,2019-08,2019-08,google_play,feature_requests,0,30,0.0,,,True,False,False,google_play,,False,False,
2019-08,month,2019-08,2019-08,google_play,hardware_wearability,0,30,0.0,,,True,False,False,google_play,,False,False,
2019-08,month,2019-08,2019-08,google_play,health_signal_reliability,0,30,0.0,,,True,False,False,google_play,,False,False,
2019-08,month,2019-08,2019-08,google_play,localization,0,30,0.0,,,True,False,False,google_play,,False,False,
2019-08,month,2019-08,2019-08,google_play,platform_parity,16,30,53.333,6.2,87.5,True,False,False,google_play,,False,False,
2019-08,month,2019-08,2019-08,google_play,pricing_billing,5,30,16.667,0.0,60.0,True,False,False,google_play,,False,False,
2019-08,month,2019-08,2019-08,google_play,sleep_tracking,7,30,23.333,42.9,42.9,True,False,False,google_play,,False,False,
2019-08,month,2019-08,2019-08,google_play,sync_connectivity,16,30,53.333,12.5,87.5,True,False,False,google_play,,False,False,
2019-08,month,2019-08,2019-08,google_play,ui_ux,0,30,0.0,,,True,False,False,google_play,,False,False,
2019-08,month,2019-08,2019-08,google_play,activity_detection,0,30,0.0,,,True,False,False,google_play,,False,False,
2019-08,month,2019-08,2019-08,google_play,ai_autonomy,0,30,0.0,,,True,False,False,google_play,,False,False,
2019-08,month,2019-08,2019-08,google_play,ai_only_support_channel,0,30,0.0,,,True,False,False,google_play,,False,False,
2019-08,month,2019-08,2019-08,google_play,ai_positive_reception,0,30,0.0,,,True,False,False,google_play,,False,False,
2019-08,month,2019-08,2019-08,google_play,ai_reliability_bugs,0,30,0.0,,,True,False,False,google_play,,False,False,
2019-08,month,2019-08,2019-08,google_play,android_feature_gaps,7,30,23.333,14.3,71.4,True,False,False,google_play,,False,False,
2019-08,month,2019-08,2019-08,google_play,android_specific_bugs,9,30,30.0,0.0,100.0,True,False,False,google_play,,False,False,
2019-08,month,2019-08,2019-08,google_play,battery_life,0,30,0.0,,,True,False,False,google_play,,False,False,
2019-08,month,2019-08,2019-08,google_play,billing_disputes,0,30,0.0,,,True,False,False,google_play,,False,False,
2019-08,month,2019-08,2019-08,google_play,build_quality_perception,0,30,0.0,,,True,False,False,google_play,,False,False,
2019-08,month,2019-08,2019-08,google_play,cardiac_detection_trust,0,30,0.0,,,True,False,False,google_play,,False,False,
2019-08,month,2019-08,2019-08,google_play,comfort_fit,0,30,0.0,,,True,False,False,google_play,,False,False,
2019-08,month,2019-08,2019-08,google_play,crashes_freezes,2,30,6.667,0.0,50.0,True,False,False,google_play,,False,False,
2019-08,month,2019-08,2019-08,google_play,data_sync_delays,4,30,13.333,25.0,75.0,True,False,False,google_play,,False,False,
2019-08,month,2019-08,2019-08,google_play,device_rendering_bugs,0,30,0.0,,,True,False,False,google_play,,False,False,
2019-08,month,2019-08,2019-08,google_play,ecg_bp_feature_reliability,0,30,0.0,,,True,False,False,google_play,,False,False,
2019-08,month,2019-08,2019-08,google_play,english_jargon_complexity,0,30,0.0,,,True,False,False,google_play,,False,False,
2019-08,month,2019-08,2019-08,google_play,feature_ui_friction,0,30,0.0,,,True,False,False,google_play,,False,False,
2019-08,month,2019-08,2019-08,google_play,metric_accuracy,2,30,6.667,50.0,50.0,True,False,False,google_play,,False,False,
2019-08,month,2019-08,2019-08,google_play,missing_activity_types,0,30,0.0,,,True,False,False,google_play,,False,False,
2019-08,month,2019-08,2019-08,google_play,missing_language_support,0,30,0.0,,,True,False,False,google_play,,False,False,
2019-08,month,2019-08,2019-08,google_play,missing_metrics,0,30,0.0,,,True,False,False,google_play,,False,False,
2019-08,month,2019-08,2019-08,google_play,notification_community_issues,0,30,0.0,,,True,False,False,google_play,,False,False,
2019-08,month,2019-08,2019-08,google_play,onboarding_pairing,6,30,20.0,0.0,100.0,True,False,False,google_play,,False,False,
2019-08,month,2019-08,2019-08,google_play,ongoing_disconnects,8,30,26.667,12.5,87.5,True,False,False,google_play,,False,False,
2019-08,month,2019-08,2019-08,google_play,personalization_use_case_fit,0,30,0.0,,,True,False,False,google_play,,False,False,
2019-08,month,2019-08,2019-08,google_play,plan_trial_structure,0,30,0.0,,,True,False,False,google_play,,False,False,
2019-08,month,2019-08,2019-08,google_play,price_value_perception,5,30,16.667,0.0,60.0,True,False,False,google_play,,False,False,
2019-08,month,2019-08,2019-08,google_play,redesign_regression,0,30,0.0,,,True,False,False,google_play,,False,False,
2019-08,month,2019-08,2019-08,google_play,sleep_accuracy,4,30,13.333,0.0,75.0,True,False,False,google_play,,False,False,
2019-08,month,2019-08,2019-08,google_play,sleep_alarm_ui,0,30,0.0,,,True,False,False,google_play,,False,False,
2019-08,month,2019-08,2019-08,google_play,sleep_satisfaction,3,30,10.0,100.0,0.0,True,False,False,google_play,,False,False,
2019-08,month,2019-08,2019-08,google_play,strap_clasp_durability,0,30,0.0,,,True,False,False,google_play,,False,False,
2019-08,month,2019-08,2019-08,google_play,support_resolution_quality,1,30,3.333,0.0,100.0,True,False,False,google_play,,False,False,
2019-08,month,2019-08,2019-08,google_play,support_responsiveness,6,30,20.0,0.0,100.0,True,False,False,google_play,,False,False,
2019-08,month,2019-08,2019-08,google_play,support_satisfaction,2,30,6.667,50.0,0.0,True,False,False,google_play,,False,False,
2019-08,month,2019-08,2019-08,google_play,third_party_integration,0,30,0.0,,,True,False,False,google_play,,False,False,
2019-08,month,2019-08,2019-08,google_play,update_failures,4,30,13.333,25.0,50.0,True,False,False,google_play,,False,False,
2019-08,month,2019-08,2019-08,google_play,upsell_pressure,0,30,0.0,,,True,False,False,google_play,,False,False,
2019-09,month,2019-09,2019-09,google_play,ai_coach,0,35,0.0,,,True,False,False,google_play,,False,False,
2019-09,month,2019-09,2019-09,google_play,app_stability,2,35,5.714,0.0,100.0,True,False,False,google_play,,False,False,
2019-09,month,2019-09,2019-09,google_play,customer_support,9,35,25.714,0.0,100.0,True,False,False,google_play,,False,False,
2019-09,month,2019-09,2019-09,google_play,data_accuracy,2,35,5.714,0.0,50.0,True,False,False,google_play,,False,False,
2019-09,month,2019-09,2019-09,google_play,feature_requests,2,35,5.714,100.0,0.0,True,False,False,google_play,,False,False,
2019-09,month,2019-09,2019-09,google_play,hardware_wearability,5,35,14.286,20.0,60.0,True,False,False,google_play,,False,False,
2019-09,month,2019-09,2019-09,google_play,health_signal_reliability,0,35,0.0,,,True,False,False,google_play,,False,False,
2019-09,month,2019-09,2019-09,google_play,localization,0,35,0.0,,,True,False,False,google_play,,False,False,
2019-09,month,2019-09,2019-09,google_play,platform_parity,19,35,54.286,21.1,68.4,True,False,False,google_play,,False,False,
2019-09,month,2019-09,2019-09,google_play,pricing_billing,10,35,28.571,10.0,90.0,True,False,False,google_play,,False,False,
2019-09,month,2019-09,2019-09,google_play,sleep_tracking,3,35,8.571,33.3,66.7,True,False,False,google_play,,False,False,
2019-09,month,2019-09,2019-09,google_play,sync_connectivity,20,35,57.143,15.0,80.0,True,False,False,google_play,,False,False,
2019-09,month,2019-09,2019-09,google_play,ui_ux,0,35,0.0,,,True,False,False,google_play,,False,False,
2019-09,month,2019-09,2019-09,google_play,activity_detection,0,35,0.0,,,True,False,False,google_play,,False,False,
2019-09,month,2019-09,2019-09,google_play,ai_autonomy,0,35,0.0,,,True,False,False,google_play,,False,False,
2019-09,month,2019-09,2019-09,google_play,ai_only_support_channel,0,35,0.0,,,True,False,False,google_play,,False,False,
2019-09,month,2019-09,2019-09,google_play,ai_positive_reception,0,35,0.0,,,True,False,False,google_play,,False,False,
2019-09,month,2019-09,2019-09,google_play,ai_reliability_bugs,0,35,0.0,,,True,False,False,google_play,,False,False,
2019-09,month,2019-09,2019-09,google_play,android_feature_gaps,11,35,31.429,27.3,54.5,True,False,False,google_play,,False,False,
2019-09,month,2019-09,2019-09,google_play,android_specific_bugs,8,35,22.857,12.5,87.5,True,False,False,google_play,,False,False,
2019-09,month,2019-09,2019-09,google_play,battery_life,1,35,2.857,0.0,0.0,True,False,False,google_play,,False,False,
2019-09,month,2019-09,2019-09,google_play,billing_disputes,2,35,5.714,0.0,100.0,True,False,False,google_play,,False,False,
2019-09,month,2019-09,2019-09,google_play,build_quality_perception,1,35,2.857,0.0,100.0,True,False,False,google_play,,False,False,
2019-09,month,2019-09,2019-09,google_play,cardiac_detection_trust,0,35,0.0,,,True,False,False,google_play,,False,False,
2019-09,month,2019-09,2019-09,google_play,comfort_fit,2,35,5.714,50.0,50.0,True,False,False,google_play,,False,False,
2019-09,month,2019-09,2019-09,google_play,crashes_freezes,1,35,2.857,0.0,100.0,True,False,False,google_play,,False,False,
2019-09,month,2019-09,2019-09,google_play,data_sync_delays,4,35,11.429,0.0,100.0,True,False,False,google_play,,False,False,
2019-09,month,2019-09,2019-09,google_play,device_rendering_bugs,0,35,0.0,,,True,False,False,google_play,,False,False,
2019-09,month,2019-09,2019-09,google_play,ecg_bp_feature_reliability,0,35,0.0,,,True,False,False,google_play,,False,False,
2019-09,month,2019-09,2019-09,google_play,english_jargon_complexity,0,35,0.0,,,True,False,False,google_play,,False,False,
2019-09,month,2019-09,2019-09,google_play,feature_ui_friction,0,35,0.0,,,True,False,False,google_play,,False,False,
2019-09,month,2019-09,2019-09,google_play,metric_accuracy,2,35,5.714,0.0,50.0,True,False,False,google_play,,False,False,
2019-09,month,2019-09,2019-09,google_play,missing_activity_types,1,35,2.857,100.0,0.0,True,False,False,google_play,,False,False,
2019-09,month,2019-09,2019-09,google_play,missing_language_support,0,35,0.0,,,True,False,False,google_play,,False,False,
2019-09,month,2019-09,2019-09,google_play,missing_metrics,1,35,2.857,100.0,0.0,True,False,False,google_play,,False,False,
2019-09,month,2019-09,2019-09,google_play,notification_community_issues,0,35,0.0,,,True,False,False,google_play,,False,False,
2019-09,month,2019-09,2019-09,google_play,onboarding_pairing,9,35,25.714,22.2,66.7,True,False,False,google_play,,False,False,
2019-09,month,2019-09,2019-09,google_play,ongoing_disconnects,11,35,31.429,9.1,90.9,True,False,False,google_play,,False,False,
2019-09,month,2019-09,2019-09,google_play,personalization_use_case_fit,0,35,0.0,,,True,False,False,google_play,,False,False,
2019-09,month,2019-09,2019-09,google_play,plan_trial_structure,0,35,0.0,,,True,False,False,google_play,,False,False,
2019-09,month,2019-09,2019-09,google_play,price_value_perception,10,35,28.571,10.0,90.0,True,False,False,google_play,,False,False,
2019-09,month,2019-09,2019-09,google_play,redesign_regression,0,35,0.0,,,True,False,False,google_play,,False,False,
2019-09,month,2019-09,2019-09,google_play,sleep_accuracy,3,35,8.571,33.3,66.7,True,False,False,google_play,,False,False,
2019-09,month,2019-09,2019-09,google_play,sleep_alarm_ui,0,35,0.0,,,True,False,False,google_play,,False,False,
2019-09,month,2019-09,2019-09,google_play,sleep_satisfaction,0,35,0.0,,,True,False,False,google_play,,False,False,
2019-09,month,2019-09,2019-09,google_play,strap_clasp_durability,1,35,2.857,0.0,100.0,True,False,False,google_play,,False,False,
2019-09,month,2019-09,2019-09,google_play,support_resolution_quality,2,35,5.714,0.0,100.0,True,False,False,google_play,,False,False,
2019-09,month,2019-09,2019-09,google_play,support_responsiveness,7,35,20.0,0.0,100.0,True,False,False,google_play,,False,False,
2019-09,month,2019-09,2019-09,google_play,support_satisfaction,0,35,0.0,,,True,False,False,google_play,,False,False,
2019-09,month,2019-09,2019-09,google_play,third_party_integration,0,35,0.0,,,True,False,False,google_play,,False,False,
2019-09,month,2019-09,2019-09,google_play,update_failures,1,35,2.857,0.0,100.0,True,False,False,google_play,,False,False,
2019-09,month,2019-09,2019-09,google_play,upsell_pressure,0,35,0.0,,,True,False,False,google_play,,False,False,
2019-10,month,2019-10,2019-10,google_play,ai_coach,0,47,0.0,,,True,False,False,google_play,,False,False,
2019-10,month,2019-10,2019-10,google_play,app_stability,6,47,12.766,33.3,50.0,True,False,False,google_play,,False,False,
2019-10,month,2019-10,2019-10,google_play,customer_support,5,47,10.638,40.0,60.0,True,False,False,google_play,,False,False,
2019-10,month,2019-10,2019-10,google_play,data_accuracy,5,47,10.638,20.0,40.0,True,False,False,google_play,,False,False,
2019-10,month,2019-10,2019-10,google_play,feature_requests,1,47,2.128,0.0,0.0,True,False,False,google_play,,False,False,
2019-10,month,2019-10,2019-10,google_play,hardware_wearability,3,47,6.383,66.7,33.3,True,False,False,google_play,,False,False,
2019-10,month,2019-10,2019-10,google_play,health_signal_reliability,0,47,0.0,,,True,False,False,google_play,,False,False,
2019-10,month,2019-10,2019-10,google_play,localization,0,47,0.0,,,True,False,False,google_play,,False,False,
2019-10,month,2019-10,2019-10,google_play,platform_parity,19,47,40.426,31.6,47.4,True,False,False,google_play,,False,False,
2019-10,month,2019-10,2019-10,google_play,pricing_billing,7,47,14.894,0.0,71.4,True,False,False,google_play,,False,False,
2019-10,month,2019-10,2019-10,google_play,sleep_tracking,2,47,4.255,0.0,100.0,True,False,False,google_play,,False,False,
2019-10,month,2019-10,2019-10,google_play,sync_connectivity,23,47,48.936,21.7,69.6,True,False,False,google_play,,False,False,
2019-10,month,2019-10,2019-10,google_play,ui_ux,1,47,2.128,0.0,100.0,True,False,False,google_play,,False,False,
2019-10,month,2019-10,2019-10,google_play,activity_detection,0,47,0.0,,,True,False,False,google_play,,False,False,
2019-10,month,2019-10,2019-10,google_play,ai_autonomy,0,47,0.0,,,True,False,False,google_play,,False,False,
2019-10,month,2019-10,2019-10,google_play,ai_only_support_channel,0,47,0.0,,,True,False,False,google_play,,False,False,
2019-10,month,2019-10,2019-10,google_play,ai_positive_reception,0,47,0.0,,,True,False,False,google_play,,False,False,
2019-10,month,2019-10,2019-10,google_play,ai_reliability_bugs,0,47,0.0,,,True,False,False,google_play,,False,False,
2019-10,month,2019-10,2019-10,google_play,android_feature_gaps,9,47,19.149,55.6,11.1,True,False,False,google_play,,False,False,
2019-10,month,2019-10,2019-10,google_play,android_specific_bugs,10,47,21.277,10.0,80.0,True,False,False,google_play,,False,False,
2019-10,month,2019-10,2019-10,google_play,battery_life,1,47,2.128,100.0,0.0,True,False,False,google_play,,False,False,
2019-10,month,2019-10,2019-10,google_play,billing_disputes,2,47,4.255,0.0,100.0,True,False,False,google_play,,False,False,
2019-10,month,2019-10,2019-10,google_play,build_quality_perception,1,47,2.128,0.0,100.0,True,False,False,google_play,,False,False,
2019-10,month,2019-10,2019-10,google_play,cardiac_detection_trust,0,47,0.0,,,True,False,False,google_play,,False,False,
2019-10,month,2019-10,2019-10,google_play,comfort_fit,1,47,2.128,100.0,0.0,True,False,False,google_play,,False,False,
2019-10,month,2019-10,2019-10,google_play,crashes_freezes,5,47,10.638,40.0,40.0,True,False,False,google_play,,False,False,
2019-10,month,2019-10,2019-10,google_play,data_sync_delays,2,47,4.255,0.0,100.0,True,False,False,google_play,,False,False,
2019-10,month,2019-10,2019-10,google_play,device_rendering_bugs,0,47,0.0,,,True,False,False,google_play,,False,False,
2019-10,month,2019-10,2019-10,google_play,ecg_bp_feature_reliability,0,47,0.0,,,True,False,False,google_play,,False,False,
2019-10,month,2019-10,2019-10,google_play,english_jargon_complexity,0,47,0.0,,,True,False,False,google_play,,False,False,
2019-10,month,2019-10,2019-10,google_play,feature_ui_friction,0,47,0.0,,,True,False,False,google_play,,False,False,
2019-10,month,2019-10,2019-10,google_play,metric_accuracy,5,47,10.638,20.0,40.0,True,False,False,google_play,,False,False,
2019-10,month,2019-10,2019-10,google_play,missing_activity_types,0,47,0.0,,,True,False,False,google_play,,False,False,
2019-10,month,2019-10,2019-10,google_play,missing_language_support,0,47,0.0,,,True,False,False,google_play,,False,False,
2019-10,month,2019-10,2019-10,google_play,missing_metrics,1,47,2.128,0.0,0.0,True,False,False,google_play,,False,False,
2019-10,month,2019-10,2019-10,google_play,notification_community_issues,0,47,0.0,,,True,False,False,google_play,,False,False,
2019-10,month,2019-10,2019-10,google_play,onboarding_pairing,16,47,34.043,25.0,62.5,True,False,False,google_play,,False,False,
2019-10,month,2019-10,2019-10,google_play,ongoing_disconnects,7,47,14.894,14.3,85.7,True,False,False,google_play,,False,False,
2019-10,month,2019-10,2019-10,google_play,personalization_use_case_fit,0,47,0.0,,,True,False,False,google_play,,False,False,
2019-10,month,2019-10,2019-10,google_play,plan_trial_structure,0,47,0.0,,,True,False,False,google_play,,False,False,
2019-10,month,2019-10,2019-10,google_play,price_value_perception,6,47,12.766,0.0,66.7,True,False,False,google_play,,False,False,
2019-10,month,2019-10,2019-10,google_play,redesign_regression,1,47,2.128,0.0,100.0,True,False,False,google_play,,False,False,
2019-10,month,2019-10,2019-10,google_play,sleep_accuracy,2,47,4.255,0.0,100.0,True,False,False,google_play,,False,False,
2019-10,month,2019-10,2019-10,google_play,sleep_alarm_ui,0,47,0.0,,,True,False,False,google_play,,False,False,
2019-10,month,2019-10,2019-10,google_play,sleep_satisfaction,0,47,0.0,,,True,False,False,google_play,,False,False,
2019-10,month,2019-10,2019-10,google_play,strap_clasp_durability,0,47,0.0,,,True,False,False,google_play,,False,False,
2019-10,month,2019-10,2019-10,google_play,support_resolution_quality,1,47,2.128,0.0,100.0,True,False,False,google_play,,False,False,
2019-10,month,2019-10,2019-10,google_play,support_responsiveness,2,47,4.255,0.0,100.0,True,False,False,google_play,,False,False,
2019-10,month,2019-10,2019-10,google_play,support_satisfaction,2,47,4.255,100.0,0.0,True,False,False,google_play,,False,False,
2019-10,month,2019-10,2019-10,google_play,third_party_integration,0,47,0.0,,,True,False,False,google_play,,False,False,
2019-10,month,2019-10,2019-10,google_play,update_failures,2,47,4.255,50.0,50.0,True,False,False,google_play,,False,False,
2019-10,month,2019-10,2019-10,google_play,upsell_pressure,0,47,0.0,,,True,False,False,google_play,,False,False,
2019-11,month,2019-11,2019-11,google_play,ai_coach,0,34,0.0,,,True,False,False,google_play,,False,False,
2019-11,month,2019-11,2019-11,google_play,app_stability,5,34,14.706,20.0,60.0,True,False,False,google_play,,False,False,
2019-11,month,2019-11,2019-11,google_play,customer_support,4,34,11.765,25.0,50.0,True,False,False,google_play,,False,False,
2019-11,month,2019-11,2019-11,google_play,data_accuracy,3,34,8.824,0.0,100.0,True,False,False,google_play,,False,False,
2019-11,month,2019-11,2019-11,google_play,feature_requests,3,34,8.824,100.0,0.0,True,False,False,google_play,,False,False,
2019-11,month,2019-11,2019-11,google_play,hardware_wearability,3,34,8.824,0.0,66.7,True,False,False,google_play,,False,False,
2019-11,month,2019-11,2019-11,google_play,health_signal_reliability,0,34,0.0,,,True,False,False,google_play,,False,False,
2019-11,month,2019-11,2019-11,google_play,localization,0,34,0.0,,,True,False,False,google_play,,False,False,
2019-11,month,2019-11,2019-11,google_play,platform_parity,9,34,26.471,22.2,66.7,True,False,False,google_play,,False,False,
2019-11,month,2019-11,2019-11,google_play,pricing_billing,8,34,23.529,25.0,62.5,True,False,False,google_play,,False,False,
2019-11,month,2019-11,2019-11,google_play,sleep_tracking,5,34,14.706,40.0,60.0,True,False,False,google_play,,False,False,
2019-11,month,2019-11,2019-11,google_play,sync_connectivity,18,34,52.941,22.2,66.7,True,False,False,google_play,,False,False,
2019-11,month,2019-11,2019-11,google_play,ui_ux,0,34,0.0,,,True,False,False,google_play,,False,False,
2019-11,month,2019-11,2019-11,google_play,activity_detection,0,34,0.0,,,True,False,False,google_play,,False,False,
2019-11,month,2019-11,2019-11,google_play,ai_autonomy,0,34,0.0,,,True,False,False,google_play,,False,False,
2019-11,month,2019-11,2019-11,google_play,ai_only_support_channel,0,34,0.0,,,True,False,False,google_play,,False,False,
2019-11,month,2019-11,2019-11,google_play,ai_positive_reception,0,34,0.0,,,True,False,False,google_play,,False,False,
2019-11,month,2019-11,2019-11,google_play,ai_reliability_bugs,0,34,0.0,,,True,False,False,google_play,,False,False,
2019-11,month,2019-11,2019-11,google_play,android_feature_gaps,5,34,14.706,40.0,40.0,True,False,False,google_play,,False,False,
2019-11,month,2019-11,2019-11,google_play,android_specific_bugs,4,34,11.765,0.0,100.0,True,False,False,google_play,,False,False,
2019-11,month,2019-11,2019-11,google_play,battery_life,1,34,2.941,0.0,0.0,True,False,False,google_play,,False,False,
2019-11,month,2019-11,2019-11,google_play,billing_disputes,2,34,5.882,0.0,100.0,True,False,False,google_play,,False,False,
2019-11,month,2019-11,2019-11,google_play,build_quality_perception,1,34,2.941,0.0,100.0,True,False,False,google_play,,False,False,
2019-11,month,2019-11,2019-11,google_play,cardiac_detection_trust,0,34,0.0,,,True,False,False,google_play,,False,False,
2019-11,month,2019-11,2019-11,google_play,comfort_fit,0,34,0.0,,,True,False,False,google_play,,False,False,
2019-11,month,2019-11,2019-11,google_play,crashes_freezes,2,34,5.882,0.0,50.0,True,False,False,google_play,,False,False,
2019-11,month,2019-11,2019-11,google_play,data_sync_delays,5,34,14.706,20.0,80.0,True,False,False,google_play,,False,False,
2019-11,month,2019-11,2019-11,google_play,device_rendering_bugs,0,34,0.0,,,True,False,False,google_play,,False,False,
2019-11,month,2019-11,2019-11,google_play,ecg_bp_feature_reliability,0,34,0.0,,,True,False,False,google_play,,False,False,
2019-11,month,2019-11,2019-11,google_play,english_jargon_complexity,0,34,0.0,,,True,False,False,google_play,,False,False,
2019-11,month,2019-11,2019-11,google_play,feature_ui_friction,0,34,0.0,,,True,False,False,google_play,,False,False,
2019-11,month,2019-11,2019-11,google_play,metric_accuracy,3,34,8.824,0.0,100.0,True,False,False,google_play,,False,False,
2019-11,month,2019-11,2019-11,google_play,missing_activity_types,0,34,0.0,,,True,False,False,google_play,,False,False,
2019-11,month,2019-11,2019-11,google_play,missing_language_support,0,34,0.0,,,True,False,False,google_play,,False,False,
2019-11,month,2019-11,2019-11,google_play,missing_metrics,3,34,8.824,100.0,0.0,True,False,False,google_play,,False,False,
2019-11,month,2019-11,2019-11,google_play,notification_community_issues,0,34,0.0,,,True,False,False,google_play,,False,False,
2019-11,month,2019-11,2019-11,google_play,onboarding_pairing,8,34,23.529,25.0,75.0,True,False,False,google_play,,False,False,
2019-11,month,2019-11,2019-11,google_play,ongoing_disconnects,7,34,20.588,14.3,57.1,True,False,False,google_play,,False,False,
2019-11,month,2019-11,2019-11,google_play,personalization_use_case_fit,0,34,0.0,,,True,False,False,google_play,,False,False,
2019-11,month,2019-11,2019-11,google_play,plan_trial_structure,0,34,0.0,,,True,False,False,google_play,,False,False,
2019-11,month,2019-11,2019-11,google_play,price_value_perception,6,34,17.647,33.3,50.0,True,False,False,google_play,,False,False,
2019-11,month,2019-11,2019-11,google_play,redesign_regression,0,34,0.0,,,True,False,False,google_play,,False,False,
2019-11,month,2019-11,2019-11,google_play,sleep_accuracy,4,34,11.765,25.0,75.0,True,False,False,google_play,,False,False,
2019-11,month,2019-11,2019-11,google_play,sleep_alarm_ui,0,34,0.0,,,True,False,False,google_play,,False,False,
2019-11,month,2019-11,2019-11,google_play,sleep_satisfaction,1,34,2.941,100.0,0.0,True,False,False,google_play,,False,False,
2019-11,month,2019-11,2019-11,google_play,strap_clasp_durability,1,34,2.941,0.0,100.0,True,False,False,google_play,,False,False,
2019-11,month,2019-11,2019-11,google_play,support_resolution_quality,1,34,2.941,0.0,100.0,True,False,False,google_play,,False,False,
2019-11,month,2019-11,2019-11,google_play,support_responsiveness,1,34,2.941,0.0,100.0,True,False,False,google_play,,False,False,
2019-11,month,2019-11,2019-11,google_play,support_satisfaction,2,34,5.882,50.0,0.0,True,False,False,google_play,,False,False,
2019-11,month,2019-11,2019-11,google_play,third_party_integration,0,34,0.0,,,True,False,False,google_play,,False,False,
2019-11,month,2019-11,2019-11,google_play,update_failures,3,34,8.824,33.3,66.7,True,False,False,google_play,,False,False,
2019-11,month,2019-11,2019-11,google_play,upsell_pressure,0,34,0.0,,,True,False,False,google_play,,False,False,
2019-12_to_2020-01,multi_month,2019-12,2020-01,google_play,ai_coach,0,40,0.0,,,True,False,False,google_play,,False,False,
2019-12_to_2020-01,multi_month,2019-12,2020-01,google_play,app_stability,6,40,15.0,33.3,16.7,True,False,False,google_play,,False,False,
2019-12_to_2020-01,multi_month,2019-12,2020-01,google_play,customer_support,2,40,5.0,50.0,50.0,True,False,False,google_play,,False,False,
2019-12_to_2020-01,multi_month,2019-12,2020-01,google_play,data_accuracy,4,40,10.0,25.0,75.0,True,False,False,google_play,,False,False,
2019-12_to_2020-01,multi_month,2019-12,2020-01,google_play,feature_requests,3,40,7.5,33.3,0.0,True,False,False,google_play,,False,False,
2019-12_to_2020-01,multi_month,2019-12,2020-01,google_play,hardware_wearability,1,40,2.5,0.0,100.0,True,False,False,google_play,,False,False,
2019-12_to_2020-01,multi_month,2019-12,2020-01,google_play,health_signal_reliability,0,40,0.0,,,True,False,False,google_play,,False,False,
2019-12_to_2020-01,multi_month,2019-12,2020-01,google_play,localization,0,40,0.0,,,True,False,False,google_play,,False,False,
2019-12_to_2020-01,multi_month,2019-12,2020-01,google_play,platform_parity,9,40,22.5,44.4,22.2,True,False,False,google_play,,False,False,
2019-12_to_2020-01,multi_month,2019-12,2020-01,google_play,pricing_billing,4,40,10.0,0.0,75.0,True,False,False,google_play,,False,False,
2019-12_to_2020-01,multi_month,2019-12,2020-01,google_play,sleep_tracking,9,40,22.5,22.2,55.6,True,False,False,google_play,,False,False,
2019-12_to_2020-01,multi_month,2019-12,2020-01,google_play,sync_connectivity,12,40,30.0,8.3,50.0,True,False,False,google_play,,False,False,
2019-12_to_2020-01,multi_month,2019-12,2020-01,google_play,ui_ux,0,40,0.0,,,True,False,False,google_play,,False,False,
2019-12_to_2020-01,multi_month,2019-12,2020-01,google_play,activity_detection,2,40,5.0,0.0,100.0,True,False,False,google_play,,False,False,
2019-12_to_2020-01,multi_month,2019-12,2020-01,google_play,ai_autonomy,0,40,0.0,,,True,False,False,google_play,,False,False,
2019-12_to_2020-01,multi_month,2019-12,2020-01,google_play,ai_only_support_channel,0,40,0.0,,,True,False,False,google_play,,False,False,
2019-12_to_2020-01,multi_month,2019-12,2020-01,google_play,ai_positive_reception,0,40,0.0,,,True,False,False,google_play,,False,False,
2019-12_to_2020-01,multi_month,2019-12,2020-01,google_play,ai_reliability_bugs,0,40,0.0,,,True,False,False,google_play,,False,False,
2019-12_to_2020-01,multi_month,2019-12,2020-01,google_play,android_feature_gaps,8,40,20.0,50.0,25.0,True,False,False,google_play,,False,False,
2019-12_to_2020-01,multi_month,2019-12,2020-01,google_play,android_specific_bugs,1,40,2.5,0.0,0.0,True,False,False,google_play,,False,False,
2019-12_to_2020-01,multi_month,2019-12,2020-01,google_play,battery_life,0,40,0.0,,,True,False,False,google_play,,False,False,
2019-12_to_2020-01,multi_month,2019-12,2020-01,google_play,billing_disputes,1,40,2.5,0.0,100.0,True,False,False,google_play,,False,False,
2019-12_to_2020-01,multi_month,2019-12,2020-01,google_play,build_quality_perception,0,40,0.0,,,True,False,False,google_play,,False,False,
2019-12_to_2020-01,multi_month,2019-12,2020-01,google_play,cardiac_detection_trust,0,40,0.0,,,True,False,False,google_play,,False,False,
2019-12_to_2020-01,multi_month,2019-12,2020-01,google_play,comfort_fit,0,40,0.0,,,True,False,False,google_play,,False,False,
2019-12_to_2020-01,multi_month,2019-12,2020-01,google_play,crashes_freezes,4,40,10.0,25.0,25.0,True,False,False,google_play,,False,False,
2019-12_to_2020-01,multi_month,2019-12,2020-01,google_play,data_sync_delays,6,40,15.0,0.0,50.0,True,False,False,google_play,,False,False,
2019-12_to_2020-01,multi_month,2019-12,2020-01,google_play,device_rendering_bugs,0,40,0.0,,,True,False,False,google_play,,False,False,
2019-12_to_2020-01,multi_month,2019-12,2020-01,google_play,ecg_bp_feature_reliability,0,40,0.0,,,True,False,False,google_play,,False,False,
2019-12_to_2020-01,multi_month,2019-12,2020-01,google_play,english_jargon_complexity,0,40,0.0,,,True,False,False,google_play,,False,False,
2019-12_to_2020-01,multi_month,2019-12,2020-01,google_play,feature_ui_friction,0,40,0.0,,,True,False,False,google_play,,False,False,
2019-12_to_2020-01,multi_month,2019-12,2020-01,google_play,metric_accuracy,2,40,5.0,50.0,50.0,True,False,False,google_play,,False,False,
2019-12_to_2020-01,multi_month,2019-12,2020-01,google_play,missing_activity_types,0,40,0.0,,,True,False,False,google_play,,False,False,
2019-12_to_2020-01,multi_month,2019-12,2020-01,google_play,missing_language_support,0,40,0.0,,,True,False,False,google_play,,False,False,
2019-12_to_2020-01,multi_month,2019-12,2020-01,google_play,missing_metrics,2,40,5.0,50.0,0.0,True,False,False,google_play,,False,False,
2019-12_to_2020-01,multi_month,2019-12,2020-01,google_play,notification_community_issues,0,40,0.0,,,True,False,False,google_play,,False,False,
2019-12_to_2020-01,multi_month,2019-12,2020-01,google_play,onboarding_pairing,2,40,5.0,50.0,0.0,True,False,False,google_play,,False,False,
2019-12_to_2020-01,multi_month,2019-12,2020-01,google_play,ongoing_disconnects,8,40,20.0,0.0,62.5,True,False,False,google_play,,False,False,
2019-12_to_2020-01,multi_month,2019-12,2020-01,google_play,personalization_use_case_fit,1,40,2.5,0.0,0.0,True,False,False,google_play,,False,False,
2019-12_to_2020-01,multi_month,2019-12,2020-01,google_play,plan_trial_structure,0,40,0.0,,,True,False,False,google_play,,False,False,
2019-12_to_2020-01,multi_month,2019-12,2020-01,google_play,price_value_perception,3,40,7.5,0.0,66.7,True,False,False,google_play,,False,False,
2019-12_to_2020-01,multi_month,2019-12,2020-01,google_play,redesign_regression,0,40,0.0,,,True,False,False,google_play,,False,False,
2019-12_to_2020-01,multi_month,2019-12,2020-01,google_play,sleep_accuracy,7,40,17.5,0.0,71.4,True,False,False,google_play,,False,False,
2019-12_to_2020-01,multi_month,2019-12,2020-01,google_play,sleep_alarm_ui,0,40,0.0,,,True,False,False,google_play,,False,False,
2019-12_to_2020-01,multi_month,2019-12,2020-01,google_play,sleep_satisfaction,2,40,5.0,100.0,0.0,True,False,False,google_play,,False,False,
2019-12_to_2020-01,multi_month,2019-12,2020-01,google_play,strap_clasp_durability,1,40,2.5,0.0,100.0,True,False,False,google_play,,False,False,
2019-12_to_2020-01,multi_month,2019-12,2020-01,google_play,support_resolution_quality,1,40,2.5,0.0,100.0,True,False,False,google_play,,False,False,
2019-12_to_2020-01,multi_month,2019-12,2020-01,google_play,support_responsiveness,0,40,0.0,,,True,False,False,google_play,,False,False,
2019-12_to_2020-01,multi_month,2019-12,2020-01,google_play,support_satisfaction,1,40,2.5,100.0,0.0,True,False,False,google_play,,False,False,
2019-12_to_2020-01,multi_month,2019-12,2020-01,google_play,third_party_integration,0,40,0.0,,,True,False,False,google_play,,False,False,
2019-12_to_2020-01,multi_month,2019-12,2020-01,google_play,update_failures,2,40,5.0,50.0,0.0,True,False,False,google_play,,False,False,
2019-12_to_2020-01,multi_month,2019-12,2020-01,google_play,upsell_pressure,0,40,0.0,,,True,False,False,google_play,,False,False,
2020-02_to_2020-03,multi_month,2020-02,2020-03,google_play,ai_coach,0,81,0.0,,,True,False,False,google_play,,False,False,
2020-02_to_2020-03,multi_month,2020-02,2020-03,google_play,app_stability,29,81,35.802,34.5,44.8,True,False,False,google_play,,False,False,
2020-02_to_2020-03,multi_month,2020-02,2020-03,google_play,customer_support,14,81,17.284,64.3,35.7,True,False,False,google_play,,False,False,
2020-02_to_2020-03,multi_month,2020-02,2020-03,google_play,data_accuracy,2,81,2.469,100.0,0.0,True,False,False,google_play,,False,False,
2020-02_to_2020-03,multi_month,2020-02,2020-03,google_play,feature_requests,7,81,8.642,42.9,42.9,True,False,False,google_play,,False,False,
2020-02_to_2020-03,multi_month,2020-02,2020-03,google_play,hardware_wearability,3,81,3.704,33.3,66.7,True,False,False,google_play,,False,False,
2020-02_to_2020-03,multi_month,2020-02,2020-03,google_play,health_signal_reliability,1,81,1.235,100.0,0.0,True,False,False,google_play,,False,False,
2020-02_to_2020-03,multi_month,2020-02,2020-03,google_play,localization,0,81,0.0,,,True,False,False,google_play,,False,False,
2020-02_to_2020-03,multi_month,2020-02,2020-03,google_play,platform_parity,16,81,19.753,68.8,18.8,True,False,False,google_play,,False,False,
2020-02_to_2020-03,multi_month,2020-02,2020-03,google_play,pricing_billing,5,81,6.173,20.0,80.0,True,False,False,google_play,,False,False,
2020-02_to_2020-03,multi_month,2020-02,2020-03,google_play,sleep_tracking,10,81,12.346,90.0,10.0,True,False,False,google_play,,False,False,
2020-02_to_2020-03,multi_month,2020-02,2020-03,google_play,sync_connectivity,16,81,19.753,31.2,50.0,True,False,False,google_play,,False,False,
2020-02_to_2020-03,multi_month,2020-02,2020-03,google_play,ui_ux,4,81,4.938,50.0,50.0,True,False,False,google_play,,False,False,
2020-02_to_2020-03,multi_month,2020-02,2020-03,google_play,activity_detection,0,81,0.0,,,True,False,False,google_play,,False,False,
2020-02_to_2020-03,multi_month,2020-02,2020-03,google_play,ai_autonomy,0,81,0.0,,,True,False,False,google_play,,False,False,
2020-02_to_2020-03,multi_month,2020-02,2020-03,google_play,ai_only_support_channel,0,81,0.0,,,True,False,False,google_play,,False,False,
2020-02_to_2020-03,multi_month,2020-02,2020-03,google_play,ai_positive_reception,0,81,0.0,,,True,False,False,google_play,,False,False,
2020-02_to_2020-03,multi_month,2020-02,2020-03,google_play,ai_reliability_bugs,0,81,0.0,,,True,False,False,google_play,,False,False,
2020-02_to_2020-03,multi_month,2020-02,2020-03,google_play,android_feature_gaps,13,81,16.049,69.2,15.4,True,False,False,google_play,,False,False,
2020-02_to_2020-03,multi_month,2020-02,2020-03,google_play,android_specific_bugs,4,81,4.938,50.0,25.0,True,False,False,google_play,,False,False,
2020-02_to_2020-03,multi_month,2020-02,2020-03,google_play,battery_life,1,81,1.235,100.0,0.0,True,False,False,google_play,,False,False,
2020-02_to_2020-03,multi_month,2020-02,2020-03,google_play,billing_disputes,1,81,1.235,0.0,100.0,True,False,False,google_play,,False,False,
2020-02_to_2020-03,multi_month,2020-02,2020-03,google_play,build_quality_perception,2,81,2.469,0.0,100.0,True,False,False,google_play,,False,False,
2020-02_to_2020-03,multi_month,2020-02,2020-03,google_play,cardiac_detection_trust,1,81,1.235,100.0,0.0,True,False,False,google_play,,False,False,
2020-02_to_2020-03,multi_month,2020-02,2020-03,google_play,comfort_fit,0,81,0.0,,,True,False,False,google_play,,False,False,
2020-02_to_2020-03,multi_month,2020-02,2020-03,google_play,crashes_freezes,26,81,32.099,34.6,42.3,True,False,False,google_play,,False,False,
2020-02_to_2020-03,multi_month,2020-02,2020-03,google_play,data_sync_delays,4,81,4.938,0.0,50.0,True,False,False,google_play,,False,False,
2020-02_to_2020-03,multi_month,2020-02,2020-03,google_play,device_rendering_bugs,0,81,0.0,,,True,False,False,google_play,,False,False,
2020-02_to_2020-03,multi_month,2020-02,2020-03,google_play,ecg_bp_feature_reliability,0,81,0.0,,,True,False,False,google_play,,False,False,
2020-02_to_2020-03,multi_month,2020-02,2020-03,google_play,english_jargon_complexity,0,81,0.0,,,True,False,False,google_play,,False,False,
2020-02_to_2020-03,multi_month,2020-02,2020-03,google_play,feature_ui_friction,2,81,2.469,50.0,50.0,True,False,False,google_play,,False,False,
2020-02_to_2020-03,multi_month,2020-02,2020-03,google_play,metric_accuracy,2,81,2.469,100.0,0.0,True,False,False,google_play,,False,False,
2020-02_to_2020-03,multi_month,2020-02,2020-03,google_play,missing_activity_types,0,81,0.0,,,True,False,False,google_play,,False,False,
2020-02_to_2020-03,multi_month,2020-02,2020-03,google_play,missing_language_support,0,81,0.0,,,True,False,False,google_play,,False,False,
2020-02_to_2020-03,multi_month,2020-02,2020-03,google_play,missing_metrics,4,81,4.938,50.0,25.0,True,False,False,google_play,,False,False,
2020-02_to_2020-03,multi_month,2020-02,2020-03,google_play,notification_community_issues,0,81,0.0,,,True,False,False,google_play,,False,False,
2020-02_to_2020-03,multi_month,2020-02,2020-03,google_play,onboarding_pairing,3,81,3.704,33.3,66.7,True,False,False,google_play,,False,False,
2020-02_to_2020-03,multi_month,2020-02,2020-03,google_play,ongoing_disconnects,10,81,12.346,40.0,40.0,True,False,False,google_play,,False,False,
2020-02_to_2020-03,multi_month,2020-02,2020-03,google_play,personalization_use_case_fit,3,81,3.704,33.3,66.7,True,False,False,google_play,,False,False,
2020-02_to_2020-03,multi_month,2020-02,2020-03,google_play,plan_trial_structure,0,81,0.0,,,True,False,False,google_play,,False,False,
2020-02_to_2020-03,multi_month,2020-02,2020-03,google_play,price_value_perception,5,81,6.173,20.0,80.0,True,False,False,google_play,,False,False,
2020-02_to_2020-03,multi_month,2020-02,2020-03,google_play,redesign_regression,2,81,2.469,50.0,50.0,True,False,False,google_play,,False,False,
2020-02_to_2020-03,multi_month,2020-02,2020-03,google_play,sleep_accuracy,2,81,2.469,50.0,50.0,True,False,False,google_play,,False,False,
2020-02_to_2020-03,multi_month,2020-02,2020-03,google_play,sleep_alarm_ui,0,81,0.0,,,True,False,False,google_play,,False,False,
2020-02_to_2020-03,multi_month,2020-02,2020-03,google_play,sleep_satisfaction,8,81,9.877,100.0,0.0,True,False,False,google_play,,False,False,
2020-02_to_2020-03,multi_month,2020-02,2020-03,google_play,strap_clasp_durability,0,81,0.0,,,True,False,False,google_play,,False,False,
2020-02_to_2020-03,multi_month,2020-02,2020-03,google_play,support_resolution_quality,2,81,2.469,0.0,100.0,True,False,False,google_play,,False,False,
2020-02_to_2020-03,multi_month,2020-02,2020-03,google_play,support_responsiveness,3,81,3.704,0.0,100.0,True,False,False,google_play,,False,False,
2020-02_to_2020-03,multi_month,2020-02,2020-03,google_play,support_satisfaction,9,81,11.111,100.0,0.0,True,False,False,google_play,,False,False,
2020-02_to_2020-03,multi_month,2020-02,2020-03,google_play,third_party_integration,0,81,0.0,,,True,False,False,google_play,,False,False,
2020-02_to_2020-03,multi_month,2020-02,2020-03,google_play,update_failures,13,81,16.049,38.5,46.2,True,False,False,google_play,,False,False,
2020-02_to_2020-03,multi_month,2020-02,2020-03,google_play,upsell_pressure,0,81,0.0,,,True,False,False,google_play,,False,False,
2020-04_to_2020-05,multi_month,2020-04,2020-05,google_play,ai_coach,0,33,0.0,,,True,False,False,google_play,,False,False,
2020-04_to_2020-05,multi_month,2020-04,2020-05,google_play,app_stability,6,33,18.182,50.0,50.0,True,False,False,google_play,,False,False,
2020-04_to_2020-05,multi_month,2020-04,2020-05,google_play,customer_support,2,33,6.061,0.0,100.0,True,False,False,google_play,,False,False,
2020-04_to_2020-05,multi_month,2020-04,2020-05,google_play,data_accuracy,3,33,9.091,0.0,33.3,True,False,False,google_play,,False,False,
2020-04_to_2020-05,multi_month,2020-04,2020-05,google_play,feature_requests,8,33,24.242,62.5,0.0,True,False,False,google_play,,False,False,
2020-04_to_2020-05,multi_month,2020-04,2020-05,google_play,hardware_wearability,1,33,3.03,100.0,0.0,True,False,False,google_play,,False,False,
2020-04_to_2020-05,multi_month,2020-04,2020-05,google_play,health_signal_reliability,0,33,0.0,,,True,False,False,google_play,,False,False,
2020-04_to_2020-05,multi_month,2020-04,2020-05,google_play,localization,0,33,0.0,,,True,False,False,google_play,,False,False,
2020-04_to_2020-05,multi_month,2020-04,2020-05,google_play,platform_parity,2,33,6.061,0.0,50.0,True,False,False,google_play,,False,False,
2020-04_to_2020-05,multi_month,2020-04,2020-05,google_play,pricing_billing,5,33,15.152,20.0,60.0,True,False,False,google_play,,False,False,
2020-04_to_2020-05,multi_month,2020-04,2020-05,google_play,sleep_tracking,9,33,27.273,44.4,33.3,True,False,False,google_play,,False,False,
2020-04_to_2020-05,multi_month,2020-04,2020-05,google_play,sync_connectivity,8,33,24.242,12.5,87.5,True,False,False,google_play,,False,False,
2020-04_to_2020-05,multi_month,2020-04,2020-05,google_play,ui_ux,6,33,18.182,50.0,16.7,True,False,False,google_play,,False,False,
2020-04_to_2020-05,multi_month,2020-04,2020-05,google_play,activity_detection,1,33,3.03,0.0,0.0,True,False,False,google_play,,False,False,
2020-04_to_2020-05,multi_month,2020-04,2020-05,google_play,ai_autonomy,0,33,0.0,,,True,False,False,google_play,,False,False,
2020-04_to_2020-05,multi_month,2020-04,2020-05,google_play,ai_only_support_channel,1,33,3.03,0.0,100.0,True,False,False,google_play,,False,False,
2020-04_to_2020-05,multi_month,2020-04,2020-05,google_play,ai_positive_reception,0,33,0.0,,,True,False,False,google_play,,False,False,
2020-04_to_2020-05,multi_month,2020-04,2020-05,google_play,ai_reliability_bugs,0,33,0.0,,,True,False,False,google_play,,False,False,
2020-04_to_2020-05,multi_month,2020-04,2020-05,google_play,android_feature_gaps,2,33,6.061,0.0,50.0,True,False,False,google_play,,False,False,
2020-04_to_2020-05,multi_month,2020-04,2020-05,google_play,android_specific_bugs,0,33,0.0,,,True,False,False,google_play,,False,False,
2020-04_to_2020-05,multi_month,2020-04,2020-05,google_play,battery_life,0,33,0.0,,,True,False,False,google_play,,False,False,
2020-04_to_2020-05,multi_month,2020-04,2020-05,google_play,billing_disputes,1,33,3.03,0.0,100.0,True,False,False,google_play,,False,False,
2020-04_to_2020-05,multi_month,2020-04,2020-05,google_play,build_quality_perception,0,33,0.0,,,True,False,False,google_play,,False,False,
2020-04_to_2020-05,multi_month,2020-04,2020-05,google_play,cardiac_detection_trust,0,33,0.0,,,True,False,False,google_play,,False,False,
2020-04_to_2020-05,multi_month,2020-04,2020-05,google_play,comfort_fit,0,33,0.0,,,True,False,False,google_play,,False,False,
2020-04_to_2020-05,multi_month,2020-04,2020-05,google_play,crashes_freezes,4,33,12.121,25.0,75.0,True,False,False,google_play,,False,False,
2020-04_to_2020-05,multi_month,2020-04,2020-05,google_play,data_sync_delays,4,33,12.121,25.0,75.0,True,False,False,google_play,,False,False,
2020-04_to_2020-05,multi_month,2020-04,2020-05,google_play,device_rendering_bugs,0,33,0.0,,,True,False,False,google_play,,False,False,
2020-04_to_2020-05,multi_month,2020-04,2020-05,google_play,ecg_bp_feature_reliability,0,33,0.0,,,True,False,False,google_play,,False,False,
2020-04_to_2020-05,multi_month,2020-04,2020-05,google_play,english_jargon_complexity,0,33,0.0,,,True,False,False,google_play,,False,False,
2020-04_to_2020-05,multi_month,2020-04,2020-05,google_play,feature_ui_friction,3,33,9.091,66.7,0.0,True,False,False,google_play,,False,False,
2020-04_to_2020-05,multi_month,2020-04,2020-05,google_play,metric_accuracy,3,33,9.091,0.0,33.3,True,False,False,google_play,,False,False,
2020-04_to_2020-05,multi_month,2020-04,2020-05,google_play,missing_activity_types,1,33,3.03,100.0,0.0,True,False,False,google_play,,False,False,
2020-04_to_2020-05,multi_month,2020-04,2020-05,google_play,missing_language_support,0,33,0.0,,,True,False,False,google_play,,False,False,
2020-04_to_2020-05,multi_month,2020-04,2020-05,google_play,missing_metrics,6,33,18.182,66.7,0.0,True,False,False,google_play,,False,False,
2020-04_to_2020-05,multi_month,2020-04,2020-05,google_play,notification_community_issues,0,33,0.0,,,True,False,False,google_play,,False,False,
2020-04_to_2020-05,multi_month,2020-04,2020-05,google_play,onboarding_pairing,2,33,6.061,0.0,100.0,True,False,False,google_play,,False,False,
2020-04_to_2020-05,multi_month,2020-04,2020-05,google_play,ongoing_disconnects,3,33,9.091,0.0,100.0,True,False,False,google_play,,False,False,
2020-04_to_2020-05,multi_month,2020-04,2020-05,google_play,personalization_use_case_fit,0,33,0.0,,,True,False,False,google_play,,False,False,
2020-04_to_2020-05,multi_month,2020-04,2020-05,google_play,plan_trial_structure,0,33,0.0,,,True,False,False,google_play,,False,False,
2020-04_to_2020-05,multi_month,2020-04,2020-05,google_play,price_value_perception,4,33,12.121,25.0,50.0,True,False,False,google_play,,False,False,
2020-04_to_2020-05,multi_month,2020-04,2020-05,google_play,redesign_regression,3,33,9.091,33.3,33.3,True,False,False,google_play,,False,False,
2020-04_to_2020-05,multi_month,2020-04,2020-05,google_play,sleep_accuracy,6,33,18.182,16.7,50.0,True,False,False,google_play,,False,False,
2020-04_to_2020-05,multi_month,2020-04,2020-05,google_play,sleep_alarm_ui,0,33,0.0,,,True,False,False,google_play,,False,False,
2020-04_to_2020-05,multi_month,2020-04,2020-05,google_play,sleep_satisfaction,3,33,9.091,100.0,0.0,True,False,False,google_play,,False,False,
2020-04_to_2020-05,multi_month,2020-04,2020-05,google_play,strap_clasp_durability,1,33,3.03,100.0,0.0,True,False,False,google_play,,False,False,
2020-04_to_2020-05,multi_month,2020-04,2020-05,google_play,support_resolution_quality,0,33,0.0,,,True,False,False,google_play,,False,False,
2020-04_to_2020-05,multi_month,2020-04,2020-05,google_play,support_responsiveness,1,33,3.03,0.0,100.0,True,False,False,google_play,,False,False,
2020-04_to_2020-05,multi_month,2020-04,2020-05,google_play,support_satisfaction,0,33,0.0,,,True,False,False,google_play,,False,False,
2020-04_to_2020-05,multi_month,2020-04,2020-05,google_play,third_party_integration,2,33,6.061,50.0,0.0,True,False,False,google_play,,False,False,
2020-04_to_2020-05,multi_month,2020-04,2020-05,google_play,update_failures,3,33,9.091,66.7,33.3,True,False,False,google_play,,False,False,
2020-04_to_2020-05,multi_month,2020-04,2020-05,google_play,upsell_pressure,0,33,0.0,,,True,False,False,google_play,,False,False,
2020-06_to_2020-07,multi_month,2020-06,2020-07,google_play,ai_coach,0,70,0.0,,,True,False,False,google_play,,False,False,
2020-06_to_2020-07,multi_month,2020-06,2020-07,google_play,app_stability,25,70,35.714,12.0,60.0,True,False,False,google_play,,False,False,
2020-06_to_2020-07,multi_month,2020-06,2020-07,google_play,customer_support,16,70,22.857,12.5,87.5,True,False,False,google_play,,False,False,
2020-06_to_2020-07,multi_month,2020-06,2020-07,google_play,data_accuracy,12,70,17.143,16.7,58.3,True,False,False,google_play,,False,False,
2020-06_to_2020-07,multi_month,2020-06,2020-07,google_play,feature_requests,6,70,8.571,50.0,33.3,True,False,False,google_play,,False,False,
2020-06_to_2020-07,multi_month,2020-06,2020-07,google_play,hardware_wearability,3,70,4.286,0.0,66.7,True,False,False,google_play,,False,False,
2020-06_to_2020-07,multi_month,2020-06,2020-07,google_play,health_signal_reliability,0,70,0.0,,,True,False,False,google_play,,False,False,
2020-06_to_2020-07,multi_month,2020-06,2020-07,google_play,localization,0,70,0.0,,,True,False,False,google_play,,False,False,
2020-06_to_2020-07,multi_month,2020-06,2020-07,google_play,platform_parity,4,70,5.714,25.0,50.0,True,False,False,google_play,,False,False,
2020-06_to_2020-07,multi_month,2020-06,2020-07,google_play,pricing_billing,20,70,28.571,5.0,75.0,True,False,False,google_play,,False,False,
2020-06_to_2020-07,multi_month,2020-06,2020-07,google_play,sleep_tracking,13,70,18.571,23.1,46.2,True,False,False,google_play,,False,False,
2020-06_to_2020-07,multi_month,2020-06,2020-07,google_play,sync_connectivity,28,70,40.0,7.1,71.4,True,False,False,google_play,,False,False,
2020-06_to_2020-07,multi_month,2020-06,2020-07,google_play,ui_ux,4,70,5.714,50.0,25.0,True,False,False,google_play,,False,False,
2020-06_to_2020-07,multi_month,2020-06,2020-07,google_play,activity_detection,5,70,7.143,0.0,80.0,True,False,False,google_play,,False,False,
2020-06_to_2020-07,multi_month,2020-06,2020-07,google_play,ai_autonomy,0,70,0.0,,,True,False,False,google_play,,False,False,
2020-06_to_2020-07,multi_month,2020-06,2020-07,google_play,ai_only_support_channel,0,70,0.0,,,True,False,False,google_play,,False,False,
2020-06_to_2020-07,multi_month,2020-06,2020-07,google_play,ai_positive_reception,0,70,0.0,,,True,False,False,google_play,,False,False,
2020-06_to_2020-07,multi_month,2020-06,2020-07,google_play,ai_reliability_bugs,0,70,0.0,,,True,False,False,google_play,,False,False,
2020-06_to_2020-07,multi_month,2020-06,2020-07,google_play,android_feature_gaps,2,70,2.857,50.0,50.0,True,False,False,google_play,,False,False,
2020-06_to_2020-07,multi_month,2020-06,2020-07,google_play,android_specific_bugs,3,70,4.286,33.3,33.3,True,False,False,google_play,,False,False,
2020-06_to_2020-07,multi_month,2020-06,2020-07,google_play,battery_life,2,70,2.857,0.0,50.0,True,False,False,google_play,,False,False,
2020-06_to_2020-07,multi_month,2020-06,2020-07,google_play,billing_disputes,7,70,10.0,0.0,100.0,True,False,False,google_play,,False,False,
2020-06_to_2020-07,multi_month,2020-06,2020-07,google_play,build_quality_perception,0,70,0.0,,,True,False,False,google_play,,False,False,
2020-06_to_2020-07,multi_month,2020-06,2020-07,google_play,cardiac_detection_trust,0,70,0.0,,,True,False,False,google_play,,False,False,
2020-06_to_2020-07,multi_month,2020-06,2020-07,google_play,comfort_fit,0,70,0.0,,,True,False,False,google_play,,False,False,
2020-06_to_2020-07,multi_month,2020-06,2020-07,google_play,crashes_freezes,16,70,22.857,12.5,68.8,True,False,False,google_play,,False,False,
2020-06_to_2020-07,multi_month,2020-06,2020-07,google_play,data_sync_delays,9,70,12.857,0.0,77.8,True,False,False,google_play,,False,False,
2020-06_to_2020-07,multi_month,2020-06,2020-07,google_play,device_rendering_bugs,2,70,2.857,50.0,0.0,True,False,False,google_play,,False,False,
2020-06_to_2020-07,multi_month,2020-06,2020-07,google_play,ecg_bp_feature_reliability,0,70,0.0,,,True,False,False,google_play,,False,False,
2020-06_to_2020-07,multi_month,2020-06,2020-07,google_play,english_jargon_complexity,0,70,0.0,,,True,False,False,google_play,,False,False,
2020-06_to_2020-07,multi_month,2020-06,2020-07,google_play,feature_ui_friction,1,70,1.429,0.0,0.0,True,False,False,google_play,,False,False,
2020-06_to_2020-07,multi_month,2020-06,2020-07,google_play,metric_accuracy,8,70,11.429,25.0,50.0,True,False,False,google_play,,False,False,
2020-06_to_2020-07,multi_month,2020-06,2020-07,google_play,missing_activity_types,1,70,1.429,0.0,100.0,True,False,False,google_play,,False,False,
2020-06_to_2020-07,multi_month,2020-06,2020-07,google_play,missing_language_support,0,70,0.0,,,True,False,False,google_play,,False,False,
2020-06_to_2020-07,multi_month,2020-06,2020-07,google_play,missing_metrics,0,70,0.0,,,True,False,False,google_play,,False,False,
2020-06_to_2020-07,multi_month,2020-06,2020-07,google_play,notification_community_issues,0,70,0.0,,,True,False,False,google_play,,False,False,
2020-06_to_2020-07,multi_month,2020-06,2020-07,google_play,onboarding_pairing,5,70,7.143,20.0,80.0,True,False,False,google_play,,False,False,
2020-06_to_2020-07,multi_month,2020-06,2020-07,google_play,ongoing_disconnects,17,70,24.286,5.9,70.6,True,False,False,google_play,,False,False,
2020-06_to_2020-07,multi_month,2020-06,2020-07,google_play,personalization_use_case_fit,0,70,0.0,,,True,False,False,google_play,,False,False,
2020-06_to_2020-07,multi_month,2020-06,2020-07,google_play,plan_trial_structure,0,70,0.0,,,True,False,False,google_play,,False,False,
2020-06_to_2020-07,multi_month,2020-06,2020-07,google_play,price_value_perception,14,70,20.0,7.1,64.3,True,False,False,google_play,,False,False,
2020-06_to_2020-07,multi_month,2020-06,2020-07,google_play,redesign_regression,3,70,4.286,33.3,33.3,True,False,False,google_play,,False,False,
2020-06_to_2020-07,multi_month,2020-06,2020-07,google_play,sleep_accuracy,12,70,17.143,16.7,50.0,True,False,False,google_play,,False,False,
2020-06_to_2020-07,multi_month,2020-06,2020-07,google_play,sleep_alarm_ui,0,70,0.0,,,True,False,False,google_play,,False,False,
2020-06_to_2020-07,multi_month,2020-06,2020-07,google_play,sleep_satisfaction,2,70,2.857,50.0,0.0,True,False,False,google_play,,False,False,
2020-06_to_2020-07,multi_month,2020-06,2020-07,google_play,strap_clasp_durability,1,70,1.429,0.0,100.0,True,False,False,google_play,,False,False,
2020-06_to_2020-07,multi_month,2020-06,2020-07,google_play,support_resolution_quality,5,70,7.143,0.0,100.0,True,False,False,google_play,,False,False,
2020-06_to_2020-07,multi_month,2020-06,2020-07,google_play,support_responsiveness,10,70,14.286,0.0,100.0,True,False,False,google_play,,False,False,
2020-06_to_2020-07,multi_month,2020-06,2020-07,google_play,support_satisfaction,2,70,2.857,100.0,0.0,True,False,False,google_play,,False,False,
2020-06_to_2020-07,multi_month,2020-06,2020-07,google_play,third_party_integration,5,70,7.143,60.0,20.0,True,False,False,google_play,,False,False,
2020-06_to_2020-07,multi_month,2020-06,2020-07,google_play,update_failures,15,70,21.429,13.3,60.0,True,False,False,google_play,,False,False,
2020-06_to_2020-07,multi_month,2020-06,2020-07,google_play,upsell_pressure,0,70,0.0,,,True,False,False,google_play,,False,False,
2020-08,month,2020-08,2020-08,google_play,ai_coach,0,30,0.0,,,True,False,False,google_play,,False,False,
2020-08,month,2020-08,2020-08,google_play,app_stability,10,30,33.333,20.0,70.0,True,False,False,google_play,,False,False,
2020-08,month,2020-08,2020-08,google_play,customer_support,4,30,13.333,50.0,50.0,True,False,False,google_play,,False,False,
2020-08,month,2020-08,2020-08,google_play,data_accuracy,1,30,3.333,0.0,100.0,True,False,False,google_play,,False,False,
2020-08,month,2020-08,2020-08,google_play,feature_requests,2,30,6.667,50.0,0.0,True,False,False,google_play,,False,False,
2020-08,month,2020-08,2020-08,google_play,hardware_wearability,2,30,6.667,0.0,100.0,True,False,False,google_play,,False,False,
2020-08,month,2020-08,2020-08,google_play,health_signal_reliability,0,30,0.0,,,True,False,False,google_play,,False,False,
2020-08,month,2020-08,2020-08,google_play,localization,0,30,0.0,,,True,False,False,google_play,,False,False,
2020-08,month,2020-08,2020-08,google_play,platform_parity,3,30,10.0,33.3,33.3,True,False,False,google_play,,False,False,
2020-08,month,2020-08,2020-08,google_play,pricing_billing,7,30,23.333,14.3,57.1,True,False,False,google_play,,False,False,
2020-08,month,2020-08,2020-08,google_play,sleep_tracking,5,30,16.667,60.0,40.0,True,False,False,google_play,,False,False,
2020-08,month,2020-08,2020-08,google_play,sync_connectivity,14,30,46.667,7.1,78.6,True,False,False,google_play,,False,False,
2020-08,month,2020-08,2020-08,google_play,ui_ux,2,30,6.667,0.0,50.0,True,False,False,google_play,,False,False,
2020-08,month,2020-08,2020-08,google_play,activity_detection,0,30,0.0,,,True,False,False,google_play,,False,False,
2020-08,month,2020-08,2020-08,google_play,ai_autonomy,0,30,0.0,,,True,False,False,google_play,,False,False,
2020-08,month,2020-08,2020-08,google_play,ai_only_support_channel,0,30,0.0,,,True,False,False,google_play,,False,False,
2020-08,month,2020-08,2020-08,google_play,ai_positive_reception,0,30,0.0,,,True,False,False,google_play,,False,False,
2020-08,month,2020-08,2020-08,google_play,ai_reliability_bugs,0,30,0.0,,,True,False,False,google_play,,False,False,
2020-08,month,2020-08,2020-08,google_play,android_feature_gaps,1,30,3.333,0.0,100.0,True,False,False,google_play,,False,False,
2020-08,month,2020-08,2020-08,google_play,android_specific_bugs,3,30,10.0,33.3,33.3,True,False,False,google_play,,False,False,
2020-08,month,2020-08,2020-08,google_play,battery_life,1,30,3.333,0.0,100.0,True,False,False,google_play,,False,False,
2020-08,month,2020-08,2020-08,google_play,billing_disputes,0,30,0.0,,,True,False,False,google_play,,False,False,
2020-08,month,2020-08,2020-08,google_play,build_quality_perception,0,30,0.0,,,True,False,False,google_play,,False,False,
2020-08,month,2020-08,2020-08,google_play,cardiac_detection_trust,0,30,0.0,,,True,False,False,google_play,,False,False,
2020-08,month,2020-08,2020-08,google_play,comfort_fit,0,30,0.0,,,True,False,False,google_play,,False,False,
2020-08,month,2020-08,2020-08,google_play,crashes_freezes,6,30,20.0,16.7,83.3,True,False,False,google_play,,False,False,
2020-08,month,2020-08,2020-08,google_play,data_sync_delays,2,30,6.667,0.0,0.0,True,False,False,google_play,,False,False,
2020-08,month,2020-08,2020-08,google_play,device_rendering_bugs,0,30,0.0,,,True,False,False,google_play,,False,False,
2020-08,month,2020-08,2020-08,google_play,ecg_bp_feature_reliability,0,30,0.0,,,True,False,False,google_play,,False,False,
2020-08,month,2020-08,2020-08,google_play,english_jargon_complexity,0,30,0.0,,,True,False,False,google_play,,False,False,
2020-08,month,2020-08,2020-08,google_play,feature_ui_friction,1,30,3.333,0.0,100.0,True,False,False,google_play,,False,False,
2020-08,month,2020-08,2020-08,google_play,metric_accuracy,1,30,3.333,0.0,100.0,True,False,False,google_play,,False,False,
2020-08,month,2020-08,2020-08,google_play,missing_activity_types,0,30,0.0,,,True,False,False,google_play,,False,False,
2020-08,month,2020-08,2020-08,google_play,missing_language_support,0,30,0.0,,,True,False,False,google_play,,False,False,
2020-08,month,2020-08,2020-08,google_play,missing_metrics,2,30,6.667,50.0,0.0,True,False,False,google_play,,False,False,
2020-08,month,2020-08,2020-08,google_play,notification_community_issues,0,30,0.0,,,True,False,False,google_play,,False,False,
2020-08,month,2020-08,2020-08,google_play,onboarding_pairing,3,30,10.0,0.0,100.0,True,False,False,google_play,,False,False,
2020-08,month,2020-08,2020-08,google_play,ongoing_disconnects,11,30,36.667,9.1,90.9,True,False,False,google_play,,False,False,
2020-08,month,2020-08,2020-08,google_play,personalization_use_case_fit,0,30,0.0,,,True,False,False,google_play,,False,False,
2020-08,month,2020-08,2020-08,google_play,plan_trial_structure,0,30,0.0,,,True,False,False,google_play,,False,False,
2020-08,month,2020-08,2020-08,google_play,price_value_perception,7,30,23.333,14.3,57.1,True,False,False,google_play,,False,False,
2020-08,month,2020-08,2020-08,google_play,redesign_regression,1,30,3.333,0.0,0.0,True,False,False,google_play,,False,False,
2020-08,month,2020-08,2020-08,google_play,sleep_accuracy,2,30,6.667,0.0,100.0,True,False,False,google_play,,False,False,
2020-08,month,2020-08,2020-08,google_play,sleep_alarm_ui,0,30,0.0,,,True,False,False,google_play,,False,False,
2020-08,month,2020-08,2020-08,google_play,sleep_satisfaction,3,30,10.0,100.0,0.0,True,False,False,google_play,,False,False,
2020-08,month,2020-08,2020-08,google_play,strap_clasp_durability,1,30,3.333,0.0,100.0,True,False,False,google_play,,False,False,
2020-08,month,2020-08,2020-08,google_play,support_resolution_quality,0,30,0.0,,,True,False,False,google_play,,False,False,
2020-08,month,2020-08,2020-08,google_play,support_responsiveness,3,30,10.0,33.3,66.7,True,False,False,google_play,,False,False,
2020-08,month,2020-08,2020-08,google_play,support_satisfaction,2,30,6.667,100.0,0.0,True,False,False,google_play,,False,False,
2020-08,month,2020-08,2020-08,google_play,third_party_integration,1,30,3.333,100.0,0.0,True,False,False,google_play,,False,False,
2020-08,month,2020-08,2020-08,google_play,update_failures,4,30,13.333,25.0,50.0,True,False,False,google_play,,False,False,
2020-08,month,2020-08,2020-08,google_play,upsell_pressure,0,30,0.0,,,True,False,False,google_play,,False,False,
2020-09,month,2020-09,2020-09,google_play,ai_coach,0,31,0.0,,,True,False,False,google_play,,False,False,
2020-09,month,2020-09,2020-09,google_play,app_stability,3,31,9.677,33.3,33.3,True,False,False,google_play,,False,False,
2020-09,month,2020-09,2020-09,google_play,customer_support,3,31,9.677,66.7,33.3,True,False,False,google_play,,False,False,
2020-09,month,2020-09,2020-09,google_play,data_accuracy,0,31,0.0,,,True,False,False,google_play,,False,False,
2020-09,month,2020-09,2020-09,google_play,feature_requests,5,31,16.129,80.0,20.0,True,False,False,google_play,,False,False,
2020-09,month,2020-09,2020-09,google_play,hardware_wearability,1,31,3.226,0.0,100.0,True,False,False,google_play,,False,False,
2020-09,month,2020-09,2020-09,google_play,health_signal_reliability,0,31,0.0,,,True,False,False,google_play,,False,False,
2020-09,month,2020-09,2020-09,google_play,localization,0,31,0.0,,,True,False,False,google_play,,False,False,
2020-09,month,2020-09,2020-09,google_play,platform_parity,0,31,0.0,,,True,False,False,google_play,,False,False,
2020-09,month,2020-09,2020-09,google_play,pricing_billing,2,31,6.452,0.0,100.0,True,False,False,google_play,,False,False,
2020-09,month,2020-09,2020-09,google_play,sleep_tracking,4,31,12.903,100.0,0.0,True,False,False,google_play,,False,False,
2020-09,month,2020-09,2020-09,google_play,sync_connectivity,6,31,19.355,16.7,83.3,True,False,False,google_play,,False,False,
2020-09,month,2020-09,2020-09,google_play,ui_ux,0,31,0.0,,,True,False,False,google_play,,False,False,
2020-09,month,2020-09,2020-09,google_play,activity_detection,0,31,0.0,,,True,False,False,google_play,,False,False,
2020-09,month,2020-09,2020-09,google_play,ai_autonomy,0,31,0.0,,,True,False,False,google_play,,False,False,
2020-09,month,2020-09,2020-09,google_play,ai_only_support_channel,0,31,0.0,,,True,False,False,google_play,,False,False,
2020-09,month,2020-09,2020-09,google_play,ai_positive_reception,0,31,0.0,,,True,False,False,google_play,,False,False,
2020-09,month,2020-09,2020-09,google_play,ai_reliability_bugs,0,31,0.0,,,True,False,False,google_play,,False,False,
2020-09,month,2020-09,2020-09,google_play,android_feature_gaps,0,31,0.0,,,True,False,False,google_play,,False,False,
2020-09,month,2020-09,2020-09,google_play,android_specific_bugs,0,31,0.0,,,True,False,False,google_play,,False,False,
2020-09,month,2020-09,2020-09,google_play,battery_life,1,31,3.226,0.0,100.0,True,False,False,google_play,,False,False,
2020-09,month,2020-09,2020-09,google_play,billing_disputes,1,31,3.226,0.0,100.0,True,False,False,google_play,,False,False,
2020-09,month,2020-09,2020-09,google_play,build_quality_perception,0,31,0.0,,,True,False,False,google_play,,False,False,
2020-09,month,2020-09,2020-09,google_play,cardiac_detection_trust,0,31,0.0,,,True,False,False,google_play,,False,False,
2020-09,month,2020-09,2020-09,google_play,comfort_fit,0,31,0.0,,,True,False,False,google_play,,False,False,
2020-09,month,2020-09,2020-09,google_play,crashes_freezes,1,31,3.226,0.0,100.0,True,False,False,google_play,,False,False,
2020-09,month,2020-09,2020-09,google_play,data_sync_delays,3,31,9.677,0.0,100.0,True,False,False,google_play,,False,False,
2020-09,month,2020-09,2020-09,google_play,device_rendering_bugs,0,31,0.0,,,True,False,False,google_play,,False,False,
2020-09,month,2020-09,2020-09,google_play,ecg_bp_feature_reliability,0,31,0.0,,,True,False,False,google_play,,False,False,
2020-09,month,2020-09,2020-09,google_play,english_jargon_complexity,0,31,0.0,,,True,False,False,google_play,,False,False,
2020-09,month,2020-09,2020-09,google_play,feature_ui_friction,0,31,0.0,,,True,False,False,google_play,,False,False,
2020-09,month,2020-09,2020-09,google_play,metric_accuracy,0,31,0.0,,,True,False,False,google_play,,False,False,
2020-09,month,2020-09,2020-09,google_play,missing_activity_types,1,31,3.226,100.0,0.0,True,False,False,google_play,,False,False,
2020-09,month,2020-09,2020-09,google_play,missing_language_support,0,31,0.0,,,True,False,False,google_play,,False,False,
2020-09,month,2020-09,2020-09,google_play,missing_metrics,3,31,9.677,66.7,33.3,True,False,False,google_play,,False,False,
2020-09,month,2020-09,2020-09,google_play,notification_community_issues,0,31,0.0,,,True,False,False,google_play,,False,False,
2020-09,month,2020-09,2020-09,google_play,onboarding_pairing,1,31,3.226,0.0,100.0,True,False,False,google_play,,False,False,
2020-09,month,2020-09,2020-09,google_play,ongoing_disconnects,4,31,12.903,25.0,75.0,True,False,False,google_play,,False,False,
2020-09,month,2020-09,2020-09,google_play,personalization_use_case_fit,1,31,3.226,100.0,0.0,True,False,False,google_play,,False,False,
2020-09,month,2020-09,2020-09,google_play,plan_trial_structure,0,31,0.0,,,True,False,False,google_play,,False,False,
2020-09,month,2020-09,2020-09,google_play,price_value_perception,1,31,3.226,0.0,100.0,True,False,False,google_play,,False,False,
2020-09,month,2020-09,2020-09,google_play,redesign_regression,0,31,0.0,,,True,False,False,google_play,,False,False,
2020-09,month,2020-09,2020-09,google_play,sleep_accuracy,1,31,3.226,100.0,0.0,True,False,False,google_play,,False,False,
2020-09,month,2020-09,2020-09,google_play,sleep_alarm_ui,0,31,0.0,,,True,False,False,google_play,,False,False,
2020-09,month,2020-09,2020-09,google_play,sleep_satisfaction,3,31,9.677,100.0,0.0,True,False,False,google_play,,False,False,
2020-09,month,2020-09,2020-09,google_play,strap_clasp_durability,1,31,3.226,0.0,100.0,True,False,False,google_play,,False,False,
2020-09,month,2020-09,2020-09,google_play,support_resolution_quality,0,31,0.0,,,True,False,False,google_play,,False,False,
2020-09,month,2020-09,2020-09,google_play,support_responsiveness,1,31,3.226,0.0,100.0,True,False,False,google_play,,False,False,
2020-09,month,2020-09,2020-09,google_play,support_satisfaction,2,31,6.452,100.0,0.0,True,False,False,google_play,,False,False,
2020-09,month,2020-09,2020-09,google_play,third_party_integration,0,31,0.0,,,True,False,False,google_play,,False,False,
2020-09,month,2020-09,2020-09,google_play,update_failures,2,31,6.452,50.0,0.0,True,False,False,google_play,,False,False,
2020-09,month,2020-09,2020-09,google_play,upsell_pressure,0,31,0.0,,,True,False,False,google_play,,False,False,
2020-10,month,2020-10,2020-10,google_play,ai_coach,0,34,0.0,,,True,False,False,google_play,,False,False,
2020-10,month,2020-10,2020-10,google_play,app_stability,6,34,17.647,33.3,33.3,True,False,False,google_play,,False,False,
2020-10,month,2020-10,2020-10,google_play,customer_support,3,34,8.824,66.7,0.0,True,False,False,google_play,,False,False,
2020-10,month,2020-10,2020-10,google_play,data_accuracy,4,34,11.765,0.0,50.0,True,False,False,google_play,,False,False,
2020-10,month,2020-10,2020-10,google_play,feature_requests,0,34,0.0,,,True,False,False,google_play,,False,False,
2020-10,month,2020-10,2020-10,google_play,hardware_wearability,2,34,5.882,50.0,50.0,True,False,False,google_play,,False,False,
2020-10,month,2020-10,2020-10,google_play,health_signal_reliability,0,34,0.0,,,True,False,False,google_play,,False,False,
2020-10,month,2020-10,2020-10,google_play,localization,0,34,0.0,,,True,False,False,google_play,,False,False,
2020-10,month,2020-10,2020-10,google_play,platform_parity,4,34,11.765,25.0,50.0,True,False,False,google_play,,False,False,
2020-10,month,2020-10,2020-10,google_play,pricing_billing,3,34,8.824,33.3,66.7,True,False,False,google_play,,False,False,
2020-10,month,2020-10,2020-10,google_play,sleep_tracking,3,34,8.824,66.7,0.0,True,False,False,google_play,,False,False,
2020-10,month,2020-10,2020-10,google_play,sync_connectivity,8,34,23.529,25.0,37.5,True,False,False,google_play,,False,False,
2020-10,month,2020-10,2020-10,google_play,ui_ux,4,34,11.765,0.0,75.0,True,False,False,google_play,,False,False,
2020-10,month,2020-10,2020-10,google_play,activity_detection,0,34,0.0,,,True,False,False,google_play,,False,False,
2020-10,month,2020-10,2020-10,google_play,ai_autonomy,0,34,0.0,,,True,False,False,google_play,,False,False,
2020-10,month,2020-10,2020-10,google_play,ai_only_support_channel,0,34,0.0,,,True,False,False,google_play,,False,False,
2020-10,month,2020-10,2020-10,google_play,ai_positive_reception,0,34,0.0,,,True,False,False,google_play,,False,False,
2020-10,month,2020-10,2020-10,google_play,ai_reliability_bugs,0,34,0.0,,,True,False,False,google_play,,False,False,
2020-10,month,2020-10,2020-10,google_play,android_feature_gaps,2,34,5.882,50.0,50.0,True,False,False,google_play,,False,False,
2020-10,month,2020-10,2020-10,google_play,android_specific_bugs,3,34,8.824,0.0,66.7,True,False,False,google_play,,False,False,
2020-10,month,2020-10,2020-10,google_play,battery_life,0,34,0.0,,,True,False,False,google_play,,False,False,
2020-10,month,2020-10,2020-10,google_play,billing_disputes,2,34,5.882,50.0,50.0,True,False,False,google_play,,False,False,
2020-10,month,2020-10,2020-10,google_play,build_quality_perception,0,34,0.0,,,True,False,False,google_play,,False,False,
2020-10,month,2020-10,2020-10,google_play,cardiac_detection_trust,0,34,0.0,,,True,False,False,google_play,,False,False,
2020-10,month,2020-10,2020-10,google_play,comfort_fit,2,34,5.882,50.0,50.0,True,False,False,google_play,,False,False,
2020-10,month,2020-10,2020-10,google_play,crashes_freezes,5,34,14.706,40.0,40.0,True,False,False,google_play,,False,False,
2020-10,month,2020-10,2020-10,google_play,data_sync_delays,4,34,11.765,25.0,25.0,True,False,False,google_play,,False,False,
2020-10,month,2020-10,2020-10,google_play,device_rendering_bugs,0,34,0.0,,,True,False,False,google_play,,False,False,
2020-10,month,2020-10,2020-10,google_play,ecg_bp_feature_reliability,0,34,0.0,,,True,False,False,google_play,,False,False,
2020-10,month,2020-10,2020-10,google_play,english_jargon_complexity,0,34,0.0,,,True,False,False,google_play,,False,False,
2020-10,month,2020-10,2020-10,google_play,feature_ui_friction,0,34,0.0,,,True,False,False,google_play,,False,False,
2020-10,month,2020-10,2020-10,google_play,metric_accuracy,4,34,11.765,0.0,50.0,True,False,False,google_play,,False,False,
2020-10,month,2020-10,2020-10,google_play,missing_activity_types,0,34,0.0,,,True,False,False,google_play,,False,False,
2020-10,month,2020-10,2020-10,google_play,missing_language_support,0,34,0.0,,,True,False,False,google_play,,False,False,
2020-10,month,2020-10,2020-10,google_play,missing_metrics,0,34,0.0,,,True,False,False,google_play,,False,False,
2020-10,month,2020-10,2020-10,google_play,notification_community_issues,0,34,0.0,,,True,False,False,google_play,,False,False,
2020-10,month,2020-10,2020-10,google_play,onboarding_pairing,2,34,5.882,0.0,50.0,True,False,False,google_play,,False,False,
2020-10,month,2020-10,2020-10,google_play,ongoing_disconnects,2,34,5.882,50.0,50.0,True,False,False,google_play,,False,False,
2020-10,month,2020-10,2020-10,google_play,personalization_use_case_fit,0,34,0.0,,,True,False,False,google_play,,False,False,
2020-10,month,2020-10,2020-10,google_play,plan_trial_structure,0,34,0.0,,,True,False,False,google_play,,False,False,
2020-10,month,2020-10,2020-10,google_play,price_value_perception,2,34,5.882,0.0,100.0,True,False,False,google_play,,False,False,
2020-10,month,2020-10,2020-10,google_play,redesign_regression,4,34,11.765,0.0,75.0,True,False,False,google_play,,False,False,
2020-10,month,2020-10,2020-10,google_play,sleep_accuracy,2,34,5.882,50.0,0.0,True,False,False,google_play,,False,False,
2020-10,month,2020-10,2020-10,google_play,sleep_alarm_ui,0,34,0.0,,,True,False,False,google_play,,False,False,
2020-10,month,2020-10,2020-10,google_play,sleep_satisfaction,1,34,2.941,100.0,0.0,True,False,False,google_play,,False,False,
2020-10,month,2020-10,2020-10,google_play,strap_clasp_durability,1,34,2.941,100.0,0.0,True,False,False,google_play,,False,False,
2020-10,month,2020-10,2020-10,google_play,support_resolution_quality,0,34,0.0,,,True,False,False,google_play,,False,False,
2020-10,month,2020-10,2020-10,google_play,support_responsiveness,2,34,5.882,50.0,0.0,True,False,False,google_play,,False,False,
2020-10,month,2020-10,2020-10,google_play,support_satisfaction,2,34,5.882,100.0,0.0,True,False,False,google_play,,False,False,
2020-10,month,2020-10,2020-10,google_play,third_party_integration,0,34,0.0,,,True,False,False,google_play,,False,False,
2020-10,month,2020-10,2020-10,google_play,update_failures,2,34,5.882,0.0,50.0,True,False,False,google_play,,False,False,
2020-10,month,2020-10,2020-10,google_play,upsell_pressure,0,34,0.0,,,True,False,False,google_play,,False,False,
2020-11_to_2020-12,multi_month,2020-11,2020-12,google_play,ai_coach,0,45,0.0,,,True,False,False,google_play,,False,False,
2020-11_to_2020-12,multi_month,2020-11,2020-12,google_play,app_stability,6,45,13.333,16.7,83.3,True,False,False,google_play,,False,False,
2020-11_to_2020-12,multi_month,2020-11,2020-12,google_play,customer_support,5,45,11.111,20.0,60.0,True,False,False,google_play,,False,False,
2020-11_to_2020-12,multi_month,2020-11,2020-12,google_play,data_accuracy,3,45,6.667,33.3,33.3,True,False,False,google_play,,False,False,
2020-11_to_2020-12,multi_month,2020-11,2020-12,google_play,feature_requests,7,45,15.556,71.4,0.0,True,False,False,google_play,,False,False,
2020-11_to_2020-12,multi_month,2020-11,2020-12,google_play,hardware_wearability,1,45,2.222,0.0,100.0,True,False,False,google_play,,False,False,
2020-11_to_2020-12,multi_month,2020-11,2020-12,google_play,health_signal_reliability,0,45,0.0,,,True,False,False,google_play,,False,False,
2020-11_to_2020-12,multi_month,2020-11,2020-12,google_play,localization,0,45,0.0,,,True,False,False,google_play,,False,False,
2020-11_to_2020-12,multi_month,2020-11,2020-12,google_play,platform_parity,1,45,2.222,0.0,100.0,True,False,False,google_play,,False,False,
2020-11_to_2020-12,multi_month,2020-11,2020-12,google_play,pricing_billing,9,45,20.0,11.1,66.7,True,False,False,google_play,,False,False,
2020-11_to_2020-12,multi_month,2020-11,2020-12,google_play,sleep_tracking,7,45,15.556,28.6,42.9,True,False,False,google_play,,False,False,
2020-11_to_2020-12,multi_month,2020-11,2020-12,google_play,sync_connectivity,13,45,28.889,15.4,69.2,True,False,False,google_play,,False,False,
2020-11_to_2020-12,multi_month,2020-11,2020-12,google_play,ui_ux,0,45,0.0,,,True,False,False,google_play,,False,False,
2020-11_to_2020-12,multi_month,2020-11,2020-12,google_play,activity_detection,1,45,2.222,0.0,0.0,True,False,False,google_play,,False,False,
2020-11_to_2020-12,multi_month,2020-11,2020-12,google_play,ai_autonomy,0,45,0.0,,,True,False,False,google_play,,False,False,
2020-11_to_2020-12,multi_month,2020-11,2020-12,google_play,ai_only_support_channel,0,45,0.0,,,True,False,False,google_play,,False,False,
2020-11_to_2020-12,multi_month,2020-11,2020-12,google_play,ai_positive_reception,0,45,0.0,,,True,False,False,google_play,,False,False,
2020-11_to_2020-12,multi_month,2020-11,2020-12,google_play,ai_reliability_bugs,0,45,0.0,,,True,False,False,google_play,,False,False,
2020-11_to_2020-12,multi_month,2020-11,2020-12,google_play,android_feature_gaps,0,45,0.0,,,True,False,False,google_play,,False,False,
2020-11_to_2020-12,multi_month,2020-11,2020-12,google_play,android_specific_bugs,1,45,2.222,0.0,100.0,True,False,False,google_play,,False,False,
2020-11_to_2020-12,multi_month,2020-11,2020-12,google_play,battery_life,1,45,2.222,0.0,100.0,True,False,False,google_play,,False,False,
2020-11_to_2020-12,multi_month,2020-11,2020-12,google_play,billing_disputes,1,45,2.222,0.0,100.0,True,False,False,google_play,,False,False,
2020-11_to_2020-12,multi_month,2020-11,2020-12,google_play,build_quality_perception,0,45,0.0,,,True,False,False,google_play,,False,False,
2020-11_to_2020-12,multi_month,2020-11,2020-12,google_play,cardiac_detection_trust,0,45,0.0,,,True,False,False,google_play,,False,False,
2020-11_to_2020-12,multi_month,2020-11,2020-12,google_play,comfort_fit,0,45,0.0,,,True,False,False,google_play,,False,False,
2020-11_to_2020-12,multi_month,2020-11,2020-12,google_play,crashes_freezes,3,45,6.667,33.3,66.7,True,False,False,google_play,,False,False,
2020-11_to_2020-12,multi_month,2020-11,2020-12,google_play,data_sync_delays,3,45,6.667,0.0,66.7,True,False,False,google_play,,False,False,
2020-11_to_2020-12,multi_month,2020-11,2020-12,google_play,device_rendering_bugs,0,45,0.0,,,True,False,False,google_play,,False,False,
2020-11_to_2020-12,multi_month,2020-11,2020-12,google_play,ecg_bp_feature_reliability,0,45,0.0,,,True,False,False,google_play,,False,False,
2020-11_to_2020-12,multi_month,2020-11,2020-12,google_play,english_jargon_complexity,0,45,0.0,,,True,False,False,google_play,,False,False,
2020-11_to_2020-12,multi_month,2020-11,2020-12,google_play,feature_ui_friction,0,45,0.0,,,True,False,False,google_play,,False,False,
2020-11_to_2020-12,multi_month,2020-11,2020-12,google_play,metric_accuracy,2,45,4.444,50.0,50.0,True,False,False,google_play,,False,False,
2020-11_to_2020-12,multi_month,2020-11,2020-12,google_play,missing_activity_types,1,45,2.222,100.0,0.0,True,False,False,google_play,,False,False,
2020-11_to_2020-12,multi_month,2020-11,2020-12,google_play,missing_language_support,0,45,0.0,,,True,False,False,google_play,,False,False,
2020-11_to_2020-12,multi_month,2020-11,2020-12,google_play,missing_metrics,2,45,4.444,100.0,0.0,True,False,False,google_play,,False,False,
2020-11_to_2020-12,multi_month,2020-11,2020-12,google_play,notification_community_issues,0,45,0.0,,,True,False,False,google_play,,False,False,
2020-11_to_2020-12,multi_month,2020-11,2020-12,google_play,onboarding_pairing,3,45,6.667,0.0,100.0,True,False,False,google_play,,False,False,
2020-11_to_2020-12,multi_month,2020-11,2020-12,google_play,ongoing_disconnects,8,45,17.778,25.0,62.5,True,False,False,google_play,,False,False,
2020-11_to_2020-12,multi_month,2020-11,2020-12,google_play,personalization_use_case_fit,2,45,4.444,50.0,0.0,True,False,False,google_play,,False,False,
2020-11_to_2020-12,multi_month,2020-11,2020-12,google_play,plan_trial_structure,1,45,2.222,0.0,100.0,True,False,False,google_play,,False,False,
2020-11_to_2020-12,multi_month,2020-11,2020-12,google_play,price_value_perception,8,45,17.778,12.5,62.5,True,False,False,google_play,,False,False,
2020-11_to_2020-12,multi_month,2020-11,2020-12,google_play,redesign_regression,0,45,0.0,,,True,False,False,google_play,,False,False,
2020-11_to_2020-12,multi_month,2020-11,2020-12,google_play,sleep_accuracy,2,45,4.444,0.0,50.0,True,False,False,google_play,,False,False,
2020-11_to_2020-12,multi_month,2020-11,2020-12,google_play,sleep_alarm_ui,0,45,0.0,,,True,False,False,google_play,,False,False,
2020-11_to_2020-12,multi_month,2020-11,2020-12,google_play,sleep_satisfaction,5,45,11.111,40.0,40.0,True,False,False,google_play,,False,False,
2020-11_to_2020-12,multi_month,2020-11,2020-12,google_play,strap_clasp_durability,0,45,0.0,,,True,False,False,google_play,,False,False,
2020-11_to_2020-12,multi_month,2020-11,2020-12,google_play,support_resolution_quality,2,45,4.444,0.0,50.0,True,False,False,google_play,,False,False,
2020-11_to_2020-12,multi_month,2020-11,2020-12,google_play,support_responsiveness,2,45,4.444,0.0,100.0,True,False,False,google_play,,False,False,
2020-11_to_2020-12,multi_month,2020-11,2020-12,google_play,support_satisfaction,1,45,2.222,100.0,0.0,True,False,False,google_play,,False,False,
2020-11_to_2020-12,multi_month,2020-11,2020-12,google_play,third_party_integration,2,45,4.444,50.0,0.0,True,False,False,google_play,,False,False,
2020-11_to_2020-12,multi_month,2020-11,2020-12,google_play,update_failures,3,45,6.667,0.0,100.0,True,False,False,google_play,,False,False,
2020-11_to_2020-12,multi_month,2020-11,2020-12,google_play,upsell_pressure,1,45,2.222,0.0,100.0,True,False,False,google_play,,False,False,
2021-01_to_2021-02,multi_month,2021-01,2021-02,google_play,ai_coach,0,49,0.0,,,True,False,False,google_play,,False,False,
2021-01_to_2021-02,multi_month,2021-01,2021-02,google_play,app_stability,18,49,36.735,16.7,77.8,True,False,False,google_play,,False,False,
2021-01_to_2021-02,multi_month,2021-01,2021-02,google_play,customer_support,5,49,10.204,40.0,60.0,True,False,False,google_play,,False,False,
2021-01_to_2021-02,multi_month,2021-01,2021-02,google_play,data_accuracy,3,49,6.122,0.0,100.0,True,False,False,google_play,,False,False,
2021-01_to_2021-02,multi_month,2021-01,2021-02,google_play,feature_requests,1,49,2.041,100.0,0.0,True,False,False,google_play,,False,False,
2021-01_to_2021-02,multi_month,2021-01,2021-02,google_play,hardware_wearability,2,49,4.082,50.0,50.0,True,False,False,google_play,,False,False,
2021-01_to_2021-02,multi_month,2021-01,2021-02,google_play,health_signal_reliability,0,49,0.0,,,True,False,False,google_play,,False,False,
2021-01_to_2021-02,multi_month,2021-01,2021-02,google_play,localization,1,49,2.041,0.0,100.0,True,False,False,google_play,,False,False,
2021-01_to_2021-02,multi_month,2021-01,2021-02,google_play,platform_parity,4,49,8.163,25.0,50.0,True,False,False,google_play,,False,False,
2021-01_to_2021-02,multi_month,2021-01,2021-02,google_play,pricing_billing,10,49,20.408,10.0,70.0,True,False,False,google_play,,False,False,
2021-01_to_2021-02,multi_month,2021-01,2021-02,google_play,sleep_tracking,6,49,12.245,16.7,83.3,True,False,False,google_play,,False,False,
2021-01_to_2021-02,multi_month,2021-01,2021-02,google_play,sync_connectivity,19,49,38.776,10.5,68.4,True,False,False,google_play,,False,False,
2021-01_to_2021-02,multi_month,2021-01,2021-02,google_play,ui_ux,2,49,4.082,50.0,50.0,True,False,False,google_play,,False,False,
2021-01_to_2021-02,multi_month,2021-01,2021-02,google_play,activity_detection,1,49,2.041,0.0,100.0,True,False,False,google_play,,False,False,
2021-01_to_2021-02,multi_month,2021-01,2021-02,google_play,ai_autonomy,0,49,0.0,,,True,False,False,google_play,,False,False,
2021-01_to_2021-02,multi_month,2021-01,2021-02,google_play,ai_only_support_channel,1,49,2.041,0.0,100.0,True,False,False,google_play,,False,False,
2021-01_to_2021-02,multi_month,2021-01,2021-02,google_play,ai_positive_reception,0,49,0.0,,,True,False,False,google_play,,False,False,
2021-01_to_2021-02,multi_month,2021-01,2021-02,google_play,ai_reliability_bugs,0,49,0.0,,,True,False,False,google_play,,False,False,
2021-01_to_2021-02,multi_month,2021-01,2021-02,google_play,android_feature_gaps,2,49,4.082,50.0,50.0,True,False,False,google_play,,False,False,
2021-01_to_2021-02,multi_month,2021-01,2021-02,google_play,android_specific_bugs,2,49,4.082,0.0,50.0,True,False,False,google_play,,False,False,
2021-01_to_2021-02,multi_month,2021-01,2021-02,google_play,battery_life,1,49,2.041,0.0,100.0,True,False,False,google_play,,False,False,
2021-01_to_2021-02,multi_month,2021-01,2021-02,google_play,billing_disputes,3,49,6.122,0.0,100.0,True,False,False,google_play,,False,False,
2021-01_to_2021-02,multi_month,2021-01,2021-02,google_play,build_quality_perception,1,49,2.041,100.0,0.0,True,False,False,google_play,,False,False,
2021-01_to_2021-02,multi_month,2021-01,2021-02,google_play,cardiac_detection_trust,0,49,0.0,,,True,False,False,google_play,,False,False,
2021-01_to_2021-02,multi_month,2021-01,2021-02,google_play,comfort_fit,0,49,0.0,,,True,False,False,google_play,,False,False,
2021-01_to_2021-02,multi_month,2021-01,2021-02,google_play,crashes_freezes,10,49,20.408,10.0,80.0,True,False,False,google_play,,False,False,
2021-01_to_2021-02,multi_month,2021-01,2021-02,google_play,data_sync_delays,12,49,24.49,0.0,83.3,True,False,False,google_play,,False,False,
2021-01_to_2021-02,multi_month,2021-01,2021-02,google_play,device_rendering_bugs,0,49,0.0,,,True,False,False,google_play,,False,False,
2021-01_to_2021-02,multi_month,2021-01,2021-02,google_play,ecg_bp_feature_reliability,0,49,0.0,,,True,False,False,google_play,,False,False,
2021-01_to_2021-02,multi_month,2021-01,2021-02,google_play,english_jargon_complexity,1,49,2.041,0.0,100.0,True,False,False,google_play,,False,False,
2021-01_to_2021-02,multi_month,2021-01,2021-02,google_play,feature_ui_friction,0,49,0.0,,,True,False,False,google_play,,False,False,
2021-01_to_2021-02,multi_month,2021-01,2021-02,google_play,metric_accuracy,2,49,4.082,0.0,100.0,True,False,False,google_play,,False,False,
2021-01_to_2021-02,multi_month,2021-01,2021-02,google_play,missing_activity_types,0,49,0.0,,,True,False,False,google_play,,False,False,
2021-01_to_2021-02,multi_month,2021-01,2021-02,google_play,missing_language_support,0,49,0.0,,,True,False,False,google_play,,False,False,
2021-01_to_2021-02,multi_month,2021-01,2021-02,google_play,missing_metrics,0,49,0.0,,,True,False,False,google_play,,False,False,
2021-01_to_2021-02,multi_month,2021-01,2021-02,google_play,notification_community_issues,0,49,0.0,,,True,False,False,google_play,,False,False,
2021-01_to_2021-02,multi_month,2021-01,2021-02,google_play,onboarding_pairing,0,49,0.0,,,True,False,False,google_play,,False,False,
2021-01_to_2021-02,multi_month,2021-01,2021-02,google_play,ongoing_disconnects,13,49,26.531,15.4,61.5,True,False,False,google_play,,False,False,
2021-01_to_2021-02,multi_month,2021-01,2021-02,google_play,personalization_use_case_fit,0,49,0.0,,,True,False,False,google_play,,False,False,
2021-01_to_2021-02,multi_month,2021-01,2021-02,google_play,plan_trial_structure,0,49,0.0,,,True,False,False,google_play,,False,False,
2021-01_to_2021-02,multi_month,2021-01,2021-02,google_play,price_value_perception,9,49,18.367,11.1,66.7,True,False,False,google_play,,False,False,
2021-01_to_2021-02,multi_month,2021-01,2021-02,google_play,redesign_regression,2,49,4.082,50.0,50.0,True,False,False,google_play,,False,False,
2021-01_to_2021-02,multi_month,2021-01,2021-02,google_play,sleep_accuracy,5,49,10.204,0.0,100.0,True,False,False,google_play,,False,False,
2021-01_to_2021-02,multi_month,2021-01,2021-02,google_play,sleep_alarm_ui,0,49,0.0,,,True,False,False,google_play,,False,False,
2021-01_to_2021-02,multi_month,2021-01,2021-02,google_play,sleep_satisfaction,1,49,2.041,100.0,0.0,True,False,False,google_play,,False,False,
2021-01_to_2021-02,multi_month,2021-01,2021-02,google_play,strap_clasp_durability,0,49,0.0,,,True,False,False,google_play,,False,False,
2021-01_to_2021-02,multi_month,2021-01,2021-02,google_play,support_resolution_quality,1,49,2.041,0.0,100.0,True,False,False,google_play,,False,False,
2021-01_to_2021-02,multi_month,2021-01,2021-02,google_play,support_responsiveness,2,49,4.082,50.0,50.0,True,False,False,google_play,,False,False,
2021-01_to_2021-02,multi_month,2021-01,2021-02,google_play,support_satisfaction,1,49,2.041,100.0,0.0,True,False,False,google_play,,False,False,
2021-01_to_2021-02,multi_month,2021-01,2021-02,google_play,third_party_integration,1,49,2.041,100.0,0.0,True,False,False,google_play,,False,False,
2021-01_to_2021-02,multi_month,2021-01,2021-02,google_play,update_failures,8,49,16.327,25.0,75.0,True,False,False,google_play,,False,False,
2021-01_to_2021-02,multi_month,2021-01,2021-02,google_play,upsell_pressure,0,49,0.0,,,True,False,False,google_play,,False,False,
2021-03_to_2021-04,multi_month,2021-03,2021-04,google_play,ai_coach,0,48,0.0,,,True,False,False,google_play,,False,False,
2021-03_to_2021-04,multi_month,2021-03,2021-04,google_play,app_stability,2,48,4.167,0.0,100.0,True,False,False,google_play,,False,False,
2021-03_to_2021-04,multi_month,2021-03,2021-04,google_play,customer_support,9,48,18.75,44.4,55.6,True,False,False,google_play,,False,False,
2021-03_to_2021-04,multi_month,2021-03,2021-04,google_play,data_accuracy,7,48,14.583,14.3,71.4,True,False,False,google_play,,False,False,
2021-03_to_2021-04,multi_month,2021-03,2021-04,google_play,feature_requests,6,48,12.5,16.7,50.0,True,False,False,google_play,,False,False,
2021-03_to_2021-04,multi_month,2021-03,2021-04,google_play,hardware_wearability,4,48,8.333,0.0,100.0,True,False,False,google_play,,False,False,
2021-03_to_2021-04,multi_month,2021-03,2021-04,google_play,health_signal_reliability,0,48,0.0,,,True,False,False,google_play,,False,False,
2021-03_to_2021-04,multi_month,2021-03,2021-04,google_play,localization,0,48,0.0,,,True,False,False,google_play,,False,False,
2021-03_to_2021-04,multi_month,2021-03,2021-04,google_play,platform_parity,4,48,8.333,50.0,50.0,True,False,False,google_play,,False,False,
2021-03_to_2021-04,multi_month,2021-03,2021-04,google_play,pricing_billing,5,48,10.417,0.0,100.0,True,False,False,google_play,,False,False,
2021-03_to_2021-04,multi_month,2021-03,2021-04,google_play,sleep_tracking,4,48,8.333,50.0,50.0,True,False,False,google_play,,False,False,
2021-03_to_2021-04,multi_month,2021-03,2021-04,google_play,sync_connectivity,17,48,35.417,5.9,94.1,True,False,False,google_play,,False,False,
2021-03_to_2021-04,multi_month,2021-03,2021-04,google_play,ui_ux,1,48,2.083,0.0,100.0,True,False,False,google_play,,False,False,
2021-03_to_2021-04,multi_month,2021-03,2021-04,google_play,activity_detection,1,48,2.083,0.0,100.0,True,False,False,google_play,,False,False,
2021-03_to_2021-04,multi_month,2021-03,2021-04,google_play,ai_autonomy,0,48,0.0,,,True,False,False,google_play,,False,False,
2021-03_to_2021-04,multi_month,2021-03,2021-04,google_play,ai_only_support_channel,0,48,0.0,,,True,False,False,google_play,,False,False,
2021-03_to_2021-04,multi_month,2021-03,2021-04,google_play,ai_positive_reception,0,48,0.0,,,True,False,False,google_play,,False,False,
2021-03_to_2021-04,multi_month,2021-03,2021-04,google_play,ai_reliability_bugs,0,48,0.0,,,True,False,False,google_play,,False,False,
2021-03_to_2021-04,multi_month,2021-03,2021-04,google_play,android_feature_gaps,2,48,4.167,100.0,0.0,True,False,False,google_play,,False,False,
2021-03_to_2021-04,multi_month,2021-03,2021-04,google_play,android_specific_bugs,2,48,4.167,0.0,100.0,True,False,False,google_play,,False,False,
2021-03_to_2021-04,multi_month,2021-03,2021-04,google_play,battery_life,2,48,4.167,0.0,100.0,True,False,False,google_play,,False,False,
2021-03_to_2021-04,multi_month,2021-03,2021-04,google_play,billing_disputes,1,48,2.083,0.0,100.0,True,False,False,google_play,,False,False,
2021-03_to_2021-04,multi_month,2021-03,2021-04,google_play,build_quality_perception,0,48,0.0,,,True,False,False,google_play,,False,False,
2021-03_to_2021-04,multi_month,2021-03,2021-04,google_play,cardiac_detection_trust,0,48,0.0,,,True,False,False,google_play,,False,False,
2021-03_to_2021-04,multi_month,2021-03,2021-04,google_play,comfort_fit,2,48,4.167,0.0,100.0,True,False,False,google_play,,False,False,
2021-03_to_2021-04,multi_month,2021-03,2021-04,google_play,crashes_freezes,0,48,0.0,,,True,False,False,google_play,,False,False,
2021-03_to_2021-04,multi_month,2021-03,2021-04,google_play,data_sync_delays,3,48,6.25,0.0,100.0,True,False,False,google_play,,False,False,
2021-03_to_2021-04,multi_month,2021-03,2021-04,google_play,device_rendering_bugs,0,48,0.0,,,True,False,False,google_play,,False,False,
2021-03_to_2021-04,multi_month,2021-03,2021-04,google_play,ecg_bp_feature_reliability,0,48,0.0,,,True,False,False,google_play,,False,False,
2021-03_to_2021-04,multi_month,2021-03,2021-04,google_play,english_jargon_complexity,0,48,0.0,,,True,False,False,google_play,,False,False,
2021-03_to_2021-04,multi_month,2021-03,2021-04,google_play,feature_ui_friction,0,48,0.0,,,True,False,False,google_play,,False,False,
2021-03_to_2021-04,multi_month,2021-03,2021-04,google_play,metric_accuracy,6,48,12.5,16.7,66.7,True,False,False,google_play,,False,False,
2021-03_to_2021-04,multi_month,2021-03,2021-04,google_play,missing_activity_types,1,48,2.083,0.0,100.0,True,False,False,google_play,,False,False,
2021-03_to_2021-04,multi_month,2021-03,2021-04,google_play,missing_language_support,0,48,0.0,,,True,False,False,google_play,,False,False,
2021-03_to_2021-04,multi_month,2021-03,2021-04,google_play,missing_metrics,0,48,0.0,,,True,False,False,google_play,,False,False,
2021-03_to_2021-04,multi_month,2021-03,2021-04,google_play,notification_community_issues,0,48,0.0,,,True,False,False,google_play,,False,False,
2021-03_to_2021-04,multi_month,2021-03,2021-04,google_play,onboarding_pairing,5,48,10.417,0.0,100.0,True,False,False,google_play,,False,False,
2021-03_to_2021-04,multi_month,2021-03,2021-04,google_play,ongoing_disconnects,12,48,25.0,8.3,91.7,True,False,False,google_play,,False,False,
2021-03_to_2021-04,multi_month,2021-03,2021-04,google_play,personalization_use_case_fit,4,48,8.333,25.0,25.0,True,False,False,google_play,,False,False,
2021-03_to_2021-04,multi_month,2021-03,2021-04,google_play,plan_trial_structure,0,48,0.0,,,True,False,False,google_play,,False,False,
2021-03_to_2021-04,multi_month,2021-03,2021-04,google_play,price_value_perception,4,48,8.333,0.0,100.0,True,False,False,google_play,,False,False,
2021-03_to_2021-04,multi_month,2021-03,2021-04,google_play,redesign_regression,1,48,2.083,0.0,100.0,True,False,False,google_play,,False,False,
2021-03_to_2021-04,multi_month,2021-03,2021-04,google_play,sleep_accuracy,1,48,2.083,0.0,100.0,True,False,False,google_play,,False,False,
2021-03_to_2021-04,multi_month,2021-03,2021-04,google_play,sleep_alarm_ui,0,48,0.0,,,True,False,False,google_play,,False,False,
2021-03_to_2021-04,multi_month,2021-03,2021-04,google_play,sleep_satisfaction,3,48,6.25,66.7,33.3,True,False,False,google_play,,False,False,
2021-03_to_2021-04,multi_month,2021-03,2021-04,google_play,strap_clasp_durability,0,48,0.0,,,True,False,False,google_play,,False,False,
2021-03_to_2021-04,multi_month,2021-03,2021-04,google_play,support_resolution_quality,4,48,8.333,0.0,100.0,True,False,False,google_play,,False,False,
2021-03_to_2021-04,multi_month,2021-03,2021-04,google_play,support_responsiveness,1,48,2.083,0.0,100.0,True,False,False,google_play,,False,False,
2021-03_to_2021-04,multi_month,2021-03,2021-04,google_play,support_satisfaction,4,48,8.333,100.0,0.0,True,False,False,google_play,,False,False,
2021-03_to_2021-04,multi_month,2021-03,2021-04,google_play,third_party_integration,1,48,2.083,0.0,100.0,True,False,False,google_play,,False,False,
2021-03_to_2021-04,multi_month,2021-03,2021-04,google_play,update_failures,2,48,4.167,0.0,100.0,True,False,False,google_play,,False,False,
2021-03_to_2021-04,multi_month,2021-03,2021-04,google_play,upsell_pressure,0,48,0.0,,,True,False,False,google_play,,False,False,
2021-05_to_2021-06,multi_month,2021-05,2021-06,google_play,ai_coach,0,34,0.0,,,True,False,False,google_play,,False,False,
2021-05_to_2021-06,multi_month,2021-05,2021-06,google_play,app_stability,4,34,11.765,50.0,25.0,True,False,False,google_play,,False,False,
2021-05_to_2021-06,multi_month,2021-05,2021-06,google_play,customer_support,8,34,23.529,25.0,75.0,True,False,False,google_play,,False,False,
2021-05_to_2021-06,multi_month,2021-05,2021-06,google_play,data_accuracy,2,34,5.882,0.0,100.0,True,False,False,google_play,,False,False,
2021-05_to_2021-06,multi_month,2021-05,2021-06,google_play,feature_requests,6,34,17.647,83.3,0.0,True,False,False,google_play,,False,False,
2021-05_to_2021-06,multi_month,2021-05,2021-06,google_play,hardware_wearability,5,34,14.706,20.0,80.0,True,False,False,google_play,,False,False,
2021-05_to_2021-06,multi_month,2021-05,2021-06,google_play,health_signal_reliability,0,34,0.0,,,True,False,False,google_play,,False,False,
2021-05_to_2021-06,multi_month,2021-05,2021-06,google_play,localization,0,34,0.0,,,True,False,False,google_play,,False,False,
2021-05_to_2021-06,multi_month,2021-05,2021-06,google_play,platform_parity,2,34,5.882,0.0,50.0,True,False,False,google_play,,False,False,
2021-05_to_2021-06,multi_month,2021-05,2021-06,google_play,pricing_billing,6,34,17.647,16.7,83.3,True,False,False,google_play,,False,False,
2021-05_to_2021-06,multi_month,2021-05,2021-06,google_play,sleep_tracking,3,34,8.824,100.0,0.0,True,False,False,google_play,,False,False,
2021-05_to_2021-06,multi_month,2021-05,2021-06,google_play,sync_connectivity,12,34,35.294,25.0,66.7,True,False,False,google_play,,False,False,
2021-05_to_2021-06,multi_month,2021-05,2021-06,google_play,ui_ux,2,34,5.882,0.0,50.0,True,False,False,google_play,,False,False,
2021-05_to_2021-06,multi_month,2021-05,2021-06,google_play,activity_detection,1,34,2.941,0.0,100.0,True,False,False,google_play,,False,False,
2021-05_to_2021-06,multi_month,2021-05,2021-06,google_play,ai_autonomy,0,34,0.0,,,True,False,False,google_play,,False,False,
2021-05_to_2021-06,multi_month,2021-05,2021-06,google_play,ai_only_support_channel,0,34,0.0,,,True,False,False,google_play,,False,False,
2021-05_to_2021-06,multi_month,2021-05,2021-06,google_play,ai_positive_reception,0,34,0.0,,,True,False,False,google_play,,False,False,
2021-05_to_2021-06,multi_month,2021-05,2021-06,google_play,ai_reliability_bugs,0,34,0.0,,,True,False,False,google_play,,False,False,
2021-05_to_2021-06,multi_month,2021-05,2021-06,google_play,android_feature_gaps,2,34,5.882,0.0,50.0,True,False,False,google_play,,False,False,
2021-05_to_2021-06,multi_month,2021-05,2021-06,google_play,android_specific_bugs,0,34,0.0,,,True,False,False,google_play,,False,False,
2021-05_to_2021-06,multi_month,2021-05,2021-06,google_play,battery_life,1,34,2.941,100.0,0.0,True,False,False,google_play,,False,False,
2021-05_to_2021-06,multi_month,2021-05,2021-06,google_play,billing_disputes,3,34,8.824,0.0,100.0,True,False,False,google_play,,False,False,
2021-05_to_2021-06,multi_month,2021-05,2021-06,google_play,build_quality_perception,3,34,8.824,0.0,100.0,True,False,False,google_play,,False,False,
2021-05_to_2021-06,multi_month,2021-05,2021-06,google_play,cardiac_detection_trust,0,34,0.0,,,True,False,False,google_play,,False,False,
2021-05_to_2021-06,multi_month,2021-05,2021-06,google_play,comfort_fit,0,34,0.0,,,True,False,False,google_play,,False,False,
2021-05_to_2021-06,multi_month,2021-05,2021-06,google_play,crashes_freezes,1,34,2.941,100.0,0.0,True,False,False,google_play,,False,False,
2021-05_to_2021-06,multi_month,2021-05,2021-06,google_play,data_sync_delays,3,34,8.824,0.0,100.0,True,False,False,google_play,,False,False,
2021-05_to_2021-06,multi_month,2021-05,2021-06,google_play,device_rendering_bugs,1,34,2.941,0.0,0.0,True,False,False,google_play,,False,False,
2021-05_to_2021-06,multi_month,2021-05,2021-06,google_play,ecg_bp_feature_reliability,0,34,0.0,,,True,False,False,google_play,,False,False,
2021-05_to_2021-06,multi_month,2021-05,2021-06,google_play,english_jargon_complexity,0,34,0.0,,,True,False,False,google_play,,False,False,
2021-05_to_2021-06,multi_month,2021-05,2021-06,google_play,feature_ui_friction,0,34,0.0,,,True,False,False,google_play,,False,False,
2021-05_to_2021-06,multi_month,2021-05,2021-06,google_play,metric_accuracy,1,34,2.941,0.0,100.0,True,False,False,google_play,,False,False,
2021-05_to_2021-06,multi_month,2021-05,2021-06,google_play,missing_activity_types,0,34,0.0,,,True,False,False,google_play,,False,False,
2021-05_to_2021-06,multi_month,2021-05,2021-06,google_play,missing_language_support,0,34,0.0,,,True,False,False,google_play,,False,False,
2021-05_to_2021-06,multi_month,2021-05,2021-06,google_play,missing_metrics,4,34,11.765,75.0,0.0,True,False,False,google_play,,False,False,
2021-05_to_2021-06,multi_month,2021-05,2021-06,google_play,notification_community_issues,0,34,0.0,,,True,False,False,google_play,,False,False,
2021-05_to_2021-06,multi_month,2021-05,2021-06,google_play,onboarding_pairing,6,34,17.647,33.3,66.7,True,False,False,google_play,,False,False,
2021-05_to_2021-06,multi_month,2021-05,2021-06,google_play,ongoing_disconnects,5,34,14.706,20.0,60.0,True,False,False,google_play,,False,False,
2021-05_to_2021-06,multi_month,2021-05,2021-06,google_play,personalization_use_case_fit,1,34,2.941,100.0,0.0,True,False,False,google_play,,False,False,
2021-05_to_2021-06,multi_month,2021-05,2021-06,google_play,plan_trial_structure,0,34,0.0,,,True,False,False,google_play,,False,False,
2021-05_to_2021-06,multi_month,2021-05,2021-06,google_play,price_value_perception,4,34,11.765,25.0,75.0,True,False,False,google_play,,False,False,
2021-05_to_2021-06,multi_month,2021-05,2021-06,google_play,redesign_regression,1,34,2.941,0.0,100.0,True,False,False,google_play,,False,False,
2021-05_to_2021-06,multi_month,2021-05,2021-06,google_play,sleep_accuracy,0,34,0.0,,,True,False,False,google_play,,False,False,
2021-05_to_2021-06,multi_month,2021-05,2021-06,google_play,sleep_alarm_ui,0,34,0.0,,,True,False,False,google_play,,False,False,
2021-05_to_2021-06,multi_month,2021-05,2021-06,google_play,sleep_satisfaction,3,34,8.824,100.0,0.0,True,False,False,google_play,,False,False,
2021-05_to_2021-06,multi_month,2021-05,2021-06,google_play,strap_clasp_durability,1,34,2.941,0.0,100.0,True,False,False,google_play,,False,False,
2021-05_to_2021-06,multi_month,2021-05,2021-06,google_play,support_resolution_quality,0,34,0.0,,,True,False,False,google_play,,False,False,
2021-05_to_2021-06,multi_month,2021-05,2021-06,google_play,support_responsiveness,6,34,17.647,0.0,100.0,True,False,False,google_play,,False,False,
2021-05_to_2021-06,multi_month,2021-05,2021-06,google_play,support_satisfaction,2,34,5.882,100.0,0.0,True,False,False,google_play,,False,False,
2021-05_to_2021-06,multi_month,2021-05,2021-06,google_play,third_party_integration,1,34,2.941,100.0,0.0,True,False,False,google_play,,False,False,
2021-05_to_2021-06,multi_month,2021-05,2021-06,google_play,update_failures,3,34,8.824,33.3,33.3,True,False,False,google_play,,False,False,
2021-05_to_2021-06,multi_month,2021-05,2021-06,google_play,upsell_pressure,0,34,0.0,,,True,False,False,google_play,,False,False,
2021-07_to_2021-08,multi_month,2021-07,2021-08,google_play,ai_coach,0,32,0.0,,,True,False,False,google_play,,False,False,
2021-07_to_2021-08,multi_month,2021-07,2021-08,google_play,app_stability,2,32,6.25,0.0,100.0,True,False,False,google_play,,False,False,
2021-07_to_2021-08,multi_month,2021-07,2021-08,google_play,customer_support,7,32,21.875,28.6,71.4,True,False,False,google_play,,False,False,
2021-07_to_2021-08,multi_month,2021-07,2021-08,google_play,data_accuracy,7,32,21.875,14.3,85.7,True,False,False,google_play,,False,False,
2021-07_to_2021-08,multi_month,2021-07,2021-08,google_play,feature_requests,2,32,6.25,0.0,50.0,True,False,False,google_play,,False,False,
2021-07_to_2021-08,multi_month,2021-07,2021-08,google_play,hardware_wearability,5,32,15.625,0.0,100.0,True,False,False,google_play,,False,False,
2021-07_to_2021-08,multi_month,2021-07,2021-08,google_play,health_signal_reliability,0,32,0.0,,,True,False,False,google_play,,False,False,
2021-07_to_2021-08,multi_month,2021-07,2021-08,google_play,localization,0,32,0.0,,,True,False,False,google_play,,False,False,
2021-07_to_2021-08,multi_month,2021-07,2021-08,google_play,platform_parity,2,32,6.25,0.0,100.0,True,False,False,google_play,,False,False,
2021-07_to_2021-08,multi_month,2021-07,2021-08,google_play,pricing_billing,11,32,34.375,0.0,100.0,True,False,False,google_play,,False,False,
2021-07_to_2021-08,multi_month,2021-07,2021-08,google_play,sleep_tracking,7,32,21.875,42.9,57.1,True,False,False,google_play,,False,False,
2021-07_to_2021-08,multi_month,2021-07,2021-08,google_play,sync_connectivity,6,32,18.75,0.0,100.0,True,False,False,google_play,,False,False,
2021-07_to_2021-08,multi_month,2021-07,2021-08,google_play,ui_ux,3,32,9.375,0.0,66.7,True,False,False,google_play,,False,False,
2021-07_to_2021-08,multi_month,2021-07,2021-08,google_play,activity_detection,1,32,3.125,0.0,100.0,True,False,False,google_play,,False,False,
2021-07_to_2021-08,multi_month,2021-07,2021-08,google_play,ai_autonomy,0,32,0.0,,,True,False,False,google_play,,False,False,
2021-07_to_2021-08,multi_month,2021-07,2021-08,google_play,ai_only_support_channel,0,32,0.0,,,True,False,False,google_play,,False,False,
2021-07_to_2021-08,multi_month,2021-07,2021-08,google_play,ai_positive_reception,0,32,0.0,,,True,False,False,google_play,,False,False,
2021-07_to_2021-08,multi_month,2021-07,2021-08,google_play,ai_reliability_bugs,0,32,0.0,,,True,False,False,google_play,,False,False,
2021-07_to_2021-08,multi_month,2021-07,2021-08,google_play,android_feature_gaps,0,32,0.0,,,True,False,False,google_play,,False,False,
2021-07_to_2021-08,multi_month,2021-07,2021-08,google_play,android_specific_bugs,2,32,6.25,0.0,100.0,True,False,False,google_play,,False,False,
2021-07_to_2021-08,multi_month,2021-07,2021-08,google_play,battery_life,1,32,3.125,0.0,100.0,True,False,False,google_play,,False,False,
2021-07_to_2021-08,multi_month,2021-07,2021-08,google_play,billing_disputes,3,32,9.375,0.0,100.0,True,False,False,google_play,,False,False,
2021-07_to_2021-08,multi_month,2021-07,2021-08,google_play,build_quality_perception,1,32,3.125,0.0,100.0,True,False,False,google_play,,False,False,
2021-07_to_2021-08,multi_month,2021-07,2021-08,google_play,cardiac_detection_trust,0,32,0.0,,,True,False,False,google_play,,False,False,
2021-07_to_2021-08,multi_month,2021-07,2021-08,google_play,comfort_fit,1,32,3.125,0.0,100.0,True,False,False,google_play,,False,False,
2021-07_to_2021-08,multi_month,2021-07,2021-08,google_play,crashes_freezes,0,32,0.0,,,True,False,False,google_play,,False,False,
2021-07_to_2021-08,multi_month,2021-07,2021-08,google_play,data_sync_delays,3,32,9.375,0.0,100.0,True,False,False,google_play,,False,False,
2021-07_to_2021-08,multi_month,2021-07,2021-08,google_play,device_rendering_bugs,0,32,0.0,,,True,False,False,google_play,,False,False,
2021-07_to_2021-08,multi_month,2021-07,2021-08,google_play,ecg_bp_feature_reliability,0,32,0.0,,,True,False,False,google_play,,False,False,
2021-07_to_2021-08,multi_month,2021-07,2021-08,google_play,english_jargon_complexity,0,32,0.0,,,True,False,False,google_play,,False,False,
2021-07_to_2021-08,multi_month,2021-07,2021-08,google_play,feature_ui_friction,1,32,3.125,0.0,0.0,True,False,False,google_play,,False,False,
2021-07_to_2021-08,multi_month,2021-07,2021-08,google_play,metric_accuracy,7,32,21.875,14.3,85.7,True,False,False,google_play,,False,False,
2021-07_to_2021-08,multi_month,2021-07,2021-08,google_play,missing_activity_types,0,32,0.0,,,True,False,False,google_play,,False,False,
2021-07_to_2021-08,multi_month,2021-07,2021-08,google_play,missing_language_support,0,32,0.0,,,True,False,False,google_play,,False,False,
2021-07_to_2021-08,multi_month,2021-07,2021-08,google_play,missing_metrics,1,32,3.125,0.0,0.0,True,False,False,google_play,,False,False,
2021-07_to_2021-08,multi_month,2021-07,2021-08,google_play,notification_community_issues,1,32,3.125,0.0,100.0,True,False,False,google_play,,False,False,
2021-07_to_2021-08,multi_month,2021-07,2021-08,google_play,onboarding_pairing,0,32,0.0,,,True,False,False,google_play,,False,False,
2021-07_to_2021-08,multi_month,2021-07,2021-08,google_play,ongoing_disconnects,3,32,9.375,0.0,100.0,True,False,False,google_play,,False,False,
2021-07_to_2021-08,multi_month,2021-07,2021-08,google_play,personalization_use_case_fit,1,32,3.125,0.0,100.0,True,False,False,google_play,,False,False,
2021-07_to_2021-08,multi_month,2021-07,2021-08,google_play,plan_trial_structure,1,32,3.125,0.0,100.0,True,False,False,google_play,,False,False,
2021-07_to_2021-08,multi_month,2021-07,2021-08,google_play,price_value_perception,10,32,31.25,0.0,100.0,True,False,False,google_play,,False,False,
2021-07_to_2021-08,multi_month,2021-07,2021-08,google_play,redesign_regression,1,32,3.125,0.0,100.0,True,False,False,google_play,,False,False,
2021-07_to_2021-08,multi_month,2021-07,2021-08,google_play,sleep_accuracy,4,32,12.5,0.0,100.0,True,False,False,google_play,,False,False,
2021-07_to_2021-08,multi_month,2021-07,2021-08,google_play,sleep_alarm_ui,0,32,0.0,,,True,False,False,google_play,,False,False,
2021-07_to_2021-08,multi_month,2021-07,2021-08,google_play,sleep_satisfaction,3,32,9.375,100.0,0.0,True,False,False,google_play,,False,False,
2021-07_to_2021-08,multi_month,2021-07,2021-08,google_play,strap_clasp_durability,2,32,6.25,0.0,100.0,True,False,False,google_play,,False,False,
2021-07_to_2021-08,multi_month,2021-07,2021-08,google_play,support_resolution_quality,3,32,9.375,0.0,100.0,True,False,False,google_play,,False,False,
2021-07_to_2021-08,multi_month,2021-07,2021-08,google_play,support_responsiveness,2,32,6.25,0.0,100.0,True,False,False,google_play,,False,False,
2021-07_to_2021-08,multi_month,2021-07,2021-08,google_play,support_satisfaction,2,32,6.25,100.0,0.0,True,False,False,google_play,,False,False,
2021-07_to_2021-08,multi_month,2021-07,2021-08,google_play,third_party_integration,0,32,0.0,,,True,False,False,google_play,,False,False,
2021-07_to_2021-08,multi_month,2021-07,2021-08,google_play,update_failures,2,32,6.25,0.0,100.0,True,False,False,google_play,,False,False,
2021-07_to_2021-08,multi_month,2021-07,2021-08,google_play,upsell_pressure,0,32,0.0,,,True,False,False,google_play,,False,False,
2021-09_to_2021-10,multi_month,2021-09,2021-10,google_play,ai_coach,0,41,0.0,,,True,False,False,google_play,,False,False,
2021-09_to_2021-10,multi_month,2021-09,2021-10,google_play,app_stability,2,41,4.878,0.0,100.0,True,False,False,google_play,,False,False,
2021-09_to_2021-10,multi_month,2021-09,2021-10,google_play,customer_support,8,41,19.512,0.0,100.0,True,False,False,google_play,,False,False,
2021-09_to_2021-10,multi_month,2021-09,2021-10,google_play,data_accuracy,5,41,12.195,20.0,80.0,True,False,False,google_play,,False,False,
2021-09_to_2021-10,multi_month,2021-09,2021-10,google_play,feature_requests,3,41,7.317,33.3,66.7,True,False,False,google_play,,False,False,
2021-09_to_2021-10,multi_month,2021-09,2021-10,google_play,hardware_wearability,10,41,24.39,10.0,80.0,True,False,False,google_play,,False,False,
2021-09_to_2021-10,multi_month,2021-09,2021-10,google_play,health_signal_reliability,0,41,0.0,,,True,False,False,google_play,,False,False,
2021-09_to_2021-10,multi_month,2021-09,2021-10,google_play,localization,0,41,0.0,,,True,False,False,google_play,,False,False,
2021-09_to_2021-10,multi_month,2021-09,2021-10,google_play,platform_parity,2,41,4.878,0.0,100.0,True,False,False,google_play,,False,False,
2021-09_to_2021-10,multi_month,2021-09,2021-10,google_play,pricing_billing,12,41,29.268,0.0,75.0,True,False,False,google_play,,False,False,
2021-09_to_2021-10,multi_month,2021-09,2021-10,google_play,sleep_tracking,4,41,9.756,25.0,50.0,True,False,False,google_play,,False,False,
2021-09_to_2021-10,multi_month,2021-09,2021-10,google_play,sync_connectivity,22,41,53.659,13.6,77.3,True,False,False,google_play,,False,False,
2021-09_to_2021-10,multi_month,2021-09,2021-10,google_play,ui_ux,2,41,4.878,50.0,50.0,True,False,False,google_play,,False,False,
2021-09_to_2021-10,multi_month,2021-09,2021-10,google_play,activity_detection,1,41,2.439,100.0,0.0,True,False,False,google_play,,False,False,
2021-09_to_2021-10,multi_month,2021-09,2021-10,google_play,ai_autonomy,0,41,0.0,,,True,False,False,google_play,,False,False,
2021-09_to_2021-10,multi_month,2021-09,2021-10,google_play,ai_only_support_channel,0,41,0.0,,,True,False,False,google_play,,False,False,
2021-09_to_2021-10,multi_month,2021-09,2021-10,google_play,ai_positive_reception,0,41,0.0,,,True,False,False,google_play,,False,False,
2021-09_to_2021-10,multi_month,2021-09,2021-10,google_play,ai_reliability_bugs,0,41,0.0,,,True,False,False,google_play,,False,False,
2021-09_to_2021-10,multi_month,2021-09,2021-10,google_play,android_feature_gaps,1,41,2.439,0.0,100.0,True,False,False,google_play,,False,False,
2021-09_to_2021-10,multi_month,2021-09,2021-10,google_play,android_specific_bugs,1,41,2.439,0.0,100.0,True,False,False,google_play,,False,False,
2021-09_to_2021-10,multi_month,2021-09,2021-10,google_play,battery_life,3,41,7.317,33.3,66.7,True,False,False,google_play,,False,False,
2021-09_to_2021-10,multi_month,2021-09,2021-10,google_play,billing_disputes,6,41,14.634,0.0,100.0,True,False,False,google_play,,False,False,
2021-09_to_2021-10,multi_month,2021-09,2021-10,google_play,build_quality_perception,5,41,12.195,20.0,60.0,True,False,False,google_play,,False,False,
2021-09_to_2021-10,multi_month,2021-09,2021-10,google_play,cardiac_detection_trust,0,41,0.0,,,True,False,False,google_play,,False,False,
2021-09_to_2021-10,multi_month,2021-09,2021-10,google_play,comfort_fit,3,41,7.317,0.0,100.0,True,False,False,google_play,,False,False,
2021-09_to_2021-10,multi_month,2021-09,2021-10,google_play,crashes_freezes,0,41,0.0,,,True,False,False,google_play,,False,False,
2021-09_to_2021-10,multi_month,2021-09,2021-10,google_play,data_sync_delays,3,41,7.317,0.0,66.7,True,False,False,google_play,,False,False,
2021-09_to_2021-10,multi_month,2021-09,2021-10,google_play,device_rendering_bugs,0,41,0.0,,,True,False,False,google_play,,False,False,
2021-09_to_2021-10,multi_month,2021-09,2021-10,google_play,ecg_bp_feature_reliability,0,41,0.0,,,True,False,False,google_play,,False,False,
2021-09_to_2021-10,multi_month,2021-09,2021-10,google_play,english_jargon_complexity,0,41,0.0,,,True,False,False,google_play,,False,False,
2021-09_to_2021-10,multi_month,2021-09,2021-10,google_play,feature_ui_friction,1,41,2.439,100.0,0.0,True,False,False,google_play,,False,False,
2021-09_to_2021-10,multi_month,2021-09,2021-10,google_play,metric_accuracy,4,41,9.756,0.0,100.0,True,False,False,google_play,,False,False,
2021-09_to_2021-10,multi_month,2021-09,2021-10,google_play,missing_activity_types,2,41,4.878,50.0,50.0,True,False,False,google_play,,False,False,
2021-09_to_2021-10,multi_month,2021-09,2021-10,google_play,missing_language_support,0,41,0.0,,,True,False,False,google_play,,False,False,
2021-09_to_2021-10,multi_month,2021-09,2021-10,google_play,missing_metrics,0,41,0.0,,,True,False,False,google_play,,False,False,
2021-09_to_2021-10,multi_month,2021-09,2021-10,google_play,notification_community_issues,0,41,0.0,,,True,False,False,google_play,,False,False,
2021-09_to_2021-10,multi_month,2021-09,2021-10,google_play,onboarding_pairing,1,41,2.439,0.0,100.0,True,False,False,google_play,,False,False,
2021-09_to_2021-10,multi_month,2021-09,2021-10,google_play,ongoing_disconnects,20,41,48.78,15.0,80.0,True,False,False,google_play,,False,False,
2021-09_to_2021-10,multi_month,2021-09,2021-10,google_play,personalization_use_case_fit,1,41,2.439,0.0,100.0,True,False,False,google_play,,False,False,
2021-09_to_2021-10,multi_month,2021-09,2021-10,google_play,plan_trial_structure,0,41,0.0,,,True,False,False,google_play,,False,False,
2021-09_to_2021-10,multi_month,2021-09,2021-10,google_play,price_value_perception,8,41,19.512,0.0,75.0,True,False,False,google_play,,False,False,
2021-09_to_2021-10,multi_month,2021-09,2021-10,google_play,redesign_regression,1,41,2.439,0.0,100.0,True,False,False,google_play,,False,False,
2021-09_to_2021-10,multi_month,2021-09,2021-10,google_play,sleep_accuracy,2,41,4.878,0.0,100.0,True,False,False,google_play,,False,False,
2021-09_to_2021-10,multi_month,2021-09,2021-10,google_play,sleep_alarm_ui,1,41,2.439,0.0,0.0,True,False,False,google_play,,False,False,
2021-09_to_2021-10,multi_month,2021-09,2021-10,google_play,sleep_satisfaction,1,41,2.439,100.0,0.0,True,False,False,google_play,,False,False,
2021-09_to_2021-10,multi_month,2021-09,2021-10,google_play,strap_clasp_durability,0,41,0.0,,,True,False,False,google_play,,False,False,
2021-09_to_2021-10,multi_month,2021-09,2021-10,google_play,support_resolution_quality,5,41,12.195,0.0,100.0,True,False,False,google_play,,False,False,
2021-09_to_2021-10,multi_month,2021-09,2021-10,google_play,support_responsiveness,5,41,12.195,0.0,100.0,True,False,False,google_play,,False,False,
2021-09_to_2021-10,multi_month,2021-09,2021-10,google_play,support_satisfaction,0,41,0.0,,,True,False,False,google_play,,False,False,
2021-09_to_2021-10,multi_month,2021-09,2021-10,google_play,third_party_integration,0,41,0.0,,,True,False,False,google_play,,False,False,
2021-09_to_2021-10,multi_month,2021-09,2021-10,google_play,update_failures,2,41,4.878,0.0,100.0,True,False,False,google_play,,False,False,
2021-09_to_2021-10,multi_month,2021-09,2021-10,google_play,upsell_pressure,1,41,2.439,0.0,0.0,True,False,False,google_play,,False,False,
2021-11,month,2021-11,2021-11,google_play,ai_coach,0,35,0.0,,,True,False,False,google_play,,False,False,
2021-11,month,2021-11,2021-11,google_play,app_stability,4,35,11.429,0.0,100.0,True,False,False,google_play,,False,False,
2021-11,month,2021-11,2021-11,google_play,customer_support,11,35,31.429,9.1,81.8,True,False,False,google_play,,False,False,
2021-11,month,2021-11,2021-11,google_play,data_accuracy,2,35,5.714,50.0,50.0,True,False,False,google_play,,False,False,
2021-11,month,2021-11,2021-11,google_play,feature_requests,3,35,8.571,66.7,33.3,True,False,False,google_play,,False,False,
2021-11,month,2021-11,2021-11,google_play,hardware_wearability,3,35,8.571,0.0,33.3,True,False,False,google_play,,False,False,
2021-11,month,2021-11,2021-11,google_play,health_signal_reliability,0,35,0.0,,,True,False,False,google_play,,False,False,
2021-11,month,2021-11,2021-11,google_play,localization,0,35,0.0,,,True,False,False,google_play,,False,False,
2021-11,month,2021-11,2021-11,google_play,platform_parity,5,35,14.286,20.0,80.0,True,False,False,google_play,,False,False,
2021-11,month,2021-11,2021-11,google_play,pricing_billing,9,35,25.714,0.0,88.9,True,False,False,google_play,,False,False,
2021-11,month,2021-11,2021-11,google_play,sleep_tracking,2,35,5.714,0.0,100.0,True,False,False,google_play,,False,False,
2021-11,month,2021-11,2021-11,google_play,sync_connectivity,25,35,71.429,8.0,84.0,True,False,False,google_play,,False,False,
2021-11,month,2021-11,2021-11,google_play,ui_ux,2,35,5.714,0.0,100.0,True,False,False,google_play,,False,False,
2021-11,month,2021-11,2021-11,google_play,activity_detection,1,35,2.857,0.0,100.0,True,False,False,google_play,,False,False,
2021-11,month,2021-11,2021-11,google_play,ai_autonomy,0,35,0.0,,,True,False,False,google_play,,False,False,
2021-11,month,2021-11,2021-11,google_play,ai_only_support_channel,0,35,0.0,,,True,False,False,google_play,,False,False,
2021-11,month,2021-11,2021-11,google_play,ai_positive_reception,0,35,0.0,,,True,False,False,google_play,,False,False,
2021-11,month,2021-11,2021-11,google_play,ai_reliability_bugs,0,35,0.0,,,True,False,False,google_play,,False,False,
2021-11,month,2021-11,2021-11,google_play,android_feature_gaps,0,35,0.0,,,True,False,False,google_play,,False,False,
2021-11,month,2021-11,2021-11,google_play,android_specific_bugs,5,35,14.286,20.0,80.0,True,False,False,google_play,,False,False,
2021-11,month,2021-11,2021-11,google_play,battery_life,3,35,8.571,0.0,33.3,True,False,False,google_play,,False,False,
2021-11,month,2021-11,2021-11,google_play,billing_disputes,3,35,8.571,0.0,100.0,True,False,False,google_play,,False,False,
2021-11,month,2021-11,2021-11,google_play,build_quality_perception,1,35,2.857,0.0,100.0,True,False,False,google_play,,False,False,
2021-11,month,2021-11,2021-11,google_play,cardiac_detection_trust,0,35,0.0,,,True,False,False,google_play,,False,False,
2021-11,month,2021-11,2021-11,google_play,comfort_fit,0,35,0.0,,,True,False,False,google_play,,False,False,
2021-11,month,2021-11,2021-11,google_play,crashes_freezes,2,35,5.714,0.0,100.0,True,False,False,google_play,,False,False,
2021-11,month,2021-11,2021-11,google_play,data_sync_delays,6,35,17.143,16.7,66.7,True,False,False,google_play,,False,False,
2021-11,month,2021-11,2021-11,google_play,device_rendering_bugs,0,35,0.0,,,True,False,False,google_play,,False,False,
2021-11,month,2021-11,2021-11,google_play,ecg_bp_feature_reliability,0,35,0.0,,,True,False,False,google_play,,False,False,
2021-11,month,2021-11,2021-11,google_play,english_jargon_complexity,0,35,0.0,,,True,False,False,google_play,,False,False,
2021-11,month,2021-11,2021-11,google_play,feature_ui_friction,1,35,2.857,0.0,100.0,True,False,False,google_play,,False,False,
2021-11,month,2021-11,2021-11,google_play,metric_accuracy,1,35,2.857,100.0,0.0,True,False,False,google_play,,False,False,
2021-11,month,2021-11,2021-11,google_play,missing_activity_types,1,35,2.857,0.0,100.0,True,False,False,google_play,,False,False,
2021-11,month,2021-11,2021-11,google_play,missing_language_support,0,35,0.0,,,True,False,False,google_play,,False,False,
2021-11,month,2021-11,2021-11,google_play,missing_metrics,1,35,2.857,100.0,0.0,True,False,False,google_play,,False,False,
2021-11,month,2021-11,2021-11,google_play,notification_community_issues,1,35,2.857,0.0,100.0,True,False,False,google_play,,False,False,
2021-11,month,2021-11,2021-11,google_play,onboarding_pairing,1,35,2.857,0.0,100.0,True,False,False,google_play,,False,False,
2021-11,month,2021-11,2021-11,google_play,ongoing_disconnects,21,35,60.0,4.8,90.5,True,False,False,google_play,,False,False,
2021-11,month,2021-11,2021-11,google_play,personalization_use_case_fit,1,35,2.857,100.0,0.0,True,False,False,google_play,,False,False,
2021-11,month,2021-11,2021-11,google_play,plan_trial_structure,1,35,2.857,0.0,100.0,True,False,False,google_play,,False,False,
2021-11,month,2021-11,2021-11,google_play,price_value_perception,6,35,17.143,0.0,83.3,True,False,False,google_play,,False,False,
2021-11,month,2021-11,2021-11,google_play,redesign_regression,0,35,0.0,,,True,False,False,google_play,,False,False,
2021-11,month,2021-11,2021-11,google_play,sleep_accuracy,2,35,5.714,0.0,100.0,True,False,False,google_play,,False,False,
2021-11,month,2021-11,2021-11,google_play,sleep_alarm_ui,0,35,0.0,,,True,False,False,google_play,,False,False,
2021-11,month,2021-11,2021-11,google_play,sleep_satisfaction,0,35,0.0,,,True,False,False,google_play,,False,False,
2021-11,month,2021-11,2021-11,google_play,strap_clasp_durability,0,35,0.0,,,True,False,False,google_play,,False,False,
2021-11,month,2021-11,2021-11,google_play,support_resolution_quality,5,35,14.286,0.0,100.0,True,False,False,google_play,,False,False,
2021-11,month,2021-11,2021-11,google_play,support_responsiveness,8,35,22.857,0.0,87.5,True,False,False,google_play,,False,False,
2021-11,month,2021-11,2021-11,google_play,support_satisfaction,1,35,2.857,100.0,0.0,True,False,False,google_play,,False,False,
2021-11,month,2021-11,2021-11,google_play,third_party_integration,0,35,0.0,,,True,False,False,google_play,,False,False,
2021-11,month,2021-11,2021-11,google_play,update_failures,3,35,8.571,0.0,100.0,True,False,False,google_play,,False,False,
2021-11,month,2021-11,2021-11,google_play,upsell_pressure,0,35,0.0,,,True,False,False,google_play,,False,False,
2021-12,month,2021-12,2021-12,google_play,ai_coach,0,39,0.0,,,True,False,False,google_play,,False,False,
2021-12,month,2021-12,2021-12,google_play,app_stability,8,39,20.513,12.5,62.5,True,False,False,google_play,,False,False,
2021-12,month,2021-12,2021-12,google_play,customer_support,8,39,20.513,25.0,75.0,True,False,False,google_play,,False,False,
2021-12,month,2021-12,2021-12,google_play,data_accuracy,3,39,7.692,33.3,66.7,True,False,False,google_play,,False,False,
2021-12,month,2021-12,2021-12,google_play,feature_requests,1,39,2.564,0.0,100.0,True,False,False,google_play,,False,False,
2021-12,month,2021-12,2021-12,google_play,hardware_wearability,11,39,28.205,18.2,81.8,True,False,False,google_play,,False,False,
2021-12,month,2021-12,2021-12,google_play,health_signal_reliability,0,39,0.0,,,True,False,False,google_play,,False,False,
2021-12,month,2021-12,2021-12,google_play,localization,0,39,0.0,,,True,False,False,google_play,,False,False,
2021-12,month,2021-12,2021-12,google_play,platform_parity,1,39,2.564,0.0,100.0,True,False,False,google_play,,False,False,
2021-12,month,2021-12,2021-12,google_play,pricing_billing,6,39,15.385,16.7,66.7,True,False,False,google_play,,False,False,
2021-12,month,2021-12,2021-12,google_play,sleep_tracking,7,39,17.949,28.6,71.4,True,False,False,google_play,,False,False,
2021-12,month,2021-12,2021-12,google_play,sync_connectivity,23,39,58.974,4.3,78.3,True,False,False,google_play,,False,False,
2021-12,month,2021-12,2021-12,google_play,ui_ux,2,39,5.128,0.0,100.0,True,False,False,google_play,,False,False,
2021-12,month,2021-12,2021-12,google_play,activity_detection,2,39,5.128,50.0,50.0,True,False,False,google_play,,False,False,
2021-12,month,2021-12,2021-12,google_play,ai_autonomy,0,39,0.0,,,True,False,False,google_play,,False,False,
2021-12,month,2021-12,2021-12,google_play,ai_only_support_channel,0,39,0.0,,,True,False,False,google_play,,False,False,
2021-12,month,2021-12,2021-12,google_play,ai_positive_reception,0,39,0.0,,,True,False,False,google_play,,False,False,
2021-12,month,2021-12,2021-12,google_play,ai_reliability_bugs,0,39,0.0,,,True,False,False,google_play,,False,False,
2021-12,month,2021-12,2021-12,google_play,android_feature_gaps,0,39,0.0,,,True,False,False,google_play,,False,False,
2021-12,month,2021-12,2021-12,google_play,android_specific_bugs,1,39,2.564,0.0,100.0,True,False,False,google_play,,False,False,
2021-12,month,2021-12,2021-12,google_play,battery_life,5,39,12.821,40.0,60.0,True,False,False,google_play,,False,False,
2021-12,month,2021-12,2021-12,google_play,billing_disputes,1,39,2.564,0.0,100.0,True,False,False,google_play,,False,False,
2021-12,month,2021-12,2021-12,google_play,build_quality_perception,8,39,20.513,0.0,100.0,True,False,False,google_play,,False,False,
2021-12,month,2021-12,2021-12,google_play,cardiac_detection_trust,0,39,0.0,,,True,False,False,google_play,,False,False,
2021-12,month,2021-12,2021-12,google_play,comfort_fit,0,39,0.0,,,True,False,False,google_play,,False,False,
2021-12,month,2021-12,2021-12,google_play,crashes_freezes,5,39,12.821,0.0,60.0,True,False,False,google_play,,False,False,
2021-12,month,2021-12,2021-12,google_play,data_sync_delays,13,39,33.333,0.0,84.6,True,False,False,google_play,,False,False,
2021-12,month,2021-12,2021-12,google_play,device_rendering_bugs,0,39,0.0,,,True,False,False,google_play,,False,False,
2021-12,month,2021-12,2021-12,google_play,ecg_bp_feature_reliability,0,39,0.0,,,True,False,False,google_play,,False,False,
2021-12,month,2021-12,2021-12,google_play,english_jargon_complexity,0,39,0.0,,,True,False,False,google_play,,False,False,
2021-12,month,2021-12,2021-12,google_play,feature_ui_friction,2,39,5.128,0.0,100.0,True,False,False,google_play,,False,False,
2021-12,month,2021-12,2021-12,google_play,metric_accuracy,1,39,2.564,0.0,100.0,True,False,False,google_play,,False,False,
2021-12,month,2021-12,2021-12,google_play,missing_activity_types,0,39,0.0,,,True,False,False,google_play,,False,False,
2021-12,month,2021-12,2021-12,google_play,missing_language_support,0,39,0.0,,,True,False,False,google_play,,False,False,
2021-12,month,2021-12,2021-12,google_play,missing_metrics,0,39,0.0,,,True,False,False,google_play,,False,False,
2021-12,month,2021-12,2021-12,google_play,notification_community_issues,0,39,0.0,,,True,False,False,google_play,,False,False,
2021-12,month,2021-12,2021-12,google_play,onboarding_pairing,1,39,2.564,0.0,100.0,True,False,False,google_play,,False,False,
2021-12,month,2021-12,2021-12,google_play,ongoing_disconnects,15,39,38.462,6.7,73.3,True,False,False,google_play,,False,False,
2021-12,month,2021-12,2021-12,google_play,personalization_use_case_fit,1,39,2.564,0.0,100.0,True,False,False,google_play,,False,False,
2021-12,month,2021-12,2021-12,google_play,plan_trial_structure,0,39,0.0,,,True,False,False,google_play,,False,False,
2021-12,month,2021-12,2021-12,google_play,price_value_perception,5,39,12.821,20.0,60.0,True,False,False,google_play,,False,False,
2021-12,month,2021-12,2021-12,google_play,redesign_regression,0,39,0.0,,,True,False,False,google_play,,False,False,
2021-12,month,2021-12,2021-12,google_play,sleep_accuracy,5,39,12.821,0.0,100.0,True,False,False,google_play,,False,False,
2021-12,month,2021-12,2021-12,google_play,sleep_alarm_ui,0,39,0.0,,,True,False,False,google_play,,False,False,
2021-12,month,2021-12,2021-12,google_play,sleep_satisfaction,2,39,5.128,100.0,0.0,True,False,False,google_play,,False,False,
2021-12,month,2021-12,2021-12,google_play,strap_clasp_durability,2,39,5.128,0.0,100.0,True,False,False,google_play,,False,False,
2021-12,month,2021-12,2021-12,google_play,support_resolution_quality,6,39,15.385,0.0,100.0,True,False,False,google_play,,False,False,
2021-12,month,2021-12,2021-12,google_play,support_responsiveness,1,39,2.564,0.0,100.0,True,False,False,google_play,,False,False,
2021-12,month,2021-12,2021-12,google_play,support_satisfaction,2,39,5.128,100.0,0.0,True,False,False,google_play,,False,False,
2021-12,month,2021-12,2021-12,google_play,third_party_integration,0,39,0.0,,,True,False,False,google_play,,False,False,
2021-12,month,2021-12,2021-12,google_play,update_failures,5,39,12.821,20.0,60.0,True,False,False,google_play,,False,False,
2021-12,month,2021-12,2021-12,google_play,upsell_pressure,0,39,0.0,,,True,False,False,google_play,,False,False,
2022-01,month,2022-01,2022-01,google_play,ai_coach,0,46,0.0,,,True,False,False,google_play,,False,False,
2022-01,month,2022-01,2022-01,google_play,app_stability,9,46,19.565,22.2,66.7,True,False,False,google_play,,False,False,
2022-01,month,2022-01,2022-01,google_play,customer_support,8,46,17.391,0.0,75.0,True,False,False,google_play,,False,False,
2022-01,month,2022-01,2022-01,google_play,data_accuracy,4,46,8.696,0.0,100.0,True,False,False,google_play,,False,False,
2022-01,month,2022-01,2022-01,google_play,feature_requests,2,46,4.348,100.0,0.0,True,False,False,google_play,,False,False,
2022-01,month,2022-01,2022-01,google_play,hardware_wearability,12,46,26.087,0.0,75.0,True,False,False,google_play,,False,False,
2022-01,month,2022-01,2022-01,google_play,health_signal_reliability,0,46,0.0,,,True,False,False,google_play,,False,False,
2022-01,month,2022-01,2022-01,google_play,localization,0,46,0.0,,,True,False,False,google_play,,False,False,
2022-01,month,2022-01,2022-01,google_play,platform_parity,2,46,4.348,0.0,50.0,True,False,False,google_play,,False,False,
2022-01,month,2022-01,2022-01,google_play,pricing_billing,7,46,15.217,0.0,100.0,True,False,False,google_play,,False,False,
2022-01,month,2022-01,2022-01,google_play,sleep_tracking,6,46,13.043,83.3,16.7,True,False,False,google_play,,False,False,
2022-01,month,2022-01,2022-01,google_play,sync_connectivity,21,46,45.652,9.5,76.2,True,False,False,google_play,,False,False,
2022-01,month,2022-01,2022-01,google_play,ui_ux,1,46,2.174,0.0,0.0,True,False,False,google_play,,False,False,
2022-01,month,2022-01,2022-01,google_play,activity_detection,0,46,0.0,,,True,False,False,google_play,,False,False,
2022-01,month,2022-01,2022-01,google_play,ai_autonomy,0,46,0.0,,,True,False,False,google_play,,False,False,
2022-01,month,2022-01,2022-01,google_play,ai_only_support_channel,2,46,4.348,0.0,100.0,True,False,False,google_play,,False,False,
2022-01,month,2022-01,2022-01,google_play,ai_positive_reception,0,46,0.0,,,True,False,False,google_play,,False,False,
2022-01,month,2022-01,2022-01,google_play,ai_reliability_bugs,0,46,0.0,,,True,False,False,google_play,,False,False,
2022-01,month,2022-01,2022-01,google_play,android_feature_gaps,0,46,0.0,,,True,False,False,google_play,,False,False,
2022-01,month,2022-01,2022-01,google_play,android_specific_bugs,2,46,4.348,0.0,50.0,True,False,False,google_play,,False,False,
2022-01,month,2022-01,2022-01,google_play,battery_life,4,46,8.696,0.0,75.0,True,False,False,google_play,,False,False,
2022-01,month,2022-01,2022-01,google_play,billing_disputes,4,46,8.696,0.0,100.0,True,False,False,google_play,,False,False,
2022-01,month,2022-01,2022-01,google_play,build_quality_perception,9,46,19.565,0.0,77.8,True,False,False,google_play,,False,False,
2022-01,month,2022-01,2022-01,google_play,cardiac_detection_trust,0,46,0.0,,,True,False,False,google_play,,False,False,
2022-01,month,2022-01,2022-01,google_play,comfort_fit,0,46,0.0,,,True,False,False,google_play,,False,False,
2022-01,month,2022-01,2022-01,google_play,crashes_freezes,8,46,17.391,25.0,62.5,True,False,False,google_play,,False,False,
2022-01,month,2022-01,2022-01,google_play,data_sync_delays,9,46,19.565,11.1,77.8,True,False,False,google_play,,False,False,
2022-01,month,2022-01,2022-01,google_play,device_rendering_bugs,0,46,0.0,,,True,False,False,google_play,,False,False,
2022-01,month,2022-01,2022-01,google_play,ecg_bp_feature_reliability,0,46,0.0,,,True,False,False,google_play,,False,False,
2022-01,month,2022-01,2022-01,google_play,english_jargon_complexity,0,46,0.0,,,True,False,False,google_play,,False,False,
2022-01,month,2022-01,2022-01,google_play,feature_ui_friction,0,46,0.0,,,True,False,False,google_play,,False,False,
2022-01,month,2022-01,2022-01,google_play,metric_accuracy,4,46,8.696,0.0,100.0,True,False,False,google_play,,False,False,
2022-01,month,2022-01,2022-01,google_play,missing_activity_types,0,46,0.0,,,True,False,False,google_play,,False,False,
2022-01,month,2022-01,2022-01,google_play,missing_language_support,0,46,0.0,,,True,False,False,google_play,,False,False,
2022-01,month,2022-01,2022-01,google_play,missing_metrics,2,46,4.348,100.0,0.0,True,False,False,google_play,,False,False,
2022-01,month,2022-01,2022-01,google_play,notification_community_issues,1,46,2.174,0.0,0.0,True,False,False,google_play,,False,False,
2022-01,month,2022-01,2022-01,google_play,onboarding_pairing,3,46,6.522,0.0,100.0,True,False,False,google_play,,False,False,
2022-01,month,2022-01,2022-01,google_play,ongoing_disconnects,14,46,30.435,14.3,71.4,True,False,False,google_play,,False,False,
2022-01,month,2022-01,2022-01,google_play,personalization_use_case_fit,0,46,0.0,,,True,False,False,google_play,,False,False,
2022-01,month,2022-01,2022-01,google_play,plan_trial_structure,0,46,0.0,,,True,False,False,google_play,,False,False,
2022-01,month,2022-01,2022-01,google_play,price_value_perception,4,46,8.696,0.0,100.0,True,False,False,google_play,,False,False,
2022-01,month,2022-01,2022-01,google_play,redesign_regression,0,46,0.0,,,True,False,False,google_play,,False,False,
2022-01,month,2022-01,2022-01,google_play,sleep_accuracy,1,46,2.174,100.0,0.0,True,False,False,google_play,,False,False,
2022-01,month,2022-01,2022-01,google_play,sleep_alarm_ui,1,46,2.174,0.0,100.0,True,False,False,google_play,,False,False,
2022-01,month,2022-01,2022-01,google_play,sleep_satisfaction,4,46,8.696,100.0,0.0,True,False,False,google_play,,False,False,
2022-01,month,2022-01,2022-01,google_play,strap_clasp_durability,0,46,0.0,,,True,False,False,google_play,,False,False,
2022-01,month,2022-01,2022-01,google_play,support_resolution_quality,4,46,8.696,0.0,75.0,True,False,False,google_play,,False,False,
2022-01,month,2022-01,2022-01,google_play,support_responsiveness,2,46,4.348,0.0,50.0,True,False,False,google_play,,False,False,
2022-01,month,2022-01,2022-01,google_play,support_satisfaction,0,46,0.0,,,True,False,False,google_play,,False,False,
2022-01,month,2022-01,2022-01,google_play,third_party_integration,1,46,2.174,100.0,0.0,True,False,False,google_play,,False,False,
2022-01,month,2022-01,2022-01,google_play,update_failures,2,46,4.348,0.0,100.0,True,False,False,google_play,,False,False,
2022-01,month,2022-01,2022-01,google_play,upsell_pressure,0,46,0.0,,,True,False,False,google_play,,False,False,
2022-02_to_2022-03,multi_month,2022-02,2022-03,google_play,ai_coach,0,55,0.0,,,True,False,False,google_play,,False,False,
2022-02_to_2022-03,multi_month,2022-02,2022-03,google_play,app_stability,8,55,14.545,0.0,100.0,True,False,False,google_play,,False,False,
2022-02_to_2022-03,multi_month,2022-02,2022-03,google_play,customer_support,15,55,27.273,6.7,93.3,True,False,False,google_play,,False,False,
2022-02_to_2022-03,multi_month,2022-02,2022-03,google_play,data_accuracy,6,55,10.909,0.0,100.0,True,False,False,google_play,,False,False,
2022-02_to_2022-03,multi_month,2022-02,2022-03,google_play,feature_requests,5,55,9.091,40.0,40.0,True,False,False,google_play,,False,False,
2022-02_to_2022-03,multi_month,2022-02,2022-03,google_play,hardware_wearability,11,55,20.0,9.1,81.8,True,False,False,google_play,,False,False,
2022-02_to_2022-03,multi_month,2022-02,2022-03,google_play,health_signal_reliability,0,55,0.0,,,True,False,False,google_play,,False,False,
2022-02_to_2022-03,multi_month,2022-02,2022-03,google_play,localization,0,55,0.0,,,True,False,False,google_play,,False,False,
2022-02_to_2022-03,multi_month,2022-02,2022-03,google_play,platform_parity,6,55,10.909,0.0,100.0,True,False,False,google_play,,False,False,
2022-02_to_2022-03,multi_month,2022-02,2022-03,google_play,pricing_billing,14,55,25.455,0.0,100.0,True,False,False,google_play,,False,False,
2022-02_to_2022-03,multi_month,2022-02,2022-03,google_play,sleep_tracking,10,55,18.182,30.0,60.0,True,False,False,google_play,,False,False,
2022-02_to_2022-03,multi_month,2022-02,2022-03,google_play,sync_connectivity,25,55,45.455,12.0,84.0,True,False,False,google_play,,False,False,
2022-02_to_2022-03,multi_month,2022-02,2022-03,google_play,ui_ux,6,55,10.909,16.7,83.3,True,False,False,google_play,,False,False,
2022-02_to_2022-03,multi_month,2022-02,2022-03,google_play,activity_detection,2,55,3.636,0.0,100.0,True,False,False,google_play,,False,False,
2022-02_to_2022-03,multi_month,2022-02,2022-03,google_play,ai_autonomy,0,55,0.0,,,True,False,False,google_play,,False,False,
2022-02_to_2022-03,multi_month,2022-02,2022-03,google_play,ai_only_support_channel,0,55,0.0,,,True,False,False,google_play,,False,False,
2022-02_to_2022-03,multi_month,2022-02,2022-03,google_play,ai_positive_reception,0,55,0.0,,,True,False,False,google_play,,False,False,
2022-02_to_2022-03,multi_month,2022-02,2022-03,google_play,ai_reliability_bugs,0,55,0.0,,,True,False,False,google_play,,False,False,
2022-02_to_2022-03,multi_month,2022-02,2022-03,google_play,android_feature_gaps,0,55,0.0,,,True,False,False,google_play,,False,False,
2022-02_to_2022-03,multi_month,2022-02,2022-03,google_play,android_specific_bugs,6,55,10.909,0.0,100.0,True,False,False,google_play,,False,False,
2022-02_to_2022-03,multi_month,2022-02,2022-03,google_play,battery_life,1,55,1.818,100.0,0.0,True,False,False,google_play,,False,False,
2022-02_to_2022-03,multi_month,2022-02,2022-03,google_play,billing_disputes,6,55,10.909,0.0,100.0,True,False,False,google_play,,False,False,
2022-02_to_2022-03,multi_month,2022-02,2022-03,google_play,build_quality_perception,8,55,14.545,0.0,87.5,True,False,False,google_play,,False,False,
2022-02_to_2022-03,multi_month,2022-02,2022-03,google_play,cardiac_detection_trust,0,55,0.0,,,True,False,False,google_play,,False,False,
2022-02_to_2022-03,multi_month,2022-02,2022-03,google_play,comfort_fit,2,55,3.636,0.0,100.0,True,False,False,google_play,,False,False,
2022-02_to_2022-03,multi_month,2022-02,2022-03,google_play,crashes_freezes,4,55,7.273,0.0,100.0,True,False,False,google_play,,False,False,
2022-02_to_2022-03,multi_month,2022-02,2022-03,google_play,data_sync_delays,7,55,12.727,0.0,100.0,True,False,False,google_play,,False,False,
2022-02_to_2022-03,multi_month,2022-02,2022-03,google_play,device_rendering_bugs,0,55,0.0,,,True,False,False,google_play,,False,False,
2022-02_to_2022-03,multi_month,2022-02,2022-03,google_play,ecg_bp_feature_reliability,0,55,0.0,,,True,False,False,google_play,,False,False,
2022-02_to_2022-03,multi_month,2022-02,2022-03,google_play,english_jargon_complexity,0,55,0.0,,,True,False,False,google_play,,False,False,
2022-02_to_2022-03,multi_month,2022-02,2022-03,google_play,feature_ui_friction,1,55,1.818,0.0,100.0,True,False,False,google_play,,False,False,
2022-02_to_2022-03,multi_month,2022-02,2022-03,google_play,metric_accuracy,5,55,9.091,0.0,100.0,True,False,False,google_play,,False,False,
2022-02_to_2022-03,multi_month,2022-02,2022-03,google_play,missing_activity_types,1,55,1.818,100.0,0.0,True,False,False,google_play,,False,False,
2022-02_to_2022-03,multi_month,2022-02,2022-03,google_play,missing_language_support,0,55,0.0,,,True,False,False,google_play,,False,False,
2022-02_to_2022-03,multi_month,2022-02,2022-03,google_play,missing_metrics,2,55,3.636,50.0,0.0,True,False,False,google_play,,False,False,
2022-02_to_2022-03,multi_month,2022-02,2022-03,google_play,notification_community_issues,2,55,3.636,0.0,100.0,True,False,False,google_play,,False,False,
2022-02_to_2022-03,multi_month,2022-02,2022-03,google_play,onboarding_pairing,4,55,7.273,50.0,50.0,True,False,False,google_play,,False,False,
2022-02_to_2022-03,multi_month,2022-02,2022-03,google_play,ongoing_disconnects,16,55,29.091,6.2,87.5,True,False,False,google_play,,False,False,
2022-02_to_2022-03,multi_month,2022-02,2022-03,google_play,personalization_use_case_fit,2,55,3.636,0.0,50.0,True,False,False,google_play,,False,False,
2022-02_to_2022-03,multi_month,2022-02,2022-03,google_play,plan_trial_structure,1,55,1.818,0.0,100.0,True,False,False,google_play,,False,False,
2022-02_to_2022-03,multi_month,2022-02,2022-03,google_play,price_value_perception,11,55,20.0,0.0,100.0,True,False,False,google_play,,False,False,
2022-02_to_2022-03,multi_month,2022-02,2022-03,google_play,redesign_regression,3,55,5.455,33.3,66.7,True,False,False,google_play,,False,False,
2022-02_to_2022-03,multi_month,2022-02,2022-03,google_play,sleep_accuracy,6,55,10.909,0.0,83.3,True,False,False,google_play,,False,False,
2022-02_to_2022-03,multi_month,2022-02,2022-03,google_play,sleep_alarm_ui,1,55,1.818,0.0,100.0,True,False,False,google_play,,False,False,
2022-02_to_2022-03,multi_month,2022-02,2022-03,google_play,sleep_satisfaction,3,55,5.455,100.0,0.0,True,False,False,google_play,,False,False,
2022-02_to_2022-03,multi_month,2022-02,2022-03,google_play,strap_clasp_durability,1,55,1.818,0.0,100.0,True,False,False,google_play,,False,False,
2022-02_to_2022-03,multi_month,2022-02,2022-03,google_play,support_resolution_quality,11,55,20.0,9.1,90.9,True,False,False,google_play,,False,False,
2022-02_to_2022-03,multi_month,2022-02,2022-03,google_play,support_responsiveness,4,55,7.273,0.0,100.0,True,False,False,google_play,,False,False,
2022-02_to_2022-03,multi_month,2022-02,2022-03,google_play,support_satisfaction,0,55,0.0,,,True,False,False,google_play,,False,False,
2022-02_to_2022-03,multi_month,2022-02,2022-03,google_play,third_party_integration,2,55,3.636,0.0,50.0,True,False,False,google_play,,False,False,
2022-02_to_2022-03,multi_month,2022-02,2022-03,google_play,update_failures,5,55,9.091,0.0,100.0,True,False,False,google_play,,False,False,
2022-02_to_2022-03,multi_month,2022-02,2022-03,google_play,upsell_pressure,1,55,1.818,0.0,100.0,True,False,False,google_play,,False,False,
2022-04_to_2022-05,multi_month,2022-04,2022-05,google_play,ai_coach,0,47,0.0,,,True,False,False,google_play,,False,False,
2022-04_to_2022-05,multi_month,2022-04,2022-05,google_play,app_stability,13,47,27.66,7.7,76.9,True,False,False,google_play,,False,False,
2022-04_to_2022-05,multi_month,2022-04,2022-05,google_play,customer_support,3,47,6.383,0.0,100.0,True,False,False,google_play,,False,False,
2022-04_to_2022-05,multi_month,2022-04,2022-05,google_play,data_accuracy,9,47,19.149,0.0,100.0,True,False,False,google_play,,False,False,
2022-04_to_2022-05,multi_month,2022-04,2022-05,google_play,feature_requests,2,47,4.255,0.0,50.0,True,False,False,google_play,,False,False,
2022-04_to_2022-05,multi_month,2022-04,2022-05,google_play,hardware_wearability,5,47,10.638,0.0,80.0,True,False,False,google_play,,False,False,
2022-04_to_2022-05,multi_month,2022-04,2022-05,google_play,health_signal_reliability,0,47,0.0,,,True,False,False,google_play,,False,False,
2022-04_to_2022-05,multi_month,2022-04,2022-05,google_play,localization,1,47,2.128,0.0,100.0,True,False,False,google_play,,False,False,
2022-04_to_2022-05,multi_month,2022-04,2022-05,google_play,platform_parity,5,47,10.638,40.0,40.0,True,False,False,google_play,,False,False,
2022-04_to_2022-05,multi_month,2022-04,2022-05,google_play,pricing_billing,15,47,31.915,6.7,80.0,True,False,False,google_play,,False,False,
2022-04_to_2022-05,multi_month,2022-04,2022-05,google_play,sleep_tracking,6,47,12.766,50.0,50.0,True,False,False,google_play,,False,False,
2022-04_to_2022-05,multi_month,2022-04,2022-05,google_play,sync_connectivity,12,47,25.532,0.0,100.0,True,False,False,google_play,,False,False,
2022-04_to_2022-05,multi_month,2022-04,2022-05,google_play,ui_ux,8,47,17.021,12.5,50.0,True,False,False,google_play,,False,False,
2022-04_to_2022-05,multi_month,2022-04,2022-05,google_play,activity_detection,3,47,6.383,0.0,100.0,True,False,False,google_play,,False,False,
2022-04_to_2022-05,multi_month,2022-04,2022-05,google_play,ai_autonomy,0,47,0.0,,,True,False,False,google_play,,False,False,
2022-04_to_2022-05,multi_month,2022-04,2022-05,google_play,ai_only_support_channel,1,47,2.128,0.0,100.0,True,False,False,google_play,,False,False,
2022-04_to_2022-05,multi_month,2022-04,2022-05,google_play,ai_positive_reception,0,47,0.0,,,True,False,False,google_play,,False,False,
2022-04_to_2022-05,multi_month,2022-04,2022-05,google_play,ai_reliability_bugs,0,47,0.0,,,True,False,False,google_play,,False,False,
2022-04_to_2022-05,multi_month,2022-04,2022-05,google_play,android_feature_gaps,3,47,6.383,33.3,66.7,True,False,False,google_play,,False,False,
2022-04_to_2022-05,multi_month,2022-04,2022-05,google_play,android_specific_bugs,2,47,4.255,50.0,0.0,True,False,False,google_play,,False,False,
2022-04_to_2022-05,multi_month,2022-04,2022-05,google_play,battery_life,3,47,6.383,0.0,100.0,True,False,False,google_play,,False,False,
2022-04_to_2022-05,multi_month,2022-04,2022-05,google_play,billing_disputes,5,47,10.638,0.0,100.0,True,False,False,google_play,,False,False,
2022-04_to_2022-05,multi_month,2022-04,2022-05,google_play,build_quality_perception,1,47,2.128,0.0,100.0,True,False,False,google_play,,False,False,
2022-04_to_2022-05,multi_month,2022-04,2022-05,google_play,cardiac_detection_trust,0,47,0.0,,,True,False,False,google_play,,False,False,
2022-04_to_2022-05,multi_month,2022-04,2022-05,google_play,comfort_fit,1,47,2.128,0.0,0.0,True,False,False,google_play,,False,False,
2022-04_to_2022-05,multi_month,2022-04,2022-05,google_play,crashes_freezes,9,47,19.149,11.1,77.8,True,False,False,google_play,,False,False,
2022-04_to_2022-05,multi_month,2022-04,2022-05,google_play,data_sync_delays,6,47,12.766,0.0,100.0,True,False,False,google_play,,False,False,
2022-04_to_2022-05,multi_month,2022-04,2022-05,google_play,device_rendering_bugs,1,47,2.128,100.0,0.0,True,False,False,google_play,,False,False,
2022-04_to_2022-05,multi_month,2022-04,2022-05,google_play,ecg_bp_feature_reliability,0,47,0.0,,,True,False,False,google_play,,False,False,
2022-04_to_2022-05,multi_month,2022-04,2022-05,google_play,english_jargon_complexity,1,47,2.128,0.0,100.0,True,False,False,google_play,,False,False,
2022-04_to_2022-05,multi_month,2022-04,2022-05,google_play,feature_ui_friction,2,47,4.255,0.0,50.0,True,False,False,google_play,,False,False,
2022-04_to_2022-05,multi_month,2022-04,2022-05,google_play,metric_accuracy,7,47,14.894,0.0,100.0,True,False,False,google_play,,False,False,
2022-04_to_2022-05,multi_month,2022-04,2022-05,google_play,missing_activity_types,0,47,0.0,,,True,False,False,google_play,,False,False,
2022-04_to_2022-05,multi_month,2022-04,2022-05,google_play,missing_language_support,0,47,0.0,,,True,False,False,google_play,,False,False,
2022-04_to_2022-05,multi_month,2022-04,2022-05,google_play,missing_metrics,1,47,2.128,0.0,0.0,True,False,False,google_play,,False,False,
2022-04_to_2022-05,multi_month,2022-04,2022-05,google_play,notification_community_issues,2,47,4.255,0.0,50.0,True,False,False,google_play,,False,False,
2022-04_to_2022-05,multi_month,2022-04,2022-05,google_play,onboarding_pairing,3,47,6.383,0.0,100.0,True,False,False,google_play,,False,False,
2022-04_to_2022-05,multi_month,2022-04,2022-05,google_play,ongoing_disconnects,5,47,10.638,0.0,100.0,True,False,False,google_play,,False,False,
2022-04_to_2022-05,multi_month,2022-04,2022-05,google_play,personalization_use_case_fit,0,47,0.0,,,True,False,False,google_play,,False,False,
2022-04_to_2022-05,multi_month,2022-04,2022-05,google_play,plan_trial_structure,0,47,0.0,,,True,False,False,google_play,,False,False,
2022-04_to_2022-05,multi_month,2022-04,2022-05,google_play,price_value_perception,12,47,25.532,8.3,75.0,True,False,False,google_play,,False,False,
2022-04_to_2022-05,multi_month,2022-04,2022-05,google_play,redesign_regression,3,47,6.383,0.0,66.7,True,False,False,google_play,,False,False,
2022-04_to_2022-05,multi_month,2022-04,2022-05,google_play,sleep_accuracy,3,47,6.383,0.0,100.0,True,False,False,google_play,,False,False,
2022-04_to_2022-05,multi_month,2022-04,2022-05,google_play,sleep_alarm_ui,2,47,4.255,50.0,50.0,True,False,False,google_play,,False,False,
2022-04_to_2022-05,multi_month,2022-04,2022-05,google_play,sleep_satisfaction,2,47,4.255,100.0,0.0,True,False,False,google_play,,False,False,
2022-04_to_2022-05,multi_month,2022-04,2022-05,google_play,strap_clasp_durability,1,47,2.128,0.0,100.0,True,False,False,google_play,,False,False,
2022-04_to_2022-05,multi_month,2022-04,2022-05,google_play,support_resolution_quality,2,47,4.255,0.0,100.0,True,False,False,google_play,,False,False,
2022-04_to_2022-05,multi_month,2022-04,2022-05,google_play,support_responsiveness,2,47,4.255,0.0,100.0,True,False,False,google_play,,False,False,
2022-04_to_2022-05,multi_month,2022-04,2022-05,google_play,support_satisfaction,0,47,0.0,,,True,False,False,google_play,,False,False,
2022-04_to_2022-05,multi_month,2022-04,2022-05,google_play,third_party_integration,1,47,2.128,0.0,100.0,True,False,False,google_play,,False,False,
2022-04_to_2022-05,multi_month,2022-04,2022-05,google_play,update_failures,5,47,10.638,0.0,80.0,True,False,False,google_play,,False,False,
2022-04_to_2022-05,multi_month,2022-04,2022-05,google_play,upsell_pressure,0,47,0.0,,,True,False,False,google_play,,False,False,
2022-06_to_2022-07,multi_month,2022-06,2022-07,google_play,ai_coach,0,41,0.0,,,True,False,False,google_play,,False,False,
2022-06_to_2022-07,multi_month,2022-06,2022-07,google_play,app_stability,2,41,4.878,0.0,100.0,True,False,False,google_play,,False,False,
2022-06_to_2022-07,multi_month,2022-06,2022-07,google_play,customer_support,7,41,17.073,28.6,71.4,True,False,False,google_play,,False,False,
2022-06_to_2022-07,multi_month,2022-06,2022-07,google_play,data_accuracy,5,41,12.195,20.0,80.0,True,False,False,google_play,,False,False,
2022-06_to_2022-07,multi_month,2022-06,2022-07,google_play,feature_requests,5,41,12.195,0.0,80.0,True,False,False,google_play,,False,False,
2022-06_to_2022-07,multi_month,2022-06,2022-07,google_play,hardware_wearability,3,41,7.317,0.0,100.0,True,False,False,google_play,,False,False,
2022-06_to_2022-07,multi_month,2022-06,2022-07,google_play,health_signal_reliability,0,41,0.0,,,True,False,False,google_play,,False,False,
2022-06_to_2022-07,multi_month,2022-06,2022-07,google_play,localization,0,41,0.0,,,True,False,False,google_play,,False,False,
2022-06_to_2022-07,multi_month,2022-06,2022-07,google_play,platform_parity,4,41,9.756,0.0,25.0,True,False,False,google_play,,False,False,
2022-06_to_2022-07,multi_month,2022-06,2022-07,google_play,pricing_billing,10,41,24.39,20.0,80.0,True,False,False,google_play,,False,False,
2022-06_to_2022-07,multi_month,2022-06,2022-07,google_play,sleep_tracking,11,41,26.829,63.6,36.4,True,False,False,google_play,,False,False,
2022-06_to_2022-07,multi_month,2022-06,2022-07,google_play,sync_connectivity,6,41,14.634,0.0,83.3,True,False,False,google_play,,False,False,
2022-06_to_2022-07,multi_month,2022-06,2022-07,google_play,ui_ux,1,41,2.439,0.0,0.0,True,False,False,google_play,,False,False,
2022-06_to_2022-07,multi_month,2022-06,2022-07,google_play,activity_detection,1,41,2.439,100.0,0.0,True,False,False,google_play,,False,False,
2022-06_to_2022-07,multi_month,2022-06,2022-07,google_play,ai_autonomy,0,41,0.0,,,True,False,False,google_play,,False,False,
2022-06_to_2022-07,multi_month,2022-06,2022-07,google_play,ai_only_support_channel,0,41,0.0,,,True,False,False,google_play,,False,False,
2022-06_to_2022-07,multi_month,2022-06,2022-07,google_play,ai_positive_reception,0,41,0.0,,,True,False,False,google_play,,False,False,
2022-06_to_2022-07,multi_month,2022-06,2022-07,google_play,ai_reliability_bugs,0,41,0.0,,,True,False,False,google_play,,False,False,
2022-06_to_2022-07,multi_month,2022-06,2022-07,google_play,android_feature_gaps,2,41,4.878,0.0,0.0,True,False,False,google_play,,False,False,
2022-06_to_2022-07,multi_month,2022-06,2022-07,google_play,android_specific_bugs,2,41,4.878,0.0,50.0,True,False,False,google_play,,False,False,
2022-06_to_2022-07,multi_month,2022-06,2022-07,google_play,battery_life,1,41,2.439,0.0,100.0,True,False,False,google_play,,False,False,
2022-06_to_2022-07,multi_month,2022-06,2022-07,google_play,billing_disputes,3,41,7.317,0.0,100.0,True,False,False,google_play,,False,False,
2022-06_to_2022-07,multi_month,2022-06,2022-07,google_play,build_quality_perception,1,41,2.439,0.0,100.0,True,False,False,google_play,,False,False,
2022-06_to_2022-07,multi_month,2022-06,2022-07,google_play,cardiac_detection_trust,0,41,0.0,,,True,False,False,google_play,,False,False,
2022-06_to_2022-07,multi_month,2022-06,2022-07,google_play,comfort_fit,1,41,2.439,0.0,100.0,True,False,False,google_play,,False,False,
2022-06_to_2022-07,multi_month,2022-06,2022-07,google_play,crashes_freezes,2,41,4.878,0.0,100.0,True,False,False,google_play,,False,False,
2022-06_to_2022-07,multi_month,2022-06,2022-07,google_play,data_sync_delays,2,41,4.878,0.0,100.0,True,False,False,google_play,,False,False,
2022-06_to_2022-07,multi_month,2022-06,2022-07,google_play,device_rendering_bugs,0,41,0.0,,,True,False,False,google_play,,False,False,
2022-06_to_2022-07,multi_month,2022-06,2022-07,google_play,ecg_bp_feature_reliability,0,41,0.0,,,True,False,False,google_play,,False,False,
2022-06_to_2022-07,multi_month,2022-06,2022-07,google_play,english_jargon_complexity,0,41,0.0,,,True,False,False,google_play,,False,False,
2022-06_to_2022-07,multi_month,2022-06,2022-07,google_play,feature_ui_friction,0,41,0.0,,,True,False,False,google_play,,False,False,
2022-06_to_2022-07,multi_month,2022-06,2022-07,google_play,metric_accuracy,4,41,9.756,0.0,100.0,True,False,False,google_play,,False,False,
2022-06_to_2022-07,multi_month,2022-06,2022-07,google_play,missing_activity_types,0,41,0.0,,,True,False,False,google_play,,False,False,
2022-06_to_2022-07,multi_month,2022-06,2022-07,google_play,missing_language_support,0,41,0.0,,,True,False,False,google_play,,False,False,
2022-06_to_2022-07,multi_month,2022-06,2022-07,google_play,missing_metrics,2,41,4.878,0.0,100.0,True,False,False,google_play,,False,False,
2022-06_to_2022-07,multi_month,2022-06,2022-07,google_play,notification_community_issues,0,41,0.0,,,True,False,False,google_play,,False,False,
2022-06_to_2022-07,multi_month,2022-06,2022-07,google_play,onboarding_pairing,1,41,2.439,0.0,100.0,True,False,False,google_play,,False,False,
2022-06_to_2022-07,multi_month,2022-06,2022-07,google_play,ongoing_disconnects,4,41,9.756,0.0,75.0,True,False,False,google_play,,False,False,
2022-06_to_2022-07,multi_month,2022-06,2022-07,google_play,personalization_use_case_fit,2,41,4.878,0.0,50.0,True,False,False,google_play,,False,False,
2022-06_to_2022-07,multi_month,2022-06,2022-07,google_play,plan_trial_structure,2,41,4.878,50.0,50.0,True,False,False,google_play,,False,False,
2022-06_to_2022-07,multi_month,2022-06,2022-07,google_play,price_value_perception,8,41,19.512,25.0,75.0,True,False,False,google_play,,False,False,
2022-06_to_2022-07,multi_month,2022-06,2022-07,google_play,redesign_regression,1,41,2.439,0.0,0.0,True,False,False,google_play,,False,False,
2022-06_to_2022-07,multi_month,2022-06,2022-07,google_play,sleep_accuracy,4,41,9.756,0.0,100.0,True,False,False,google_play,,False,False,
2022-06_to_2022-07,multi_month,2022-06,2022-07,google_play,sleep_alarm_ui,0,41,0.0,,,True,False,False,google_play,,False,False,
2022-06_to_2022-07,multi_month,2022-06,2022-07,google_play,sleep_satisfaction,7,41,17.073,100.0,0.0,True,False,False,google_play,,False,False,
2022-06_to_2022-07,multi_month,2022-06,2022-07,google_play,strap_clasp_durability,1,41,2.439,0.0,100.0,True,False,False,google_play,,False,False,
2022-06_to_2022-07,multi_month,2022-06,2022-07,google_play,support_resolution_quality,4,41,9.756,0.0,100.0,True,False,False,google_play,,False,False,
2022-06_to_2022-07,multi_month,2022-06,2022-07,google_play,support_responsiveness,2,41,4.878,50.0,50.0,True,False,False,google_play,,False,False,
2022-06_to_2022-07,multi_month,2022-06,2022-07,google_play,support_satisfaction,1,41,2.439,100.0,0.0,True,False,False,google_play,,False,False,
2022-06_to_2022-07,multi_month,2022-06,2022-07,google_play,third_party_integration,1,41,2.439,0.0,100.0,True,False,False,google_play,,False,False,
2022-06_to_2022-07,multi_month,2022-06,2022-07,google_play,update_failures,0,41,0.0,,,True,False,False,google_play,,False,False,
2022-06_to_2022-07,multi_month,2022-06,2022-07,google_play,upsell_pressure,0,41,0.0,,,True,False,False,google_play,,False,False,
2022-08_to_2022-10,multi_month,2022-08,2022-10,google_play,ai_coach,0,35,0.0,,,True,False,False,google_play,,False,False,
2022-08_to_2022-10,multi_month,2022-08,2022-10,google_play,app_stability,7,35,20.0,14.3,57.1,True,False,False,google_play,,False,False,
2022-08_to_2022-10,multi_month,2022-08,2022-10,google_play,customer_support,5,35,14.286,40.0,60.0,True,False,False,google_play,,False,False,
2022-08_to_2022-10,multi_month,2022-08,2022-10,google_play,data_accuracy,0,35,0.0,,,True,False,False,google_play,,False,False,
2022-08_to_2022-10,multi_month,2022-08,2022-10,google_play,feature_requests,8,35,22.857,75.0,25.0,True,False,False,google_play,,False,False,
2022-08_to_2022-10,multi_month,2022-08,2022-10,google_play,hardware_wearability,6,35,17.143,50.0,16.7,True,False,False,google_play,,False,False,
2022-08_to_2022-10,multi_month,2022-08,2022-10,google_play,health_signal_reliability,0,35,0.0,,,True,False,False,google_play,,False,False,
2022-08_to_2022-10,multi_month,2022-08,2022-10,google_play,localization,0,35,0.0,,,True,False,False,google_play,,False,False,
2022-08_to_2022-10,multi_month,2022-08,2022-10,google_play,platform_parity,1,35,2.857,100.0,0.0,True,False,False,google_play,,False,False,
2022-08_to_2022-10,multi_month,2022-08,2022-10,google_play,pricing_billing,8,35,22.857,0.0,87.5,True,False,False,google_play,,False,False,
2022-08_to_2022-10,multi_month,2022-08,2022-10,google_play,sleep_tracking,6,35,17.143,33.3,33.3,True,False,False,google_play,,False,False,
2022-08_to_2022-10,multi_month,2022-08,2022-10,google_play,sync_connectivity,9,35,25.714,22.2,66.7,True,False,False,google_play,,False,False,
2022-08_to_2022-10,multi_month,2022-08,2022-10,google_play,ui_ux,6,35,17.143,16.7,33.3,True,False,False,google_play,,False,False,
2022-08_to_2022-10,multi_month,2022-08,2022-10,google_play,activity_detection,0,35,0.0,,,True,False,False,google_play,,False,False,
2022-08_to_2022-10,multi_month,2022-08,2022-10,google_play,ai_autonomy,0,35,0.0,,,True,False,False,google_play,,False,False,
2022-08_to_2022-10,multi_month,2022-08,2022-10,google_play,ai_only_support_channel,0,35,0.0,,,True,False,False,google_play,,False,False,
2022-08_to_2022-10,multi_month,2022-08,2022-10,google_play,ai_positive_reception,0,35,0.0,,,True,False,False,google_play,,False,False,
2022-08_to_2022-10,multi_month,2022-08,2022-10,google_play,ai_reliability_bugs,0,35,0.0,,,True,False,False,google_play,,False,False,
2022-08_to_2022-10,multi_month,2022-08,2022-10,google_play,android_feature_gaps,1,35,2.857,100.0,0.0,True,False,False,google_play,,False,False,
2022-08_to_2022-10,multi_month,2022-08,2022-10,google_play,android_specific_bugs,0,35,0.0,,,True,False,False,google_play,,False,False,
2022-08_to_2022-10,multi_month,2022-08,2022-10,google_play,battery_life,3,35,8.571,33.3,0.0,True,False,False,google_play,,False,False,
2022-08_to_2022-10,multi_month,2022-08,2022-10,google_play,billing_disputes,5,35,14.286,0.0,100.0,True,False,False,google_play,,False,False,
2022-08_to_2022-10,multi_month,2022-08,2022-10,google_play,build_quality_perception,2,35,5.714,50.0,0.0,True,False,False,google_play,,False,False,
2022-08_to_2022-10,multi_month,2022-08,2022-10,google_play,cardiac_detection_trust,0,35,0.0,,,True,False,False,google_play,,False,False,
2022-08_to_2022-10,multi_month,2022-08,2022-10,google_play,comfort_fit,3,35,8.571,66.7,33.3,True,False,False,google_play,,False,False,
2022-08_to_2022-10,multi_month,2022-08,2022-10,google_play,crashes_freezes,3,35,8.571,33.3,66.7,True,False,False,google_play,,False,False,
2022-08_to_2022-10,multi_month,2022-08,2022-10,google_play,data_sync_delays,2,35,5.714,50.0,50.0,True,False,False,google_play,,False,False,
2022-08_to_2022-10,multi_month,2022-08,2022-10,google_play,device_rendering_bugs,2,35,5.714,50.0,0.0,True,False,False,google_play,,False,False,
2022-08_to_2022-10,multi_month,2022-08,2022-10,google_play,ecg_bp_feature_reliability,0,35,0.0,,,True,False,False,google_play,,False,False,
2022-08_to_2022-10,multi_month,2022-08,2022-10,google_play,english_jargon_complexity,0,35,0.0,,,True,False,False,google_play,,False,False,
2022-08_to_2022-10,multi_month,2022-08,2022-10,google_play,feature_ui_friction,1,35,2.857,0.0,100.0,True,False,False,google_play,,False,False,
2022-08_to_2022-10,multi_month,2022-08,2022-10,google_play,metric_accuracy,0,35,0.0,,,True,False,False,google_play,,False,False,
2022-08_to_2022-10,multi_month,2022-08,2022-10,google_play,missing_activity_types,2,35,5.714,50.0,50.0,True,False,False,google_play,,False,False,
2022-08_to_2022-10,multi_month,2022-08,2022-10,google_play,missing_language_support,0,35,0.0,,,True,False,False,google_play,,False,False,
2022-08_to_2022-10,multi_month,2022-08,2022-10,google_play,missing_metrics,4,35,11.429,75.0,25.0,True,False,False,google_play,,False,False,
2022-08_to_2022-10,multi_month,2022-08,2022-10,google_play,notification_community_issues,1,35,2.857,0.0,0.0,True,False,False,google_play,,False,False,
2022-08_to_2022-10,multi_month,2022-08,2022-10,google_play,onboarding_pairing,3,35,8.571,0.0,100.0,True,False,False,google_play,,False,False,
2022-08_to_2022-10,multi_month,2022-08,2022-10,google_play,ongoing_disconnects,4,35,11.429,25.0,50.0,True,False,False,google_play,,False,False,
2022-08_to_2022-10,multi_month,2022-08,2022-10,google_play,personalization_use_case_fit,2,35,5.714,100.0,0.0,True,False,False,google_play,,False,False,
2022-08_to_2022-10,multi_month,2022-08,2022-10,google_play,plan_trial_structure,0,35,0.0,,,True,False,False,google_play,,False,False,
2022-08_to_2022-10,multi_month,2022-08,2022-10,google_play,price_value_perception,4,35,11.429,0.0,75.0,True,False,False,google_play,,False,False,
2022-08_to_2022-10,multi_month,2022-08,2022-10,google_play,redesign_regression,2,35,5.714,0.0,50.0,True,False,False,google_play,,False,False,
2022-08_to_2022-10,multi_month,2022-08,2022-10,google_play,sleep_accuracy,5,35,14.286,20.0,40.0,True,False,False,google_play,,False,False,
2022-08_to_2022-10,multi_month,2022-08,2022-10,google_play,sleep_alarm_ui,0,35,0.0,,,True,False,False,google_play,,False,False,
2022-08_to_2022-10,multi_month,2022-08,2022-10,google_play,sleep_satisfaction,1,35,2.857,100.0,0.0,True,False,False,google_play,,False,False,
2022-08_to_2022-10,multi_month,2022-08,2022-10,google_play,strap_clasp_durability,0,35,0.0,,,True,False,False,google_play,,False,False,
2022-08_to_2022-10,multi_month,2022-08,2022-10,google_play,support_resolution_quality,3,35,8.571,33.3,66.7,True,False,False,google_play,,False,False,
2022-08_to_2022-10,multi_month,2022-08,2022-10,google_play,support_responsiveness,2,35,5.714,50.0,50.0,True,False,False,google_play,,False,False,
2022-08_to_2022-10,multi_month,2022-08,2022-10,google_play,support_satisfaction,1,35,2.857,100.0,0.0,True,False,False,google_play,,False,False,
2022-08_to_2022-10,multi_month,2022-08,2022-10,google_play,third_party_integration,0,35,0.0,,,True,False,False,google_play,,False,False,
2022-08_to_2022-10,multi_month,2022-08,2022-10,google_play,update_failures,4,35,11.429,0.0,50.0,True,False,False,google_play,,False,False,
2022-08_to_2022-10,multi_month,2022-08,2022-10,google_play,upsell_pressure,0,35,0.0,,,True,False,False,google_play,,False,False,
2022-11_to_2023-01,multi_month,2022-11,2023-01,google_play,ai_coach,1,38,2.632,0.0,100.0,True,False,False,google_play,,False,False,
2022-11_to_2023-01,multi_month,2022-11,2023-01,google_play,app_stability,7,38,18.421,14.3,71.4,True,False,False,google_play,,False,False,
2022-11_to_2023-01,multi_month,2022-11,2023-01,google_play,customer_support,7,38,18.421,14.3,71.4,True,False,False,google_play,,False,False,
2022-11_to_2023-01,multi_month,2022-11,2023-01,google_play,data_accuracy,1,38,2.632,0.0,100.0,True,False,False,google_play,,False,False,
2022-11_to_2023-01,multi_month,2022-11,2023-01,google_play,feature_requests,6,38,15.789,50.0,16.7,True,False,False,google_play,,False,False,
2022-11_to_2023-01,multi_month,2022-11,2023-01,google_play,hardware_wearability,2,38,5.263,0.0,100.0,True,False,False,google_play,,False,False,
2022-11_to_2023-01,multi_month,2022-11,2023-01,google_play,health_signal_reliability,0,38,0.0,,,True,False,False,google_play,,False,False,
2022-11_to_2023-01,multi_month,2022-11,2023-01,google_play,localization,0,38,0.0,,,True,False,False,google_play,,False,False,
2022-11_to_2023-01,multi_month,2022-11,2023-01,google_play,platform_parity,14,38,36.842,0.0,85.7,True,False,False,google_play,,False,False,
2022-11_to_2023-01,multi_month,2022-11,2023-01,google_play,pricing_billing,10,38,26.316,10.0,80.0,True,False,False,google_play,,False,False,
2022-11_to_2023-01,multi_month,2022-11,2023-01,google_play,sleep_tracking,2,38,5.263,0.0,50.0,True,False,False,google_play,,False,False,
2022-11_to_2023-01,multi_month,2022-11,2023-01,google_play,sync_connectivity,14,38,36.842,0.0,92.9,True,False,False,google_play,,False,False,
2022-11_to_2023-01,multi_month,2022-11,2023-01,google_play,ui_ux,4,38,10.526,0.0,75.0,True,False,False,google_play,,False,False,
2022-11_to_2023-01,multi_month,2022-11,2023-01,google_play,activity_detection,0,38,0.0,,,True,False,False,google_play,,False,False,
2022-11_to_2023-01,multi_month,2022-11,2023-01,google_play,ai_autonomy,1,38,2.632,0.0,100.0,True,False,False,google_play,,False,False,
2022-11_to_2023-01,multi_month,2022-11,2023-01,google_play,ai_only_support_channel,0,38,0.0,,,True,False,False,google_play,,False,False,
2022-11_to_2023-01,multi_month,2022-11,2023-01,google_play,ai_positive_reception,0,38,0.0,,,True,False,False,google_play,,False,False,
2022-11_to_2023-01,multi_month,2022-11,2023-01,google_play,ai_reliability_bugs,0,38,0.0,,,True,False,False,google_play,,False,False,
2022-11_to_2023-01,multi_month,2022-11,2023-01,google_play,android_feature_gaps,3,38,7.895,0.0,66.7,True,False,False,google_play,,False,False,
2022-11_to_2023-01,multi_month,2022-11,2023-01,google_play,android_specific_bugs,13,38,34.211,0.0,92.3,True,False,False,google_play,,False,False,
2022-11_to_2023-01,multi_month,2022-11,2023-01,google_play,battery_life,0,38,0.0,,,True,False,False,google_play,,False,False,
2022-11_to_2023-01,multi_month,2022-11,2023-01,google_play,billing_disputes,3,38,7.895,0.0,100.0,True,False,False,google_play,,False,False,
2022-11_to_2023-01,multi_month,2022-11,2023-01,google_play,build_quality_perception,2,38,5.263,0.0,100.0,True,False,False,google_play,,False,False,
2022-11_to_2023-01,multi_month,2022-11,2023-01,google_play,cardiac_detection_trust,0,38,0.0,,,True,False,False,google_play,,False,False,
2022-11_to_2023-01,multi_month,2022-11,2023-01,google_play,comfort_fit,0,38,0.0,,,True,False,False,google_play,,False,False,
2022-11_to_2023-01,multi_month,2022-11,2023-01,google_play,crashes_freezes,5,38,13.158,20.0,60.0,True,False,False,google_play,,False,False,
2022-11_to_2023-01,multi_month,2022-11,2023-01,google_play,data_sync_delays,3,38,7.895,0.0,66.7,True,False,False,google_play,,False,False,
2022-11_to_2023-01,multi_month,2022-11,2023-01,google_play,device_rendering_bugs,0,38,0.0,,,True,False,False,google_play,,False,False,
2022-11_to_2023-01,multi_month,2022-11,2023-01,google_play,ecg_bp_feature_reliability,0,38,0.0,,,True,False,False,google_play,,False,False,
2022-11_to_2023-01,multi_month,2022-11,2023-01,google_play,english_jargon_complexity,0,38,0.0,,,True,False,False,google_play,,False,False,
2022-11_to_2023-01,multi_month,2022-11,2023-01,google_play,feature_ui_friction,0,38,0.0,,,True,False,False,google_play,,False,False,
2022-11_to_2023-01,multi_month,2022-11,2023-01,google_play,metric_accuracy,1,38,2.632,0.0,100.0,True,False,False,google_play,,False,False,
2022-11_to_2023-01,multi_month,2022-11,2023-01,google_play,missing_activity_types,1,38,2.632,0.0,0.0,True,False,False,google_play,,False,False,
2022-11_to_2023-01,multi_month,2022-11,2023-01,google_play,missing_language_support,0,38,0.0,,,True,False,False,google_play,,False,False,
2022-11_to_2023-01,multi_month,2022-11,2023-01,google_play,missing_metrics,5,38,13.158,60.0,0.0,True,False,False,google_play,,False,False,
2022-11_to_2023-01,multi_month,2022-11,2023-01,google_play,notification_community_issues,1,38,2.632,0.0,100.0,True,False,False,google_play,,False,False,
2022-11_to_2023-01,multi_month,2022-11,2023-01,google_play,onboarding_pairing,1,38,2.632,0.0,100.0,True,False,False,google_play,,False,False,
2022-11_to_2023-01,multi_month,2022-11,2023-01,google_play,ongoing_disconnects,12,38,31.579,0.0,100.0,True,False,False,google_play,,False,False,
2022-11_to_2023-01,multi_month,2022-11,2023-01,google_play,personalization_use_case_fit,1,38,2.632,0.0,100.0,True,False,False,google_play,,False,False,
2022-11_to_2023-01,multi_month,2022-11,2023-01,google_play,plan_trial_structure,1,38,2.632,0.0,100.0,True,False,False,google_play,,False,False,
2022-11_to_2023-01,multi_month,2022-11,2023-01,google_play,price_value_perception,7,38,18.421,14.3,71.4,True,False,False,google_play,,False,False,
2022-11_to_2023-01,multi_month,2022-11,2023-01,google_play,redesign_regression,3,38,7.895,0.0,66.7,True,False,False,google_play,,False,False,
2022-11_to_2023-01,multi_month,2022-11,2023-01,google_play,sleep_accuracy,1,38,2.632,0.0,100.0,True,False,False,google_play,,False,False,
2022-11_to_2023-01,multi_month,2022-11,2023-01,google_play,sleep_alarm_ui,1,38,2.632,0.0,0.0,True,False,False,google_play,,False,False,
2022-11_to_2023-01,multi_month,2022-11,2023-01,google_play,sleep_satisfaction,0,38,0.0,,,True,False,False,google_play,,False,False,
2022-11_to_2023-01,multi_month,2022-11,2023-01,google_play,strap_clasp_durability,0,38,0.0,,,True,False,False,google_play,,False,False,
2022-11_to_2023-01,multi_month,2022-11,2023-01,google_play,support_resolution_quality,5,38,13.158,20.0,60.0,True,False,False,google_play,,False,False,
2022-11_to_2023-01,multi_month,2022-11,2023-01,google_play,support_responsiveness,3,38,7.895,33.3,66.7,True,False,False,google_play,,False,False,
2022-11_to_2023-01,multi_month,2022-11,2023-01,google_play,support_satisfaction,0,38,0.0,,,True,False,False,google_play,,False,False,
2022-11_to_2023-01,multi_month,2022-11,2023-01,google_play,third_party_integration,0,38,0.0,,,True,False,False,google_play,,False,False,
2022-11_to_2023-01,multi_month,2022-11,2023-01,google_play,update_failures,2,38,5.263,0.0,100.0,True,False,False,google_play,,False,False,
2022-11_to_2023-01,multi_month,2022-11,2023-01,google_play,upsell_pressure,0,38,0.0,,,True,False,False,google_play,,False,False,
2023-02,month,2023-02,2023-02,google_play,ai_coach,0,30,0.0,,,True,False,False,google_play,,False,False,
2023-02,month,2023-02,2023-02,google_play,app_stability,6,30,20.0,0.0,66.7,True,False,False,google_play,,False,False,
2023-02,month,2023-02,2023-02,google_play,customer_support,5,30,16.667,20.0,80.0,True,False,False,google_play,,False,False,
2023-02,month,2023-02,2023-02,google_play,data_accuracy,0,30,0.0,,,True,False,False,google_play,,False,False,
2023-02,month,2023-02,2023-02,google_play,feature_requests,5,30,16.667,80.0,0.0,True,False,False,google_play,,False,False,
2023-02,month,2023-02,2023-02,google_play,hardware_wearability,2,30,6.667,50.0,50.0,True,False,False,google_play,,False,False,
2023-02,month,2023-02,2023-02,google_play,health_signal_reliability,0,30,0.0,,,True,False,False,google_play,,False,False,
2023-02,month,2023-02,2023-02,google_play,localization,0,30,0.0,,,True,False,False,google_play,,False,False,
2023-02,month,2023-02,2023-02,google_play,platform_parity,12,30,40.0,16.7,58.3,True,False,False,google_play,,False,False,
2023-02,month,2023-02,2023-02,google_play,pricing_billing,7,30,23.333,14.3,85.7,True,False,False,google_play,,False,False,
2023-02,month,2023-02,2023-02,google_play,sleep_tracking,0,30,0.0,,,True,False,False,google_play,,False,False,
2023-02,month,2023-02,2023-02,google_play,sync_connectivity,10,30,33.333,20.0,80.0,True,False,False,google_play,,False,False,
2023-02,month,2023-02,2023-02,google_play,ui_ux,2,30,6.667,50.0,0.0,True,False,False,google_play,,False,False,
2023-02,month,2023-02,2023-02,google_play,activity_detection,0,30,0.0,,,True,False,False,google_play,,False,False,
2023-02,month,2023-02,2023-02,google_play,ai_autonomy,0,30,0.0,,,True,False,False,google_play,,False,False,
2023-02,month,2023-02,2023-02,google_play,ai_only_support_channel,0,30,0.0,,,True,False,False,google_play,,False,False,
2023-02,month,2023-02,2023-02,google_play,ai_positive_reception,0,30,0.0,,,True,False,False,google_play,,False,False,
2023-02,month,2023-02,2023-02,google_play,ai_reliability_bugs,0,30,0.0,,,True,False,False,google_play,,False,False,
2023-02,month,2023-02,2023-02,google_play,android_feature_gaps,4,30,13.333,50.0,0.0,True,False,False,google_play,,False,False,
2023-02,month,2023-02,2023-02,google_play,android_specific_bugs,8,30,26.667,0.0,87.5,True,False,False,google_play,,False,False,
2023-02,month,2023-02,2023-02,google_play,battery_life,1,30,3.333,0.0,100.0,True,False,False,google_play,,False,False,
2023-02,month,2023-02,2023-02,google_play,billing_disputes,4,30,13.333,0.0,100.0,True,False,False,google_play,,False,False,
2023-02,month,2023-02,2023-02,google_play,build_quality_perception,1,30,3.333,100.0,0.0,True,False,False,google_play,,False,False,
2023-02,month,2023-02,2023-02,google_play,cardiac_detection_trust,0,30,0.0,,,True,False,False,google_play,,False,False,
2023-02,month,2023-02,2023-02,google_play,comfort_fit,0,30,0.0,,,True,False,False,google_play,,False,False,
2023-02,month,2023-02,2023-02,google_play,crashes_freezes,3,30,10.0,0.0,33.3,True,False,False,google_play,,False,False,
2023-02,month,2023-02,2023-02,google_play,data_sync_delays,2,30,6.667,0.0,100.0,True,False,False,google_play,,False,False,
2023-02,month,2023-02,2023-02,google_play,device_rendering_bugs,1,30,3.333,100.0,0.0,True,False,False,google_play,,False,False,
2023-02,month,2023-02,2023-02,google_play,ecg_bp_feature_reliability,0,30,0.0,,,True,False,False,google_play,,False,False,
2023-02,month,2023-02,2023-02,google_play,english_jargon_complexity,0,30,0.0,,,True,False,False,google_play,,False,False,
2023-02,month,2023-02,2023-02,google_play,feature_ui_friction,1,30,3.333,0.0,0.0,True,False,False,google_play,,False,False,
2023-02,month,2023-02,2023-02,google_play,metric_accuracy,0,30,0.0,,,True,False,False,google_play,,False,False,
2023-02,month,2023-02,2023-02,google_play,missing_activity_types,0,30,0.0,,,True,False,False,google_play,,False,False,
2023-02,month,2023-02,2023-02,google_play,missing_language_support,0,30,0.0,,,True,False,False,google_play,,False,False,
2023-02,month,2023-02,2023-02,google_play,missing_metrics,3,30,10.0,100.0,0.0,True,False,False,google_play,,False,False,
2023-02,month,2023-02,2023-02,google_play,notification_community_issues,0,30,0.0,,,True,False,False,google_play,,False,False,
2023-02,month,2023-02,2023-02,google_play,onboarding_pairing,2,30,6.667,50.0,50.0,True,False,False,google_play,,False,False,
2023-02,month,2023-02,2023-02,google_play,ongoing_disconnects,6,30,20.0,16.7,83.3,True,False,False,google_play,,False,False,
2023-02,month,2023-02,2023-02,google_play,personalization_use_case_fit,1,30,3.333,100.0,0.0,True,False,False,google_play,,False,False,
2023-02,month,2023-02,2023-02,google_play,plan_trial_structure,1,30,3.333,0.0,100.0,True,False,False,google_play,,False,False,
2023-02,month,2023-02,2023-02,google_play,price_value_perception,3,30,10.0,33.3,66.7,True,False,False,google_play,,False,False,
2023-02,month,2023-02,2023-02,google_play,redesign_regression,0,30,0.0,,,True,False,False,google_play,,False,False,
2023-02,month,2023-02,2023-02,google_play,sleep_accuracy,0,30,0.0,,,True,False,False,google_play,,False,False,
2023-02,month,2023-02,2023-02,google_play,sleep_alarm_ui,0,30,0.0,,,True,False,False,google_play,,False,False,
2023-02,month,2023-02,2023-02,google_play,sleep_satisfaction,0,30,0.0,,,True,False,False,google_play,,False,False,
2023-02,month,2023-02,2023-02,google_play,strap_clasp_durability,0,30,0.0,,,True,False,False,google_play,,False,False,
2023-02,month,2023-02,2023-02,google_play,support_resolution_quality,3,30,10.0,0.0,100.0,True,False,False,google_play,,False,False,
2023-02,month,2023-02,2023-02,google_play,support_responsiveness,1,30,3.333,0.0,100.0,True,False,False,google_play,,False,False,
2023-02,month,2023-02,2023-02,google_play,support_satisfaction,1,30,3.333,100.0,0.0,True,False,False,google_play,,False,False,
2023-02,month,2023-02,2023-02,google_play,third_party_integration,1,30,3.333,0.0,0.0,True,False,False,google_play,,False,False,
2023-02,month,2023-02,2023-02,google_play,update_failures,4,30,13.333,0.0,100.0,True,False,False,google_play,,False,False,
2023-02,month,2023-02,2023-02,google_play,upsell_pressure,0,30,0.0,,,True,False,False,google_play,,False,False,
2023-03,month,2023-03,2023-03,google_play,ai_coach,0,51,0.0,,,True,False,False,google_play,,False,False,
2023-03,month,2023-03,2023-03,google_play,app_stability,13,51,25.49,15.4,69.2,True,False,False,google_play,,False,False,
2023-03,month,2023-03,2023-03,google_play,customer_support,4,51,7.843,75.0,25.0,True,False,False,google_play,,False,False,
2023-03,month,2023-03,2023-03,google_play,data_accuracy,4,51,7.843,0.0,100.0,True,False,False,google_play,,False,False,
2023-03,month,2023-03,2023-03,google_play,feature_requests,4,51,7.843,50.0,50.0,True,False,False,google_play,,False,False,
2023-03,month,2023-03,2023-03,google_play,hardware_wearability,6,51,11.765,16.7,66.7,True,False,False,google_play,,False,False,
2023-03,month,2023-03,2023-03,google_play,health_signal_reliability,0,51,0.0,,,True,False,False,google_play,,False,False,
2023-03,month,2023-03,2023-03,google_play,localization,0,51,0.0,,,True,False,False,google_play,,False,False,
2023-03,month,2023-03,2023-03,google_play,platform_parity,7,51,13.725,28.6,71.4,True,False,False,google_play,,False,False,
2023-03,month,2023-03,2023-03,google_play,pricing_billing,11,51,21.569,9.1,72.7,True,False,False,google_play,,False,False,
2023-03,month,2023-03,2023-03,google_play,sleep_tracking,2,51,3.922,50.0,50.0,True,False,False,google_play,,False,False,
2023-03,month,2023-03,2023-03,google_play,sync_connectivity,16,51,31.373,12.5,75.0,True,False,False,google_play,,False,False,
2023-03,month,2023-03,2023-03,google_play,ui_ux,13,51,25.49,30.8,46.2,True,False,False,google_play,,False,False,
2023-03,month,2023-03,2023-03,google_play,activity_detection,0,51,0.0,,,True,False,False,google_play,,False,False,
2023-03,month,2023-03,2023-03,google_play,ai_autonomy,0,51,0.0,,,True,False,False,google_play,,False,False,
2023-03,month,2023-03,2023-03,google_play,ai_only_support_channel,0,51,0.0,,,True,False,False,google_play,,False,False,
2023-03,month,2023-03,2023-03,google_play,ai_positive_reception,0,51,0.0,,,True,False,False,google_play,,False,False,
2023-03,month,2023-03,2023-03,google_play,ai_reliability_bugs,0,51,0.0,,,True,False,False,google_play,,False,False,
2023-03,month,2023-03,2023-03,google_play,android_feature_gaps,1,51,1.961,100.0,0.0,True,False,False,google_play,,False,False,
2023-03,month,2023-03,2023-03,google_play,android_specific_bugs,6,51,11.765,16.7,83.3,True,False,False,google_play,,False,False,
2023-03,month,2023-03,2023-03,google_play,battery_life,4,51,7.843,25.0,50.0,True,False,False,google_play,,False,False,
2023-03,month,2023-03,2023-03,google_play,billing_disputes,3,51,5.882,0.0,100.0,True,False,False,google_play,,False,False,
2023-03,month,2023-03,2023-03,google_play,build_quality_perception,2,51,3.922,0.0,100.0,True,False,False,google_play,,False,False,
2023-03,month,2023-03,2023-03,google_play,cardiac_detection_trust,0,51,0.0,,,True,False,False,google_play,,False,False,
2023-03,month,2023-03,2023-03,google_play,comfort_fit,0,51,0.0,,,True,False,False,google_play,,False,False,
2023-03,month,2023-03,2023-03,google_play,crashes_freezes,9,51,17.647,11.1,88.9,True,False,False,google_play,,False,False,
2023-03,month,2023-03,2023-03,google_play,data_sync_delays,1,51,1.961,0.0,100.0,True,False,False,google_play,,False,False,
2023-03,month,2023-03,2023-03,google_play,device_rendering_bugs,1,51,1.961,0.0,0.0,True,False,False,google_play,,False,False,
2023-03,month,2023-03,2023-03,google_play,ecg_bp_feature_reliability,0,51,0.0,,,True,False,False,google_play,,False,False,
2023-03,month,2023-03,2023-03,google_play,english_jargon_complexity,0,51,0.0,,,True,False,False,google_play,,False,False,
2023-03,month,2023-03,2023-03,google_play,feature_ui_friction,0,51,0.0,,,True,False,False,google_play,,False,False,
2023-03,month,2023-03,2023-03,google_play,metric_accuracy,4,51,7.843,0.0,100.0,True,False,False,google_play,,False,False,
2023-03,month,2023-03,2023-03,google_play,missing_activity_types,0,51,0.0,,,True,False,False,google_play,,False,False,
2023-03,month,2023-03,2023-03,google_play,missing_language_support,0,51,0.0,,,True,False,False,google_play,,False,False,
2023-03,month,2023-03,2023-03,google_play,missing_metrics,2,51,3.922,50.0,50.0,True,False,False,google_play,,False,False,
2023-03,month,2023-03,2023-03,google_play,notification_community_issues,0,51,0.0,,,True,False,False,google_play,,False,False,
2023-03,month,2023-03,2023-03,google_play,onboarding_pairing,3,51,5.882,0.0,100.0,True,False,False,google_play,,False,False,
2023-03,month,2023-03,2023-03,google_play,ongoing_disconnects,13,51,25.49,15.4,69.2,True,False,False,google_play,,False,False,
2023-03,month,2023-03,2023-03,google_play,personalization_use_case_fit,1,51,1.961,100.0,0.0,True,False,False,google_play,,False,False,
2023-03,month,2023-03,2023-03,google_play,plan_trial_structure,0,51,0.0,,,True,False,False,google_play,,False,False,
2023-03,month,2023-03,2023-03,google_play,price_value_perception,9,51,17.647,11.1,66.7,True,False,False,google_play,,False,False,
2023-03,month,2023-03,2023-03,google_play,redesign_regression,12,51,23.529,33.3,50.0,True,False,False,google_play,,False,False,
2023-03,month,2023-03,2023-03,google_play,sleep_accuracy,0,51,0.0,,,True,False,False,google_play,,False,False,
2023-03,month,2023-03,2023-03,google_play,sleep_alarm_ui,1,51,1.961,0.0,100.0,True,False,False,google_play,,False,False,
2023-03,month,2023-03,2023-03,google_play,sleep_satisfaction,1,51,1.961,100.0,0.0,True,False,False,google_play,,False,False,
2023-03,month,2023-03,2023-03,google_play,strap_clasp_durability,0,51,0.0,,,True,False,False,google_play,,False,False,
2023-03,month,2023-03,2023-03,google_play,support_resolution_quality,1,51,1.961,100.0,0.0,True,False,False,google_play,,False,False,
2023-03,month,2023-03,2023-03,google_play,support_responsiveness,1,51,1.961,0.0,100.0,True,False,False,google_play,,False,False,
2023-03,month,2023-03,2023-03,google_play,support_satisfaction,2,51,3.922,100.0,0.0,True,False,False,google_play,,False,False,
2023-03,month,2023-03,2023-03,google_play,third_party_integration,1,51,1.961,0.0,100.0,True,False,False,google_play,,False,False,
2023-03,month,2023-03,2023-03,google_play,update_failures,9,51,17.647,22.2,55.6,True,False,False,google_play,,False,False,
2023-03,month,2023-03,2023-03,google_play,upsell_pressure,0,51,0.0,,,True,False,False,google_play,,False,False,
2023-04,month,2023-04,2023-04,google_play,ai_coach,0,38,0.0,,,True,False,False,google_play,,False,False,
2023-04,month,2023-04,2023-04,google_play,app_stability,3,38,7.895,0.0,66.7,True,False,False,google_play,,False,False,
2023-04,month,2023-04,2023-04,google_play,customer_support,4,38,10.526,0.0,75.0,True,False,False,google_play,,False,False,
2023-04,month,2023-04,2023-04,google_play,data_accuracy,4,38,10.526,0.0,75.0,True,False,False,google_play,,False,False,
2023-04,month,2023-04,2023-04,google_play,feature_requests,8,38,21.053,25.0,50.0,True,False,False,google_play,,False,False,
2023-04,month,2023-04,2023-04,google_play,hardware_wearability,1,38,2.632,0.0,100.0,True,False,False,google_play,,False,False,
2023-04,month,2023-04,2023-04,google_play,health_signal_reliability,0,38,0.0,,,True,False,False,google_play,,False,False,
2023-04,month,2023-04,2023-04,google_play,localization,1,38,2.632,0.0,100.0,True,False,False,google_play,,False,False,
2023-04,month,2023-04,2023-04,google_play,platform_parity,2,38,5.263,0.0,100.0,True,False,False,google_play,,False,False,
2023-04,month,2023-04,2023-04,google_play,pricing_billing,10,38,26.316,10.0,80.0,True,False,False,google_play,,False,False,
2023-04,month,2023-04,2023-04,google_play,sleep_tracking,2,38,5.263,50.0,0.0,True,False,False,google_play,,False,False,
2023-04,month,2023-04,2023-04,google_play,sync_connectivity,4,38,10.526,0.0,100.0,True,False,False,google_play,,False,False,
2023-04,month,2023-04,2023-04,google_play,ui_ux,10,38,26.316,20.0,60.0,True,False,False,google_play,,False,False,
2023-04,month,2023-04,2023-04,google_play,activity_detection,1,38,2.632,0.0,0.0,True,False,False,google_play,,False,False,
2023-04,month,2023-04,2023-04,google_play,ai_autonomy,0,38,0.0,,,True,False,False,google_play,,False,False,
2023-04,month,2023-04,2023-04,google_play,ai_only_support_channel,0,38,0.0,,,True,False,False,google_play,,False,False,
2023-04,month,2023-04,2023-04,google_play,ai_positive_reception,0,38,0.0,,,True,False,False,google_play,,False,False,
2023-04,month,2023-04,2023-04,google_play,ai_reliability_bugs,0,38,0.0,,,True,False,False,google_play,,False,False,
2023-04,month,2023-04,2023-04,google_play,android_feature_gaps,0,38,0.0,,,True,False,False,google_play,,False,False,
2023-04,month,2023-04,2023-04,google_play,android_specific_bugs,2,38,5.263,0.0,100.0,True,False,False,google_play,,False,False,
2023-04,month,2023-04,2023-04,google_play,battery_life,0,38,0.0,,,True,False,False,google_play,,False,False,
2023-04,month,2023-04,2023-04,google_play,billing_disputes,2,38,5.263,0.0,100.0,True,False,False,google_play,,False,False,
2023-04,month,2023-04,2023-04,google_play,build_quality_perception,0,38,0.0,,,True,False,False,google_play,,False,False,
2023-04,month,2023-04,2023-04,google_play,cardiac_detection_trust,0,38,0.0,,,True,False,False,google_play,,False,False,
2023-04,month,2023-04,2023-04,google_play,comfort_fit,1,38,2.632,0.0,100.0,True,False,False,google_play,,False,False,
2023-04,month,2023-04,2023-04,google_play,crashes_freezes,1,38,2.632,0.0,0.0,True,False,False,google_play,,False,False,
2023-04,month,2023-04,2023-04,google_play,data_sync_delays,0,38,0.0,,,True,False,False,google_play,,False,False,
2023-04,month,2023-04,2023-04,google_play,device_rendering_bugs,0,38,0.0,,,True,False,False,google_play,,False,False,
2023-04,month,2023-04,2023-04,google_play,ecg_bp_feature_reliability,0,38,0.0,,,True,False,False,google_play,,False,False,
2023-04,month,2023-04,2023-04,google_play,english_jargon_complexity,0,38,0.0,,,True,False,False,google_play,,False,False,
2023-04,month,2023-04,2023-04,google_play,feature_ui_friction,1,38,2.632,100.0,0.0,True,False,False,google_play,,False,False,
2023-04,month,2023-04,2023-04,google_play,metric_accuracy,3,38,7.895,0.0,100.0,True,False,False,google_play,,False,False,
2023-04,month,2023-04,2023-04,google_play,missing_activity_types,0,38,0.0,,,True,False,False,google_play,,False,False,
2023-04,month,2023-04,2023-04,google_play,missing_language_support,1,38,2.632,0.0,100.0,True,False,False,google_play,,False,False,
2023-04,month,2023-04,2023-04,google_play,missing_metrics,4,38,10.526,0.0,75.0,True,False,False,google_play,,False,False,
2023-04,month,2023-04,2023-04,google_play,notification_community_issues,0,38,0.0,,,True,False,False,google_play,,False,False,
2023-04,month,2023-04,2023-04,google_play,onboarding_pairing,0,38,0.0,,,True,False,False,google_play,,False,False,
2023-04,month,2023-04,2023-04,google_play,ongoing_disconnects,4,38,10.526,0.0,100.0,True,False,False,google_play,,False,False,
2023-04,month,2023-04,2023-04,google_play,personalization_use_case_fit,1,38,2.632,0.0,0.0,True,False,False,google_play,,False,False,
2023-04,month,2023-04,2023-04,google_play,plan_trial_structure,1,38,2.632,0.0,100.0,True,False,False,google_play,,False,False,
2023-04,month,2023-04,2023-04,google_play,price_value_perception,7,38,18.421,14.3,71.4,True,False,False,google_play,,False,False,
2023-04,month,2023-04,2023-04,google_play,redesign_regression,9,38,23.684,11.1,66.7,True,False,False,google_play,,False,False,
2023-04,month,2023-04,2023-04,google_play,sleep_accuracy,1,38,2.632,0.0,0.0,True,False,False,google_play,,False,False,
2023-04,month,2023-04,2023-04,google_play,sleep_alarm_ui,0,38,0.0,,,True,False,False,google_play,,False,False,
2023-04,month,2023-04,2023-04,google_play,sleep_satisfaction,1,38,2.632,100.0,0.0,True,False,False,google_play,,False,False,
2023-04,month,2023-04,2023-04,google_play,strap_clasp_durability,0,38,0.0,,,True,False,False,google_play,,False,False,
2023-04,month,2023-04,2023-04,google_play,support_resolution_quality,1,38,2.632,0.0,100.0,True,False,False,google_play,,False,False,
2023-04,month,2023-04,2023-04,google_play,support_responsiveness,4,38,10.526,0.0,75.0,True,False,False,google_play,,False,False,
2023-04,month,2023-04,2023-04,google_play,support_satisfaction,0,38,0.0,,,True,False,False,google_play,,False,False,
2023-04,month,2023-04,2023-04,google_play,third_party_integration,3,38,7.895,66.7,33.3,True,False,False,google_play,,False,False,
2023-04,month,2023-04,2023-04,google_play,update_failures,2,38,5.263,0.0,100.0,True,False,False,google_play,,False,False,
2023-04,month,2023-04,2023-04,google_play,upsell_pressure,0,38,0.0,,,True,False,False,google_play,,False,False,
2023-05,month,2023-05,2023-05,google_play,ai_coach,0,33,0.0,,,True,False,False,google_play,,False,False,
2023-05,month,2023-05,2023-05,google_play,app_stability,5,33,15.152,20.0,60.0,True,False,False,google_play,,False,False,
2023-05,month,2023-05,2023-05,google_play,customer_support,5,33,15.152,0.0,100.0,True,False,False,google_play,,False,False,
2023-05,month,2023-05,2023-05,google_play,data_accuracy,2,33,6.061,0.0,50.0,True,False,False,google_play,,False,False,
2023-05,month,2023-05,2023-05,google_play,feature_requests,3,33,9.091,33.3,66.7,True,False,False,google_play,,False,False,
2023-05,month,2023-05,2023-05,google_play,hardware_wearability,2,33,6.061,0.0,100.0,True,False,False,google_play,,False,False,
2023-05,month,2023-05,2023-05,google_play,health_signal_reliability,0,33,0.0,,,True,False,False,google_play,,False,False,
2023-05,month,2023-05,2023-05,google_play,localization,0,33,0.0,,,True,False,False,google_play,,False,False,
2023-05,month,2023-05,2023-05,google_play,platform_parity,15,33,45.455,26.7,60.0,True,False,False,google_play,,False,False,
2023-05,month,2023-05,2023-05,google_play,pricing_billing,9,33,27.273,0.0,100.0,True,False,False,google_play,,False,False,
2023-05,month,2023-05,2023-05,google_play,sleep_tracking,3,33,9.091,33.3,66.7,True,False,False,google_play,,False,False,
2023-05,month,2023-05,2023-05,google_play,sync_connectivity,13,33,39.394,7.7,76.9,True,False,False,google_play,,False,False,
2023-05,month,2023-05,2023-05,google_play,ui_ux,6,33,18.182,0.0,83.3,True,False,False,google_play,,False,False,
2023-05,month,2023-05,2023-05,google_play,activity_detection,0,33,0.0,,,True,False,False,google_play,,False,False,
2023-05,month,2023-05,2023-05,google_play,ai_autonomy,0,33,0.0,,,True,False,False,google_play,,False,False,
2023-05,month,2023-05,2023-05,google_play,ai_only_support_channel,0,33,0.0,,,True,False,False,google_play,,False,False,
2023-05,month,2023-05,2023-05,google_play,ai_positive_reception,0,33,0.0,,,True,False,False,google_play,,False,False,
2023-05,month,2023-05,2023-05,google_play,ai_reliability_bugs,0,33,0.0,,,True,False,False,google_play,,False,False,
2023-05,month,2023-05,2023-05,google_play,android_feature_gaps,4,33,12.121,75.0,25.0,True,False,False,google_play,,False,False,
2023-05,month,2023-05,2023-05,google_play,android_specific_bugs,11,33,33.333,9.1,72.7,True,False,False,google_play,,False,False,
2023-05,month,2023-05,2023-05,google_play,battery_life,0,33,0.0,,,True,False,False,google_play,,False,False,
2023-05,month,2023-05,2023-05,google_play,billing_disputes,4,33,12.121,0.0,100.0,True,False,False,google_play,,False,False,
2023-05,month,2023-05,2023-05,google_play,build_quality_perception,0,33,0.0,,,True,False,False,google_play,,False,False,
2023-05,month,2023-05,2023-05,google_play,cardiac_detection_trust,0,33,0.0,,,True,False,False,google_play,,False,False,
2023-05,month,2023-05,2023-05,google_play,comfort_fit,2,33,6.061,0.0,100.0,True,False,False,google_play,,False,False,
2023-05,month,2023-05,2023-05,google_play,crashes_freezes,2,33,6.061,50.0,50.0,True,False,False,google_play,,False,False,
2023-05,month,2023-05,2023-05,google_play,data_sync_delays,2,33,6.061,0.0,100.0,True,False,False,google_play,,False,False,
2023-05,month,2023-05,2023-05,google_play,device_rendering_bugs,0,33,0.0,,,True,False,False,google_play,,False,False,
2023-05,month,2023-05,2023-05,google_play,ecg_bp_feature_reliability,0,33,0.0,,,True,False,False,google_play,,False,False,
2023-05,month,2023-05,2023-05,google_play,english_jargon_complexity,0,33,0.0,,,True,False,False,google_play,,False,False,
2023-05,month,2023-05,2023-05,google_play,feature_ui_friction,1,33,3.03,0.0,100.0,True,False,False,google_play,,False,False,
2023-05,month,2023-05,2023-05,google_play,metric_accuracy,2,33,6.061,0.0,50.0,True,False,False,google_play,,False,False,
2023-05,month,2023-05,2023-05,google_play,missing_activity_types,1,33,3.03,100.0,0.0,True,False,False,google_play,,False,False,
2023-05,month,2023-05,2023-05,google_play,missing_language_support,0,33,0.0,,,True,False,False,google_play,,False,False,
2023-05,month,2023-05,2023-05,google_play,missing_metrics,2,33,6.061,0.0,100.0,True,False,False,google_play,,False,False,
2023-05,month,2023-05,2023-05,google_play,notification_community_issues,0,33,0.0,,,True,False,False,google_play,,False,False,
2023-05,month,2023-05,2023-05,google_play,onboarding_pairing,4,33,12.121,25.0,50.0,True,False,False,google_play,,False,False,
2023-05,month,2023-05,2023-05,google_play,ongoing_disconnects,7,33,21.212,0.0,85.7,True,False,False,google_play,,False,False,
2023-05,month,2023-05,2023-05,google_play,personalization_use_case_fit,0,33,0.0,,,True,False,False,google_play,,False,False,
2023-05,month,2023-05,2023-05,google_play,plan_trial_structure,3,33,9.091,0.0,100.0,True,False,False,google_play,,False,False,
2023-05,month,2023-05,2023-05,google_play,price_value_perception,6,33,18.182,0.0,100.0,True,False,False,google_play,,False,False,
2023-05,month,2023-05,2023-05,google_play,redesign_regression,5,33,15.152,0.0,80.0,True,False,False,google_play,,False,False,
2023-05,month,2023-05,2023-05,google_play,sleep_accuracy,3,33,9.091,33.3,66.7,True,False,False,google_play,,False,False,
2023-05,month,2023-05,2023-05,google_play,sleep_alarm_ui,0,33,0.0,,,True,False,False,google_play,,False,False,
2023-05,month,2023-05,2023-05,google_play,sleep_satisfaction,0,33,0.0,,,True,False,False,google_play,,False,False,
2023-05,month,2023-05,2023-05,google_play,strap_clasp_durability,0,33,0.0,,,True,False,False,google_play,,False,False,
2023-05,month,2023-05,2023-05,google_play,support_resolution_quality,5,33,15.152,0.0,100.0,True,False,False,google_play,,False,False,
2023-05,month,2023-05,2023-05,google_play,support_responsiveness,0,33,0.0,,,True,False,False,google_play,,False,False,
2023-05,month,2023-05,2023-05,google_play,support_satisfaction,0,33,0.0,,,True,False,False,google_play,,False,False,
2023-05,month,2023-05,2023-05,google_play,third_party_integration,0,33,0.0,,,True,False,False,google_play,,False,False,
2023-05,month,2023-05,2023-05,google_play,update_failures,4,33,12.121,25.0,50.0,True,False,False,google_play,,False,False,
2023-05,month,2023-05,2023-05,google_play,upsell_pressure,0,33,0.0,,,True,False,False,google_play,,False,False,
2023-06,month,2023-06,2023-06,google_play,ai_coach,0,50,0.0,,,True,False,False,google_play,,False,False,
2023-06,month,2023-06,2023-06,google_play,app_stability,4,50,8.0,0.0,100.0,True,False,False,google_play,,False,False,
2023-06,month,2023-06,2023-06,google_play,customer_support,1,50,2.0,100.0,0.0,True,False,False,google_play,,False,False,
2023-06,month,2023-06,2023-06,google_play,data_accuracy,4,50,8.0,25.0,50.0,True,False,False,google_play,,False,False,
2023-06,month,2023-06,2023-06,google_play,feature_requests,4,50,8.0,75.0,25.0,True,False,False,google_play,,False,False,
2023-06,month,2023-06,2023-06,google_play,hardware_wearability,1,50,2.0,100.0,0.0,True,False,False,google_play,,False,False,
2023-06,month,2023-06,2023-06,google_play,health_signal_reliability,0,50,0.0,,,True,False,False,google_play,,False,False,
2023-06,month,2023-06,2023-06,google_play,localization,0,50,0.0,,,True,False,False,google_play,,False,False,
2023-06,month,2023-06,2023-06,google_play,platform_parity,5,50,10.0,0.0,100.0,True,False,False,google_play,,False,False,
2023-06,month,2023-06,2023-06,google_play,pricing_billing,2,50,4.0,50.0,50.0,True,False,False,google_play,,False,False,
2023-06,month,2023-06,2023-06,google_play,sleep_tracking,10,50,20.0,70.0,30.0,True,False,False,google_play,,False,False,
2023-06,month,2023-06,2023-06,google_play,sync_connectivity,11,50,22.0,27.3,72.7,True,False,False,google_play,,False,False,
2023-06,month,2023-06,2023-06,google_play,ui_ux,0,50,0.0,,,True,False,False,google_play,,False,False,
2023-06,month,2023-06,2023-06,google_play,activity_detection,0,50,0.0,,,True,False,False,google_play,,False,False,
2023-06,month,2023-06,2023-06,google_play,ai_autonomy,0,50,0.0,,,True,False,False,google_play,,False,False,
2023-06,month,2023-06,2023-06,google_play,ai_only_support_channel,0,50,0.0,,,True,False,False,google_play,,False,False,
2023-06,month,2023-06,2023-06,google_play,ai_positive_reception,0,50,0.0,,,True,False,False,google_play,,False,False,
2023-06,month,2023-06,2023-06,google_play,ai_reliability_bugs,0,50,0.0,,,True,False,False,google_play,,False,False,
2023-06,month,2023-06,2023-06,google_play,android_feature_gaps,0,50,0.0,,,True,False,False,google_play,,False,False,
2023-06,month,2023-06,2023-06,google_play,android_specific_bugs,5,50,10.0,0.0,100.0,True,False,False,google_play,,False,False,
2023-06,month,2023-06,2023-06,google_play,battery_life,1,50,2.0,100.0,0.0,True,False,False,google_play,,False,False,
2023-06,month,2023-06,2023-06,google_play,billing_disputes,1,50,2.0,0.0,100.0,True,False,False,google_play,,False,False,
2023-06,month,2023-06,2023-06,google_play,build_quality_perception,0,50,0.0,,,True,False,False,google_play,,False,False,
2023-06,month,2023-06,2023-06,google_play,cardiac_detection_trust,0,50,0.0,,,True,False,False,google_play,,False,False,
2023-06,month,2023-06,2023-06,google_play,comfort_fit,0,50,0.0,,,True,False,False,google_play,,False,False,
2023-06,month,2023-06,2023-06,google_play,crashes_freezes,3,50,6.0,0.0,100.0,True,False,False,google_play,,False,False,
2023-06,month,2023-06,2023-06,google_play,data_sync_delays,0,50,0.0,,,True,False,False,google_play,,False,False,
2023-06,month,2023-06,2023-06,google_play,device_rendering_bugs,0,50,0.0,,,True,False,False,google_play,,False,False,
2023-06,month,2023-06,2023-06,google_play,ecg_bp_feature_reliability,0,50,0.0,,,True,False,False,google_play,,False,False,
2023-06,month,2023-06,2023-06,google_play,english_jargon_complexity,0,50,0.0,,,True,False,False,google_play,,False,False,
2023-06,month,2023-06,2023-06,google_play,feature_ui_friction,0,50,0.0,,,True,False,False,google_play,,False,False,
2023-06,month,2023-06,2023-06,google_play,metric_accuracy,4,50,8.0,25.0,50.0,True,False,False,google_play,,False,False,
2023-06,month,2023-06,2023-06,google_play,missing_activity_types,0,50,0.0,,,True,False,False,google_play,,False,False,
2023-06,month,2023-06,2023-06,google_play,missing_language_support,0,50,0.0,,,True,False,False,google_play,,False,False,
2023-06,month,2023-06,2023-06,google_play,missing_metrics,1,50,2.0,0.0,100.0,True,False,False,google_play,,False,False,
2023-06,month,2023-06,2023-06,google_play,notification_community_issues,0,50,0.0,,,True,False,False,google_play,,False,False,
2023-06,month,2023-06,2023-06,google_play,onboarding_pairing,7,50,14.0,28.6,71.4,True,False,False,google_play,,False,False,
2023-06,month,2023-06,2023-06,google_play,ongoing_disconnects,4,50,8.0,25.0,75.0,True,False,False,google_play,,False,False,
2023-06,month,2023-06,2023-06,google_play,personalization_use_case_fit,2,50,4.0,100.0,0.0,True,False,False,google_play,,False,False,
2023-06,month,2023-06,2023-06,google_play,plan_trial_structure,0,50,0.0,,,True,False,False,google_play,,False,False,
2023-06,month,2023-06,2023-06,google_play,price_value_perception,2,50,4.0,50.0,50.0,True,False,False,google_play,,False,False,
2023-06,month,2023-06,2023-06,google_play,redesign_regression,0,50,0.0,,,True,False,False,google_play,,False,False,
2023-06,month,2023-06,2023-06,google_play,sleep_accuracy,3,50,6.0,0.0,100.0,True,False,False,google_play,,False,False,
2023-06,month,2023-06,2023-06,google_play,sleep_alarm_ui,0,50,0.0,,,True,False,False,google_play,,False,False,
2023-06,month,2023-06,2023-06,google_play,sleep_satisfaction,7,50,14.0,100.0,0.0,True,False,False,google_play,,False,False,
2023-06,month,2023-06,2023-06,google_play,strap_clasp_durability,0,50,0.0,,,True,False,False,google_play,,False,False,
2023-06,month,2023-06,2023-06,google_play,support_resolution_quality,0,50,0.0,,,True,False,False,google_play,,False,False,
2023-06,month,2023-06,2023-06,google_play,support_responsiveness,0,50,0.0,,,True,False,False,google_play,,False,False,
2023-06,month,2023-06,2023-06,google_play,support_satisfaction,1,50,2.0,100.0,0.0,True,False,False,google_play,,False,False,
2023-06,month,2023-06,2023-06,google_play,third_party_integration,1,50,2.0,100.0,0.0,True,False,False,google_play,,False,False,
2023-06,month,2023-06,2023-06,google_play,update_failures,2,50,4.0,0.0,100.0,True,False,False,google_play,,False,False,
2023-06,month,2023-06,2023-06,google_play,upsell_pressure,0,50,0.0,,,True,False,False,google_play,,False,False,
2023-07_to_2023-08,multi_month,2023-07,2023-08,google_play,ai_coach,1,45,2.222,0.0,100.0,True,False,False,google_play,,False,False,
2023-07_to_2023-08,multi_month,2023-07,2023-08,google_play,app_stability,1,45,2.222,0.0,100.0,True,False,False,google_play,,False,False,
2023-07_to_2023-08,multi_month,2023-07,2023-08,google_play,customer_support,10,45,22.222,10.0,80.0,True,False,False,google_play,,False,False,
2023-07_to_2023-08,multi_month,2023-07,2023-08,google_play,data_accuracy,5,45,11.111,0.0,100.0,True,False,False,google_play,,False,False,
2023-07_to_2023-08,multi_month,2023-07,2023-08,google_play,feature_requests,5,45,11.111,40.0,40.0,True,False,False,google_play,,False,False,
2023-07_to_2023-08,multi_month,2023-07,2023-08,google_play,hardware_wearability,3,45,6.667,0.0,100.0,True,False,False,google_play,,False,False,
2023-07_to_2023-08,multi_month,2023-07,2023-08,google_play,health_signal_reliability,0,45,0.0,,,True,False,False,google_play,,False,False,
2023-07_to_2023-08,multi_month,2023-07,2023-08,google_play,localization,0,45,0.0,,,True,False,False,google_play,,False,False,
2023-07_to_2023-08,multi_month,2023-07,2023-08,google_play,platform_parity,10,45,22.222,10.0,80.0,True,False,False,google_play,,False,False,
2023-07_to_2023-08,multi_month,2023-07,2023-08,google_play,pricing_billing,21,45,46.667,4.8,90.5,True,False,False,google_play,,False,False,
2023-07_to_2023-08,multi_month,2023-07,2023-08,google_play,sleep_tracking,6,45,13.333,33.3,66.7,True,False,False,google_play,,False,False,
2023-07_to_2023-08,multi_month,2023-07,2023-08,google_play,sync_connectivity,16,45,35.556,12.5,81.2,True,False,False,google_play,,False,False,
2023-07_to_2023-08,multi_month,2023-07,2023-08,google_play,ui_ux,5,45,11.111,60.0,20.0,True,False,False,google_play,,False,False,
2023-07_to_2023-08,multi_month,2023-07,2023-08,google_play,activity_detection,0,45,0.0,,,True,False,False,google_play,,False,False,
2023-07_to_2023-08,multi_month,2023-07,2023-08,google_play,ai_autonomy,0,45,0.0,,,True,False,False,google_play,,False,False,
2023-07_to_2023-08,multi_month,2023-07,2023-08,google_play,ai_only_support_channel,0,45,0.0,,,True,False,False,google_play,,False,False,
2023-07_to_2023-08,multi_month,2023-07,2023-08,google_play,ai_positive_reception,0,45,0.0,,,True,False,False,google_play,,False,False,
2023-07_to_2023-08,multi_month,2023-07,2023-08,google_play,ai_reliability_bugs,1,45,2.222,0.0,100.0,True,False,False,google_play,,False,False,
2023-07_to_2023-08,multi_month,2023-07,2023-08,google_play,android_feature_gaps,0,45,0.0,,,True,False,False,google_play,,False,False,
2023-07_to_2023-08,multi_month,2023-07,2023-08,google_play,android_specific_bugs,10,45,22.222,10.0,80.0,True,False,False,google_play,,False,False,
2023-07_to_2023-08,multi_month,2023-07,2023-08,google_play,battery_life,2,45,4.444,0.0,100.0,True,False,False,google_play,,False,False,
2023-07_to_2023-08,multi_month,2023-07,2023-08,google_play,billing_disputes,7,45,15.556,0.0,100.0,True,False,False,google_play,,False,False,
2023-07_to_2023-08,multi_month,2023-07,2023-08,google_play,build_quality_perception,1,45,2.222,0.0,100.0,True,False,False,google_play,,False,False,
2023-07_to_2023-08,multi_month,2023-07,2023-08,google_play,cardiac_detection_trust,0,45,0.0,,,True,False,False,google_play,,False,False,
2023-07_to_2023-08,multi_month,2023-07,2023-08,google_play,comfort_fit,0,45,0.0,,,True,False,False,google_play,,False,False,
2023-07_to_2023-08,multi_month,2023-07,2023-08,google_play,crashes_freezes,0,45,0.0,,,True,False,False,google_play,,False,False,
2023-07_to_2023-08,multi_month,2023-07,2023-08,google_play,data_sync_delays,3,45,6.667,0.0,100.0,True,False,False,google_play,,False,False,
2023-07_to_2023-08,multi_month,2023-07,2023-08,google_play,device_rendering_bugs,0,45,0.0,,,True,False,False,google_play,,False,False,
2023-07_to_2023-08,multi_month,2023-07,2023-08,google_play,ecg_bp_feature_reliability,0,45,0.0,,,True,False,False,google_play,,False,False,
2023-07_to_2023-08,multi_month,2023-07,2023-08,google_play,english_jargon_complexity,0,45,0.0,,,True,False,False,google_play,,False,False,
2023-07_to_2023-08,multi_month,2023-07,2023-08,google_play,feature_ui_friction,2,45,4.444,100.0,0.0,True,False,False,google_play,,False,False,
2023-07_to_2023-08,multi_month,2023-07,2023-08,google_play,metric_accuracy,5,45,11.111,0.0,100.0,True,False,False,google_play,,False,False,
2023-07_to_2023-08,multi_month,2023-07,2023-08,google_play,missing_activity_types,0,45,0.0,,,True,False,False,google_play,,False,False,
2023-07_to_2023-08,multi_month,2023-07,2023-08,google_play,missing_language_support,0,45,0.0,,,True,False,False,google_play,,False,False,
2023-07_to_2023-08,multi_month,2023-07,2023-08,google_play,missing_metrics,3,45,6.667,66.7,33.3,True,False,False,google_play,,False,False,
2023-07_to_2023-08,multi_month,2023-07,2023-08,google_play,notification_community_issues,0,45,0.0,,,True,False,False,google_play,,False,False,
2023-07_to_2023-08,multi_month,2023-07,2023-08,google_play,onboarding_pairing,5,45,11.111,0.0,80.0,True,False,False,google_play,,False,False,
2023-07_to_2023-08,multi_month,2023-07,2023-08,google_play,ongoing_disconnects,9,45,20.0,22.2,77.8,True,False,False,google_play,,False,False,
2023-07_to_2023-08,multi_month,2023-07,2023-08,google_play,personalization_use_case_fit,2,45,4.444,0.0,100.0,True,False,False,google_play,,False,False,
2023-07_to_2023-08,multi_month,2023-07,2023-08,google_play,plan_trial_structure,4,45,8.889,0.0,75.0,True,False,False,google_play,,False,False,
2023-07_to_2023-08,multi_month,2023-07,2023-08,google_play,price_value_perception,15,45,33.333,6.7,86.7,True,False,False,google_play,,False,False,
2023-07_to_2023-08,multi_month,2023-07,2023-08,google_play,redesign_regression,4,45,8.889,50.0,25.0,True,False,False,google_play,,False,False,
2023-07_to_2023-08,multi_month,2023-07,2023-08,google_play,sleep_accuracy,3,45,6.667,0.0,100.0,True,False,False,google_play,,False,False,
2023-07_to_2023-08,multi_month,2023-07,2023-08,google_play,sleep_alarm_ui,1,45,2.222,100.0,0.0,True,False,False,google_play,,False,False,
2023-07_to_2023-08,multi_month,2023-07,2023-08,google_play,sleep_satisfaction,2,45,4.444,50.0,50.0,True,False,False,google_play,,False,False,
2023-07_to_2023-08,multi_month,2023-07,2023-08,google_play,strap_clasp_durability,1,45,2.222,0.0,100.0,True,False,False,google_play,,False,False,
2023-07_to_2023-08,multi_month,2023-07,2023-08,google_play,support_resolution_quality,3,45,6.667,0.0,100.0,True,False,False,google_play,,False,False,
2023-07_to_2023-08,multi_month,2023-07,2023-08,google_play,support_responsiveness,7,45,15.556,14.3,71.4,True,False,False,google_play,,False,False,
2023-07_to_2023-08,multi_month,2023-07,2023-08,google_play,support_satisfaction,0,45,0.0,,,True,False,False,google_play,,False,False,
2023-07_to_2023-08,multi_month,2023-07,2023-08,google_play,third_party_integration,1,45,2.222,0.0,0.0,True,False,False,google_play,,False,False,
2023-07_to_2023-08,multi_month,2023-07,2023-08,google_play,update_failures,1,45,2.222,0.0,100.0,True,False,False,google_play,,False,False,
2023-07_to_2023-08,multi_month,2023-07,2023-08,google_play,upsell_pressure,0,45,0.0,,,True,False,False,google_play,,False,False,
2023-09_to_2023-10,multi_month,2023-09,2023-10,google_play,ai_coach,1,45,2.222,100.0,0.0,True,False,False,google_play,,False,False,
2023-09_to_2023-10,multi_month,2023-09,2023-10,google_play,app_stability,3,45,6.667,33.3,33.3,True,False,False,google_play,,False,False,
2023-09_to_2023-10,multi_month,2023-09,2023-10,google_play,customer_support,5,45,11.111,40.0,60.0,True,False,False,google_play,,False,False,
2023-09_to_2023-10,multi_month,2023-09,2023-10,google_play,data_accuracy,5,45,11.111,20.0,60.0,True,False,False,google_play,,False,False,
2023-09_to_2023-10,multi_month,2023-09,2023-10,google_play,feature_requests,3,45,6.667,0.0,0.0,True,False,False,google_play,,False,False,
2023-09_to_2023-10,multi_month,2023-09,2023-10,google_play,hardware_wearability,2,45,4.444,0.0,100.0,True,False,False,google_play,,False,False,
2023-09_to_2023-10,multi_month,2023-09,2023-10,google_play,health_signal_reliability,0,45,0.0,,,True,False,False,google_play,,False,False,
2023-09_to_2023-10,multi_month,2023-09,2023-10,google_play,localization,0,45,0.0,,,True,False,False,google_play,,False,False,
2023-09_to_2023-10,multi_month,2023-09,2023-10,google_play,platform_parity,5,45,11.111,20.0,60.0,True,False,False,google_play,,False,False,
2023-09_to_2023-10,multi_month,2023-09,2023-10,google_play,pricing_billing,16,45,35.556,12.5,87.5,True,False,False,google_play,,False,False,
2023-09_to_2023-10,multi_month,2023-09,2023-10,google_play,sleep_tracking,4,45,8.889,25.0,50.0,True,False,False,google_play,,False,False,
2023-09_to_2023-10,multi_month,2023-09,2023-10,google_play,sync_connectivity,15,45,33.333,6.7,73.3,True,False,False,google_play,,False,False,
2023-09_to_2023-10,multi_month,2023-09,2023-10,google_play,ui_ux,1,45,2.222,0.0,0.0,True,False,False,google_play,,False,False,
2023-09_to_2023-10,multi_month,2023-09,2023-10,google_play,activity_detection,2,45,4.444,50.0,0.0,True,False,False,google_play,,False,False,
2023-09_to_2023-10,multi_month,2023-09,2023-10,google_play,ai_autonomy,0,45,0.0,,,True,False,False,google_play,,False,False,
2023-09_to_2023-10,multi_month,2023-09,2023-10,google_play,ai_only_support_channel,0,45,0.0,,,True,False,False,google_play,,False,False,
2023-09_to_2023-10,multi_month,2023-09,2023-10,google_play,ai_positive_reception,1,45,2.222,100.0,0.0,True,False,False,google_play,,False,False,
2023-09_to_2023-10,multi_month,2023-09,2023-10,google_play,ai_reliability_bugs,0,45,0.0,,,True,False,False,google_play,,False,False,
2023-09_to_2023-10,multi_month,2023-09,2023-10,google_play,android_feature_gaps,1,45,2.222,100.0,0.0,True,False,False,google_play,,False,False,
2023-09_to_2023-10,multi_month,2023-09,2023-10,google_play,android_specific_bugs,4,45,8.889,0.0,75.0,True,False,False,google_play,,False,False,
2023-09_to_2023-10,multi_month,2023-09,2023-10,google_play,battery_life,0,45,0.0,,,True,False,False,google_play,,False,False,
2023-09_to_2023-10,multi_month,2023-09,2023-10,google_play,billing_disputes,13,45,28.889,0.0,100.0,True,False,False,google_play,,False,False,
2023-09_to_2023-10,multi_month,2023-09,2023-10,google_play,build_quality_perception,1,45,2.222,0.0,100.0,True,False,False,google_play,,False,False,
2023-09_to_2023-10,multi_month,2023-09,2023-10,google_play,cardiac_detection_trust,0,45,0.0,,,True,False,False,google_play,,False,False,
2023-09_to_2023-10,multi_month,2023-09,2023-10,google_play,comfort_fit,1,45,2.222,0.0,100.0,True,False,False,google_play,,False,False,
2023-09_to_2023-10,multi_month,2023-09,2023-10,google_play,crashes_freezes,3,45,6.667,33.3,33.3,True,False,False,google_play,,False,False,
2023-09_to_2023-10,multi_month,2023-09,2023-10,google_play,data_sync_delays,3,45,6.667,33.3,66.7,True,False,False,google_play,,False,False,
2023-09_to_2023-10,multi_month,2023-09,2023-10,google_play,device_rendering_bugs,0,45,0.0,,,True,False,False,google_play,,False,False,
2023-09_to_2023-10,multi_month,2023-09,2023-10,google_play,ecg_bp_feature_reliability,0,45,0.0,,,True,False,False,google_play,,False,False,
2023-09_to_2023-10,multi_month,2023-09,2023-10,google_play,english_jargon_complexity,0,45,0.0,,,True,False,False,google_play,,False,False,
2023-09_to_2023-10,multi_month,2023-09,2023-10,google_play,feature_ui_friction,0,45,0.0,,,True,False,False,google_play,,False,False,
2023-09_to_2023-10,multi_month,2023-09,2023-10,google_play,metric_accuracy,4,45,8.889,0.0,75.0,True,False,False,google_play,,False,False,
2023-09_to_2023-10,multi_month,2023-09,2023-10,google_play,missing_activity_types,1,45,2.222,0.0,0.0,True,False,False,google_play,,False,False,
2023-09_to_2023-10,multi_month,2023-09,2023-10,google_play,missing_language_support,0,45,0.0,,,True,False,False,google_play,,False,False,
2023-09_to_2023-10,multi_month,2023-09,2023-10,google_play,missing_metrics,3,45,6.667,0.0,0.0,True,False,False,google_play,,False,False,
2023-09_to_2023-10,multi_month,2023-09,2023-10,google_play,notification_community_issues,0,45,0.0,,,True,False,False,google_play,,False,False,
2023-09_to_2023-10,multi_month,2023-09,2023-10,google_play,onboarding_pairing,8,45,17.778,0.0,75.0,True,False,False,google_play,,False,False,
2023-09_to_2023-10,multi_month,2023-09,2023-10,google_play,ongoing_disconnects,6,45,13.333,16.7,66.7,True,False,False,google_play,,False,False,
2023-09_to_2023-10,multi_month,2023-09,2023-10,google_play,personalization_use_case_fit,0,45,0.0,,,True,False,False,google_play,,False,False,
2023-09_to_2023-10,multi_month,2023-09,2023-10,google_play,plan_trial_structure,7,45,15.556,14.3,85.7,True,False,False,google_play,,False,False,
2023-09_to_2023-10,multi_month,2023-09,2023-10,google_play,price_value_perception,6,45,13.333,16.7,83.3,True,False,False,google_play,,False,False,
2023-09_to_2023-10,multi_month,2023-09,2023-10,google_play,redesign_regression,1,45,2.222,0.0,0.0,True,False,False,google_play,,False,False,
2023-09_to_2023-10,multi_month,2023-09,2023-10,google_play,sleep_accuracy,2,45,4.444,0.0,100.0,True,False,False,google_play,,False,False,
2023-09_to_2023-10,multi_month,2023-09,2023-10,google_play,sleep_alarm_ui,0,45,0.0,,,True,False,False,google_play,,False,False,
2023-09_to_2023-10,multi_month,2023-09,2023-10,google_play,sleep_satisfaction,2,45,4.444,50.0,0.0,True,False,False,google_play,,False,False,
2023-09_to_2023-10,multi_month,2023-09,2023-10,google_play,strap_clasp_durability,0,45,0.0,,,True,False,False,google_play,,False,False,
2023-09_to_2023-10,multi_month,2023-09,2023-10,google_play,support_resolution_quality,3,45,6.667,0.0,100.0,True,False,False,google_play,,False,False,
2023-09_to_2023-10,multi_month,2023-09,2023-10,google_play,support_responsiveness,1,45,2.222,0.0,100.0,True,False,False,google_play,,False,False,
2023-09_to_2023-10,multi_month,2023-09,2023-10,google_play,support_satisfaction,2,45,4.444,100.0,0.0,True,False,False,google_play,,False,False,
2023-09_to_2023-10,multi_month,2023-09,2023-10,google_play,third_party_integration,0,45,0.0,,,True,False,False,google_play,,False,False,
2023-09_to_2023-10,multi_month,2023-09,2023-10,google_play,update_failures,0,45,0.0,,,True,False,False,google_play,,False,False,
2023-09_to_2023-10,multi_month,2023-09,2023-10,google_play,upsell_pressure,0,45,0.0,,,True,False,False,google_play,,False,False,
2023-11_to_2023-12,multi_month,2023-11,2023-12,google_play,ai_coach,1,48,2.083,100.0,0.0,True,False,False,google_play,,False,False,
2023-11_to_2023-12,multi_month,2023-11,2023-12,google_play,app_stability,3,48,6.25,33.3,33.3,True,False,False,google_play,,False,False,
2023-11_to_2023-12,multi_month,2023-11,2023-12,google_play,customer_support,9,48,18.75,11.1,66.7,True,False,False,google_play,,False,False,
2023-11_to_2023-12,multi_month,2023-11,2023-12,google_play,data_accuracy,5,48,10.417,40.0,60.0,True,False,False,google_play,,False,False,
2023-11_to_2023-12,multi_month,2023-11,2023-12,google_play,feature_requests,3,48,6.25,100.0,0.0,True,False,False,google_play,,False,False,
2023-11_to_2023-12,multi_month,2023-11,2023-12,google_play,hardware_wearability,4,48,8.333,0.0,100.0,True,False,False,google_play,,False,False,
2023-11_to_2023-12,multi_month,2023-11,2023-12,google_play,health_signal_reliability,0,48,0.0,,,True,False,False,google_play,,False,False,
2023-11_to_2023-12,multi_month,2023-11,2023-12,google_play,localization,1,48,2.083,0.0,0.0,True,False,False,google_play,,False,False,
2023-11_to_2023-12,multi_month,2023-11,2023-12,google_play,platform_parity,5,48,10.417,20.0,60.0,True,False,False,google_play,,False,False,
2023-11_to_2023-12,multi_month,2023-11,2023-12,google_play,pricing_billing,18,48,37.5,11.1,83.3,True,False,False,google_play,,False,False,
2023-11_to_2023-12,multi_month,2023-11,2023-12,google_play,sleep_tracking,3,48,6.25,100.0,0.0,True,False,False,google_play,,False,False,
2023-11_to_2023-12,multi_month,2023-11,2023-12,google_play,sync_connectivity,11,48,22.917,9.1,63.6,True,False,False,google_play,,False,False,
2023-11_to_2023-12,multi_month,2023-11,2023-12,google_play,ui_ux,8,48,16.667,0.0,75.0,True,False,False,google_play,,False,False,
2023-11_to_2023-12,multi_month,2023-11,2023-12,google_play,activity_detection,1,48,2.083,100.0,0.0,True,False,False,google_play,,False,False,
2023-11_to_2023-12,multi_month,2023-11,2023-12,google_play,ai_autonomy,0,48,0.0,,,True,False,False,google_play,,False,False,
2023-11_to_2023-12,multi_month,2023-11,2023-12,google_play,ai_only_support_channel,0,48,0.0,,,True,False,False,google_play,,False,False,
2023-11_to_2023-12,multi_month,2023-11,2023-12,google_play,ai_positive_reception,1,48,2.083,100.0,0.0,True,False,False,google_play,,False,False,
2023-11_to_2023-12,multi_month,2023-11,2023-12,google_play,ai_reliability_bugs,0,48,0.0,,,True,False,False,google_play,,False,False,
2023-11_to_2023-12,multi_month,2023-11,2023-12,google_play,android_feature_gaps,2,48,4.167,0.0,50.0,True,False,False,google_play,,False,False,
2023-11_to_2023-12,multi_month,2023-11,2023-12,google_play,android_specific_bugs,3,48,6.25,33.3,66.7,True,False,False,google_play,,False,False,
2023-11_to_2023-12,multi_month,2023-11,2023-12,google_play,battery_life,0,48,0.0,,,True,False,False,google_play,,False,False,
2023-11_to_2023-12,multi_month,2023-11,2023-12,google_play,billing_disputes,11,48,22.917,9.1,90.9,True,False,False,google_play,,False,False,
2023-11_to_2023-12,multi_month,2023-11,2023-12,google_play,build_quality_perception,1,48,2.083,0.0,100.0,True,False,False,google_play,,False,False,
2023-11_to_2023-12,multi_month,2023-11,2023-12,google_play,cardiac_detection_trust,0,48,0.0,,,True,False,False,google_play,,False,False,
2023-11_to_2023-12,multi_month,2023-11,2023-12,google_play,comfort_fit,1,48,2.083,0.0,100.0,True,False,False,google_play,,False,False,
2023-11_to_2023-12,multi_month,2023-11,2023-12,google_play,crashes_freezes,2,48,4.167,50.0,50.0,True,False,False,google_play,,False,False,
2023-11_to_2023-12,multi_month,2023-11,2023-12,google_play,data_sync_delays,1,48,2.083,0.0,100.0,True,False,False,google_play,,False,False,
2023-11_to_2023-12,multi_month,2023-11,2023-12,google_play,device_rendering_bugs,2,48,4.167,0.0,50.0,True,False,False,google_play,,False,False,
2023-11_to_2023-12,multi_month,2023-11,2023-12,google_play,ecg_bp_feature_reliability,0,48,0.0,,,True,False,False,google_play,,False,False,
2023-11_to_2023-12,multi_month,2023-11,2023-12,google_play,english_jargon_complexity,0,48,0.0,,,True,False,False,google_play,,False,False,
2023-11_to_2023-12,multi_month,2023-11,2023-12,google_play,feature_ui_friction,1,48,2.083,0.0,100.0,True,False,False,google_play,,False,False,
2023-11_to_2023-12,multi_month,2023-11,2023-12,google_play,metric_accuracy,4,48,8.333,25.0,75.0,True,False,False,google_play,,False,False,
2023-11_to_2023-12,multi_month,2023-11,2023-12,google_play,missing_activity_types,0,48,0.0,,,True,False,False,google_play,,False,False,
2023-11_to_2023-12,multi_month,2023-11,2023-12,google_play,missing_language_support,1,48,2.083,0.0,0.0,True,False,False,google_play,,False,False,
2023-11_to_2023-12,multi_month,2023-11,2023-12,google_play,missing_metrics,3,48,6.25,100.0,0.0,True,False,False,google_play,,False,False,
2023-11_to_2023-12,multi_month,2023-11,2023-12,google_play,notification_community_issues,1,48,2.083,0.0,100.0,True,False,False,google_play,,False,False,
2023-11_to_2023-12,multi_month,2023-11,2023-12,google_play,onboarding_pairing,6,48,12.5,16.7,83.3,True,False,False,google_play,,False,False,
2023-11_to_2023-12,multi_month,2023-11,2023-12,google_play,ongoing_disconnects,4,48,8.333,0.0,25.0,True,False,False,google_play,,False,False,
2023-11_to_2023-12,multi_month,2023-11,2023-12,google_play,personalization_use_case_fit,0,48,0.0,,,True,False,False,google_play,,False,False,
2023-11_to_2023-12,multi_month,2023-11,2023-12,google_play,plan_trial_structure,3,48,6.25,0.0,100.0,True,False,False,google_play,,False,False,
2023-11_to_2023-12,multi_month,2023-11,2023-12,google_play,price_value_perception,10,48,20.833,10.0,80.0,True,False,False,google_play,,False,False,
2023-11_to_2023-12,multi_month,2023-11,2023-12,google_play,redesign_regression,4,48,8.333,0.0,75.0,True,False,False,google_play,,False,False,
2023-11_to_2023-12,multi_month,2023-11,2023-12,google_play,sleep_accuracy,2,48,4.167,100.0,0.0,True,False,False,google_play,,False,False,
2023-11_to_2023-12,multi_month,2023-11,2023-12,google_play,sleep_alarm_ui,0,48,0.0,,,True,False,False,google_play,,False,False,
2023-11_to_2023-12,multi_month,2023-11,2023-12,google_play,sleep_satisfaction,1,48,2.083,100.0,0.0,True,False,False,google_play,,False,False,
2023-11_to_2023-12,multi_month,2023-11,2023-12,google_play,strap_clasp_durability,2,48,4.167,0.0,100.0,True,False,False,google_play,,False,False,
2023-11_to_2023-12,multi_month,2023-11,2023-12,google_play,support_resolution_quality,5,48,10.417,0.0,60.0,True,False,False,google_play,,False,False,
2023-11_to_2023-12,multi_month,2023-11,2023-12,google_play,support_responsiveness,5,48,10.417,0.0,100.0,True,False,False,google_play,,False,False,
2023-11_to_2023-12,multi_month,2023-11,2023-12,google_play,support_satisfaction,1,48,2.083,100.0,0.0,True,False,False,google_play,,False,False,
2023-11_to_2023-12,multi_month,2023-11,2023-12,google_play,third_party_integration,0,48,0.0,,,True,False,False,google_play,,False,False,
2023-11_to_2023-12,multi_month,2023-11,2023-12,google_play,update_failures,1,48,2.083,0.0,0.0,True,False,False,google_play,,False,False,
2023-11_to_2023-12,multi_month,2023-11,2023-12,google_play,upsell_pressure,0,48,0.0,,,True,False,False,google_play,,False,False,
2024-01_to_2024-02,multi_month,2024-01,2024-02,google_play,ai_coach,3,47,6.383,66.7,0.0,True,False,False,google_play,,False,False,
2024-01_to_2024-02,multi_month,2024-01,2024-02,google_play,app_stability,8,47,17.021,25.0,37.5,True,False,False,google_play,,False,False,
2024-01_to_2024-02,multi_month,2024-01,2024-02,google_play,customer_support,10,47,21.277,10.0,80.0,True,False,False,google_play,,False,False,
2024-01_to_2024-02,multi_month,2024-01,2024-02,google_play,data_accuracy,6,47,12.766,50.0,50.0,True,False,False,google_play,,False,False,
2024-01_to_2024-02,multi_month,2024-01,2024-02,google_play,feature_requests,6,47,12.766,50.0,33.3,True,False,False,google_play,,False,False,
2024-01_to_2024-02,multi_month,2024-01,2024-02,google_play,hardware_wearability,1,47,2.128,0.0,100.0,True,False,False,google_play,,False,False,
2024-01_to_2024-02,multi_month,2024-01,2024-02,google_play,health_signal_reliability,0,47,0.0,,,True,False,False,google_play,,False,False,
2024-01_to_2024-02,multi_month,2024-01,2024-02,google_play,localization,0,47,0.0,,,True,False,False,google_play,,False,False,
2024-01_to_2024-02,multi_month,2024-01,2024-02,google_play,platform_parity,2,47,4.255,0.0,50.0,True,False,False,google_play,,False,False,
2024-01_to_2024-02,multi_month,2024-01,2024-02,google_play,pricing_billing,16,47,34.043,0.0,87.5,True,False,False,google_play,,False,False,
2024-01_to_2024-02,multi_month,2024-01,2024-02,google_play,sleep_tracking,7,47,14.894,0.0,57.1,True,False,False,google_play,,False,False,
2024-01_to_2024-02,multi_month,2024-01,2024-02,google_play,sync_connectivity,10,47,21.277,0.0,70.0,True,False,False,google_play,,False,False,
2024-01_to_2024-02,multi_month,2024-01,2024-02,google_play,ui_ux,4,47,8.511,25.0,25.0,True,False,False,google_play,,False,False,
2024-01_to_2024-02,multi_month,2024-01,2024-02,google_play,activity_detection,1,47,2.128,100.0,0.0,True,False,False,google_play,,False,False,
2024-01_to_2024-02,multi_month,2024-01,2024-02,google_play,ai_autonomy,1,47,2.128,0.0,0.0,True,False,False,google_play,,False,False,
2024-01_to_2024-02,multi_month,2024-01,2024-02,google_play,ai_only_support_channel,1,47,2.128,0.0,100.0,True,False,False,google_play,,False,False,
2024-01_to_2024-02,multi_month,2024-01,2024-02,google_play,ai_positive_reception,2,47,4.255,100.0,0.0,True,False,False,google_play,,False,False,
2024-01_to_2024-02,multi_month,2024-01,2024-02,google_play,ai_reliability_bugs,0,47,0.0,,,True,False,False,google_play,,False,False,
2024-01_to_2024-02,multi_month,2024-01,2024-02,google_play,android_feature_gaps,0,47,0.0,,,True,False,False,google_play,,False,False,
2024-01_to_2024-02,multi_month,2024-01,2024-02,google_play,android_specific_bugs,2,47,4.255,0.0,50.0,True,False,False,google_play,,False,False,
2024-01_to_2024-02,multi_month,2024-01,2024-02,google_play,battery_life,0,47,0.0,,,True,False,False,google_play,,False,False,
2024-01_to_2024-02,multi_month,2024-01,2024-02,google_play,billing_disputes,6,47,12.766,0.0,100.0,True,False,False,google_play,,False,False,
2024-01_to_2024-02,multi_month,2024-01,2024-02,google_play,build_quality_perception,0,47,0.0,,,True,False,False,google_play,,False,False,
2024-01_to_2024-02,multi_month,2024-01,2024-02,google_play,cardiac_detection_trust,0,47,0.0,,,True,False,False,google_play,,False,False,
2024-01_to_2024-02,multi_month,2024-01,2024-02,google_play,comfort_fit,0,47,0.0,,,True,False,False,google_play,,False,False,
2024-01_to_2024-02,multi_month,2024-01,2024-02,google_play,crashes_freezes,7,47,14.894,28.6,28.6,True,False,False,google_play,,False,False,
2024-01_to_2024-02,multi_month,2024-01,2024-02,google_play,data_sync_delays,4,47,8.511,0.0,75.0,True,False,False,google_play,,False,False,
2024-01_to_2024-02,multi_month,2024-01,2024-02,google_play,device_rendering_bugs,0,47,0.0,,,True,False,False,google_play,,False,False,
2024-01_to_2024-02,multi_month,2024-01,2024-02,google_play,ecg_bp_feature_reliability,0,47,0.0,,,True,False,False,google_play,,False,False,
2024-01_to_2024-02,multi_month,2024-01,2024-02,google_play,english_jargon_complexity,0,47,0.0,,,True,False,False,google_play,,False,False,
2024-01_to_2024-02,multi_month,2024-01,2024-02,google_play,feature_ui_friction,2,47,4.255,50.0,50.0,True,False,False,google_play,,False,False,
2024-01_to_2024-02,multi_month,2024-01,2024-02,google_play,metric_accuracy,5,47,10.638,40.0,60.0,True,False,False,google_play,,False,False,
2024-01_to_2024-02,multi_month,2024-01,2024-02,google_play,missing_activity_types,1,47,2.128,100.0,0.0,True,False,False,google_play,,False,False,
2024-01_to_2024-02,multi_month,2024-01,2024-02,google_play,missing_language_support,0,47,0.0,,,True,False,False,google_play,,False,False,
2024-01_to_2024-02,multi_month,2024-01,2024-02,google_play,missing_metrics,4,47,8.511,25.0,50.0,True,False,False,google_play,,False,False,
2024-01_to_2024-02,multi_month,2024-01,2024-02,google_play,notification_community_issues,1,47,2.128,0.0,0.0,True,False,False,google_play,,False,False,
2024-01_to_2024-02,multi_month,2024-01,2024-02,google_play,onboarding_pairing,5,47,10.638,0.0,80.0,True,False,False,google_play,,False,False,
2024-01_to_2024-02,multi_month,2024-01,2024-02,google_play,ongoing_disconnects,1,47,2.128,0.0,0.0,True,False,False,google_play,,False,False,
2024-01_to_2024-02,multi_month,2024-01,2024-02,google_play,personalization_use_case_fit,2,47,4.255,50.0,0.0,True,False,False,google_play,,False,False,
2024-01_to_2024-02,multi_month,2024-01,2024-02,google_play,plan_trial_structure,4,47,8.511,0.0,100.0,True,False,False,google_play,,False,False,
2024-01_to_2024-02,multi_month,2024-01,2024-02,google_play,price_value_perception,9,47,19.149,0.0,88.9,True,False,False,google_play,,False,False,
2024-01_to_2024-02,multi_month,2024-01,2024-02,google_play,redesign_regression,1,47,2.128,0.0,0.0,True,False,False,google_play,,False,False,
2024-01_to_2024-02,multi_month,2024-01,2024-02,google_play,sleep_accuracy,3,47,6.383,0.0,100.0,True,False,False,google_play,,False,False,
2024-01_to_2024-02,multi_month,2024-01,2024-02,google_play,sleep_alarm_ui,2,47,4.255,0.0,0.0,True,False,False,google_play,,False,False,
2024-01_to_2024-02,multi_month,2024-01,2024-02,google_play,sleep_satisfaction,2,47,4.255,0.0,50.0,True,False,False,google_play,,False,False,
2024-01_to_2024-02,multi_month,2024-01,2024-02,google_play,strap_clasp_durability,1,47,2.128,0.0,100.0,True,False,False,google_play,,False,False,
2024-01_to_2024-02,multi_month,2024-01,2024-02,google_play,support_resolution_quality,2,47,4.255,0.0,100.0,True,False,False,google_play,,False,False,
2024-01_to_2024-02,multi_month,2024-01,2024-02,google_play,support_responsiveness,8,47,17.021,0.0,87.5,True,False,False,google_play,,False,False,
2024-01_to_2024-02,multi_month,2024-01,2024-02,google_play,support_satisfaction,1,47,2.128,100.0,0.0,True,False,False,google_play,,False,False,
2024-01_to_2024-02,multi_month,2024-01,2024-02,google_play,third_party_integration,0,47,0.0,,,True,False,False,google_play,,False,False,
2024-01_to_2024-02,multi_month,2024-01,2024-02,google_play,update_failures,3,47,6.383,33.3,33.3,True,False,False,google_play,,False,False,
2024-01_to_2024-02,multi_month,2024-01,2024-02,google_play,upsell_pressure,2,47,4.255,0.0,50.0,True,False,False,google_play,,False,False,
2024-03_to_2024-04,multi_month,2024-03,2024-04,google_play,ai_coach,0,45,0.0,,,True,False,False,google_play,,False,False,
2024-03_to_2024-04,multi_month,2024-03,2024-04,google_play,app_stability,8,45,17.778,0.0,87.5,True,False,False,google_play,,False,False,
2024-03_to_2024-04,multi_month,2024-03,2024-04,google_play,customer_support,7,45,15.556,14.3,85.7,True,False,False,google_play,,False,False,
2024-03_to_2024-04,multi_month,2024-03,2024-04,google_play,data_accuracy,3,45,6.667,0.0,66.7,True,False,False,google_play,,False,False,
2024-03_to_2024-04,multi_month,2024-03,2024-04,google_play,feature_requests,4,45,8.889,0.0,75.0,True,False,False,google_play,,False,False,
2024-03_to_2024-04,multi_month,2024-03,2024-04,google_play,hardware_wearability,3,45,6.667,0.0,33.3,True,False,False,google_play,,False,False,
2024-03_to_2024-04,multi_month,2024-03,2024-04,google_play,health_signal_reliability,0,45,0.0,,,True,False,False,google_play,,False,False,
2024-03_to_2024-04,multi_month,2024-03,2024-04,google_play,localization,0,45,0.0,,,True,False,False,google_play,,False,False,
2024-03_to_2024-04,multi_month,2024-03,2024-04,google_play,platform_parity,6,45,13.333,16.7,50.0,True,False,False,google_play,,False,False,
2024-03_to_2024-04,multi_month,2024-03,2024-04,google_play,pricing_billing,12,45,26.667,0.0,83.3,True,False,False,google_play,,False,False,
2024-03_to_2024-04,multi_month,2024-03,2024-04,google_play,sleep_tracking,6,45,13.333,33.3,33.3,True,False,False,google_play,,False,False,
2024-03_to_2024-04,multi_month,2024-03,2024-04,google_play,sync_connectivity,12,45,26.667,8.3,83.3,True,False,False,google_play,,False,False,
2024-03_to_2024-04,multi_month,2024-03,2024-04,google_play,ui_ux,8,45,17.778,12.5,75.0,True,False,False,google_play,,False,False,
2024-03_to_2024-04,multi_month,2024-03,2024-04,google_play,activity_detection,1,45,2.222,0.0,100.0,True,False,False,google_play,,False,False,
2024-03_to_2024-04,multi_month,2024-03,2024-04,google_play,ai_autonomy,0,45,0.0,,,True,False,False,google_play,,False,False,
2024-03_to_2024-04,multi_month,2024-03,2024-04,google_play,ai_only_support_channel,2,45,4.444,0.0,100.0,True,False,False,google_play,,False,False,
2024-03_to_2024-04,multi_month,2024-03,2024-04,google_play,ai_positive_reception,0,45,0.0,,,True,False,False,google_play,,False,False,
2024-03_to_2024-04,multi_month,2024-03,2024-04,google_play,ai_reliability_bugs,0,45,0.0,,,True,False,False,google_play,,False,False,
2024-03_to_2024-04,multi_month,2024-03,2024-04,google_play,android_feature_gaps,1,45,2.222,0.0,0.0,True,False,False,google_play,,False,False,
2024-03_to_2024-04,multi_month,2024-03,2024-04,google_play,android_specific_bugs,5,45,11.111,20.0,60.0,True,False,False,google_play,,False,False,
2024-03_to_2024-04,multi_month,2024-03,2024-04,google_play,battery_life,0,45,0.0,,,True,False,False,google_play,,False,False,
2024-03_to_2024-04,multi_month,2024-03,2024-04,google_play,billing_disputes,7,45,15.556,0.0,100.0,True,False,False,google_play,,False,False,
2024-03_to_2024-04,multi_month,2024-03,2024-04,google_play,build_quality_perception,0,45,0.0,,,True,False,False,google_play,,False,False,
2024-03_to_2024-04,multi_month,2024-03,2024-04,google_play,cardiac_detection_trust,0,45,0.0,,,True,False,False,google_play,,False,False,
2024-03_to_2024-04,multi_month,2024-03,2024-04,google_play,comfort_fit,3,45,6.667,0.0,33.3,True,False,False,google_play,,False,False,
2024-03_to_2024-04,multi_month,2024-03,2024-04,google_play,crashes_freezes,7,45,15.556,0.0,85.7,True,False,False,google_play,,False,False,
2024-03_to_2024-04,multi_month,2024-03,2024-04,google_play,data_sync_delays,6,45,13.333,0.0,100.0,True,False,False,google_play,,False,False,
2024-03_to_2024-04,multi_month,2024-03,2024-04,google_play,device_rendering_bugs,0,45,0.0,,,True,False,False,google_play,,False,False,
2024-03_to_2024-04,multi_month,2024-03,2024-04,google_play,ecg_bp_feature_reliability,0,45,0.0,,,True,False,False,google_play,,False,False,
2024-03_to_2024-04,multi_month,2024-03,2024-04,google_play,english_jargon_complexity,0,45,0.0,,,True,False,False,google_play,,False,False,
2024-03_to_2024-04,multi_month,2024-03,2024-04,google_play,feature_ui_friction,2,45,4.444,0.0,100.0,True,False,False,google_play,,False,False,
2024-03_to_2024-04,multi_month,2024-03,2024-04,google_play,metric_accuracy,2,45,4.444,0.0,50.0,True,False,False,google_play,,False,False,
2024-03_to_2024-04,multi_month,2024-03,2024-04,google_play,missing_activity_types,0,45,0.0,,,True,False,False,google_play,,False,False,
2024-03_to_2024-04,multi_month,2024-03,2024-04,google_play,missing_language_support,0,45,0.0,,,True,False,False,google_play,,False,False,
2024-03_to_2024-04,multi_month,2024-03,2024-04,google_play,missing_metrics,3,45,6.667,0.0,100.0,True,False,False,google_play,,False,False,
2024-03_to_2024-04,multi_month,2024-03,2024-04,google_play,notification_community_issues,0,45,0.0,,,True,False,False,google_play,,False,False,
2024-03_to_2024-04,multi_month,2024-03,2024-04,google_play,onboarding_pairing,5,45,11.111,0.0,100.0,True,False,False,google_play,,False,False,
2024-03_to_2024-04,multi_month,2024-03,2024-04,google_play,ongoing_disconnects,3,45,6.667,33.3,33.3,True,False,False,google_play,,False,False,
2024-03_to_2024-04,multi_month,2024-03,2024-04,google_play,personalization_use_case_fit,1,45,2.222,0.0,0.0,True,False,False,google_play,,False,False,
2024-03_to_2024-04,multi_month,2024-03,2024-04,google_play,plan_trial_structure,2,45,4.444,0.0,100.0,True,False,False,google_play,,False,False,
2024-03_to_2024-04,multi_month,2024-03,2024-04,google_play,price_value_perception,8,45,17.778,0.0,87.5,True,False,False,google_play,,False,False,
2024-03_to_2024-04,multi_month,2024-03,2024-04,google_play,redesign_regression,7,45,15.556,14.3,71.4,True,False,False,google_play,,False,False,
2024-03_to_2024-04,multi_month,2024-03,2024-04,google_play,sleep_accuracy,2,45,4.444,0.0,50.0,True,False,False,google_play,,False,False,
2024-03_to_2024-04,multi_month,2024-03,2024-04,google_play,sleep_alarm_ui,2,45,4.444,0.0,50.0,True,False,False,google_play,,False,False,
2024-03_to_2024-04,multi_month,2024-03,2024-04,google_play,sleep_satisfaction,2,45,4.444,100.0,0.0,True,False,False,google_play,,False,False,
2024-03_to_2024-04,multi_month,2024-03,2024-04,google_play,strap_clasp_durability,1,45,2.222,0.0,0.0,True,False,False,google_play,,False,False,
2024-03_to_2024-04,multi_month,2024-03,2024-04,google_play,support_resolution_quality,2,45,4.444,0.0,100.0,True,False,False,google_play,,False,False,
2024-03_to_2024-04,multi_month,2024-03,2024-04,google_play,support_responsiveness,3,45,6.667,0.0,100.0,True,False,False,google_play,,False,False,
2024-03_to_2024-04,multi_month,2024-03,2024-04,google_play,support_satisfaction,1,45,2.222,100.0,0.0,True,False,False,google_play,,False,False,
2024-03_to_2024-04,multi_month,2024-03,2024-04,google_play,third_party_integration,1,45,2.222,0.0,100.0,True,False,False,google_play,,False,False,
2024-03_to_2024-04,multi_month,2024-03,2024-04,google_play,update_failures,2,45,4.444,0.0,100.0,True,False,False,google_play,,False,False,
2024-03_to_2024-04,multi_month,2024-03,2024-04,google_play,upsell_pressure,1,45,2.222,0.0,0.0,True,False,False,google_play,,False,False,
2024-05_to_2024-06,multi_month,2024-05,2024-06,google_play,ai_coach,0,35,0.0,,,True,False,False,google_play,,False,False,
2024-05_to_2024-06,multi_month,2024-05,2024-06,google_play,app_stability,1,35,2.857,0.0,100.0,True,False,False,google_play,,False,False,
2024-05_to_2024-06,multi_month,2024-05,2024-06,google_play,customer_support,5,35,14.286,0.0,100.0,True,False,False,google_play,,False,False,
2024-05_to_2024-06,multi_month,2024-05,2024-06,google_play,data_accuracy,2,35,5.714,0.0,100.0,True,False,False,google_play,,False,False,
2024-05_to_2024-06,multi_month,2024-05,2024-06,google_play,feature_requests,4,35,11.429,75.0,25.0,True,False,False,google_play,,False,False,
2024-05_to_2024-06,multi_month,2024-05,2024-06,google_play,hardware_wearability,3,35,8.571,0.0,100.0,True,False,False,google_play,,False,False,
2024-05_to_2024-06,multi_month,2024-05,2024-06,google_play,health_signal_reliability,0,35,0.0,,,True,False,False,google_play,,False,False,
2024-05_to_2024-06,multi_month,2024-05,2024-06,google_play,localization,0,35,0.0,,,True,False,False,google_play,,False,False,
2024-05_to_2024-06,multi_month,2024-05,2024-06,google_play,platform_parity,1,35,2.857,0.0,100.0,True,False,False,google_play,,False,False,
2024-05_to_2024-06,multi_month,2024-05,2024-06,google_play,pricing_billing,5,35,14.286,0.0,100.0,True,False,False,google_play,,False,False,
2024-05_to_2024-06,multi_month,2024-05,2024-06,google_play,sleep_tracking,3,35,8.571,66.7,33.3,True,False,False,google_play,,False,False,
2024-05_to_2024-06,multi_month,2024-05,2024-06,google_play,sync_connectivity,9,35,25.714,0.0,77.8,True,False,False,google_play,,False,False,
2024-05_to_2024-06,multi_month,2024-05,2024-06,google_play,ui_ux,6,35,17.143,33.3,50.0,True,False,False,google_play,,False,False,
2024-05_to_2024-06,multi_month,2024-05,2024-06,google_play,activity_detection,0,35,0.0,,,True,False,False,google_play,,False,False,
2024-05_to_2024-06,multi_month,2024-05,2024-06,google_play,ai_autonomy,0,35,0.0,,,True,False,False,google_play,,False,False,
2024-05_to_2024-06,multi_month,2024-05,2024-06,google_play,ai_only_support_channel,1,35,2.857,0.0,100.0,True,False,False,google_play,,False,False,
2024-05_to_2024-06,multi_month,2024-05,2024-06,google_play,ai_positive_reception,0,35,0.0,,,True,False,False,google_play,,False,False,
2024-05_to_2024-06,multi_month,2024-05,2024-06,google_play,ai_reliability_bugs,0,35,0.0,,,True,False,False,google_play,,False,False,
2024-05_to_2024-06,multi_month,2024-05,2024-06,google_play,android_feature_gaps,0,35,0.0,,,True,False,False,google_play,,False,False,
2024-05_to_2024-06,multi_month,2024-05,2024-06,google_play,android_specific_bugs,1,35,2.857,0.0,100.0,True,False,False,google_play,,False,False,
2024-05_to_2024-06,multi_month,2024-05,2024-06,google_play,battery_life,1,35,2.857,0.0,100.0,True,False,False,google_play,,False,False,
2024-05_to_2024-06,multi_month,2024-05,2024-06,google_play,billing_disputes,3,35,8.571,0.0,100.0,True,False,False,google_play,,False,False,
2024-05_to_2024-06,multi_month,2024-05,2024-06,google_play,build_quality_perception,1,35,2.857,0.0,100.0,True,False,False,google_play,,False,False,
2024-05_to_2024-06,multi_month,2024-05,2024-06,google_play,cardiac_detection_trust,0,35,0.0,,,True,False,False,google_play,,False,False,
2024-05_to_2024-06,multi_month,2024-05,2024-06,google_play,comfort_fit,0,35,0.0,,,True,False,False,google_play,,False,False,
2024-05_to_2024-06,multi_month,2024-05,2024-06,google_play,crashes_freezes,0,35,0.0,,,True,False,False,google_play,,False,False,
2024-05_to_2024-06,multi_month,2024-05,2024-06,google_play,data_sync_delays,3,35,8.571,0.0,66.7,True,False,False,google_play,,False,False,
2024-05_to_2024-06,multi_month,2024-05,2024-06,google_play,device_rendering_bugs,0,35,0.0,,,True,False,False,google_play,,False,False,
2024-05_to_2024-06,multi_month,2024-05,2024-06,google_play,ecg_bp_feature_reliability,0,35,0.0,,,True,False,False,google_play,,False,False,
2024-05_to_2024-06,multi_month,2024-05,2024-06,google_play,english_jargon_complexity,0,35,0.0,,,True,False,False,google_play,,False,False,
2024-05_to_2024-06,multi_month,2024-05,2024-06,google_play,feature_ui_friction,2,35,5.714,100.0,0.0,True,False,False,google_play,,False,False,
2024-05_to_2024-06,multi_month,2024-05,2024-06,google_play,metric_accuracy,2,35,5.714,0.0,100.0,True,False,False,google_play,,False,False,
2024-05_to_2024-06,multi_month,2024-05,2024-06,google_play,missing_activity_types,1,35,2.857,100.0,0.0,True,False,False,google_play,,False,False,
2024-05_to_2024-06,multi_month,2024-05,2024-06,google_play,missing_language_support,0,35,0.0,,,True,False,False,google_play,,False,False,
2024-05_to_2024-06,multi_month,2024-05,2024-06,google_play,missing_metrics,3,35,8.571,66.7,33.3,True,False,False,google_play,,False,False,
2024-05_to_2024-06,multi_month,2024-05,2024-06,google_play,notification_community_issues,3,35,8.571,0.0,100.0,True,False,False,google_play,,False,False,
2024-05_to_2024-06,multi_month,2024-05,2024-06,google_play,onboarding_pairing,2,35,5.714,0.0,100.0,True,False,False,google_play,,False,False,
2024-05_to_2024-06,multi_month,2024-05,2024-06,google_play,ongoing_disconnects,5,35,14.286,0.0,80.0,True,False,False,google_play,,False,False,
2024-05_to_2024-06,multi_month,2024-05,2024-06,google_play,personalization_use_case_fit,1,35,2.857,100.0,0.0,True,False,False,google_play,,False,False,
2024-05_to_2024-06,multi_month,2024-05,2024-06,google_play,plan_trial_structure,1,35,2.857,0.0,100.0,True,False,False,google_play,,False,False,
2024-05_to_2024-06,multi_month,2024-05,2024-06,google_play,price_value_perception,2,35,5.714,0.0,100.0,True,False,False,google_play,,False,False,
2024-05_to_2024-06,multi_month,2024-05,2024-06,google_play,redesign_regression,1,35,2.857,0.0,0.0,True,False,False,google_play,,False,False,
2024-05_to_2024-06,multi_month,2024-05,2024-06,google_play,sleep_accuracy,2,35,5.714,50.0,50.0,True,False,False,google_play,,False,False,
2024-05_to_2024-06,multi_month,2024-05,2024-06,google_play,sleep_alarm_ui,0,35,0.0,,,True,False,False,google_play,,False,False,
2024-05_to_2024-06,multi_month,2024-05,2024-06,google_play,sleep_satisfaction,1,35,2.857,100.0,0.0,True,False,False,google_play,,False,False,
2024-05_to_2024-06,multi_month,2024-05,2024-06,google_play,strap_clasp_durability,1,35,2.857,0.0,100.0,True,False,False,google_play,,False,False,
2024-05_to_2024-06,multi_month,2024-05,2024-06,google_play,support_resolution_quality,2,35,5.714,0.0,100.0,True,False,False,google_play,,False,False,
2024-05_to_2024-06,multi_month,2024-05,2024-06,google_play,support_responsiveness,2,35,5.714,0.0,100.0,True,False,False,google_play,,False,False,
2024-05_to_2024-06,multi_month,2024-05,2024-06,google_play,support_satisfaction,0,35,0.0,,,True,False,False,google_play,,False,False,
2024-05_to_2024-06,multi_month,2024-05,2024-06,google_play,third_party_integration,0,35,0.0,,,True,False,False,google_play,,False,False,
2024-05_to_2024-06,multi_month,2024-05,2024-06,google_play,update_failures,1,35,2.857,0.0,100.0,True,False,False,google_play,,False,False,
2024-05_to_2024-06,multi_month,2024-05,2024-06,google_play,upsell_pressure,0,35,0.0,,,True,False,False,google_play,,False,False,
2024-07_to_2024-08,multi_month,2024-07,2024-08,google_play,ai_coach,1,42,2.381,100.0,0.0,True,False,False,google_play,,False,False,
2024-07_to_2024-08,multi_month,2024-07,2024-08,google_play,app_stability,4,42,9.524,50.0,50.0,True,False,False,google_play,,False,False,
2024-07_to_2024-08,multi_month,2024-07,2024-08,google_play,customer_support,8,42,19.048,12.5,87.5,True,False,False,google_play,,False,False,
2024-07_to_2024-08,multi_month,2024-07,2024-08,google_play,data_accuracy,7,42,16.667,14.3,85.7,True,False,False,google_play,,False,False,
2024-07_to_2024-08,multi_month,2024-07,2024-08,google_play,feature_requests,7,42,16.667,28.6,42.9,True,False,False,google_play,,False,False,
2024-07_to_2024-08,multi_month,2024-07,2024-08,google_play,hardware_wearability,5,42,11.905,20.0,80.0,True,False,False,google_play,,False,False,
2024-07_to_2024-08,multi_month,2024-07,2024-08,google_play,health_signal_reliability,0,42,0.0,,,True,False,False,google_play,,False,False,
2024-07_to_2024-08,multi_month,2024-07,2024-08,google_play,localization,1,42,2.381,0.0,100.0,True,False,False,google_play,,False,False,
2024-07_to_2024-08,multi_month,2024-07,2024-08,google_play,platform_parity,0,42,0.0,,,True,False,False,google_play,,False,False,
2024-07_to_2024-08,multi_month,2024-07,2024-08,google_play,pricing_billing,14,42,33.333,7.1,92.9,True,False,False,google_play,,False,False,
2024-07_to_2024-08,multi_month,2024-07,2024-08,google_play,sleep_tracking,6,42,14.286,50.0,16.7,True,False,False,google_play,,False,False,
2024-07_to_2024-08,multi_month,2024-07,2024-08,google_play,sync_connectivity,6,42,14.286,0.0,83.3,True,False,False,google_play,,False,False,
2024-07_to_2024-08,multi_month,2024-07,2024-08,google_play,ui_ux,4,42,9.524,0.0,100.0,True,False,False,google_play,,False,False,
2024-07_to_2024-08,multi_month,2024-07,2024-08,google_play,activity_detection,1,42,2.381,0.0,100.0,True,False,False,google_play,,False,False,
2024-07_to_2024-08,multi_month,2024-07,2024-08,google_play,ai_autonomy,0,42,0.0,,,True,False,False,google_play,,False,False,
2024-07_to_2024-08,multi_month,2024-07,2024-08,google_play,ai_only_support_channel,2,42,4.762,0.0,100.0,True,False,False,google_play,,False,False,
2024-07_to_2024-08,multi_month,2024-07,2024-08,google_play,ai_positive_reception,1,42,2.381,100.0,0.0,True,False,False,google_play,,False,False,
2024-07_to_2024-08,multi_month,2024-07,2024-08,google_play,ai_reliability_bugs,0,42,0.0,,,True,False,False,google_play,,False,False,
2024-07_to_2024-08,multi_month,2024-07,2024-08,google_play,android_feature_gaps,0,42,0.0,,,True,False,False,google_play,,False,False,
2024-07_to_2024-08,multi_month,2024-07,2024-08,google_play,android_specific_bugs,0,42,0.0,,,True,False,False,google_play,,False,False,
2024-07_to_2024-08,multi_month,2024-07,2024-08,google_play,battery_life,2,42,4.762,50.0,50.0,True,False,False,google_play,,False,False,
2024-07_to_2024-08,multi_month,2024-07,2024-08,google_play,billing_disputes,9,42,21.429,0.0,100.0,True,False,False,google_play,,False,False,
2024-07_to_2024-08,multi_month,2024-07,2024-08,google_play,build_quality_perception,3,42,7.143,0.0,100.0,True,False,False,google_play,,False,False,
2024-07_to_2024-08,multi_month,2024-07,2024-08,google_play,cardiac_detection_trust,0,42,0.0,,,True,False,False,google_play,,False,False,
2024-07_to_2024-08,multi_month,2024-07,2024-08,google_play,comfort_fit,1,42,2.381,0.0,100.0,True,False,False,google_play,,False,False,
2024-07_to_2024-08,multi_month,2024-07,2024-08,google_play,crashes_freezes,4,42,9.524,50.0,50.0,True,False,False,google_play,,False,False,
2024-07_to_2024-08,multi_month,2024-07,2024-08,google_play,data_sync_delays,3,42,7.143,0.0,66.7,True,False,False,google_play,,False,False,
2024-07_to_2024-08,multi_month,2024-07,2024-08,google_play,device_rendering_bugs,1,42,2.381,0.0,100.0,True,False,False,google_play,,False,False,
2024-07_to_2024-08,multi_month,2024-07,2024-08,google_play,ecg_bp_feature_reliability,0,42,0.0,,,True,False,False,google_play,,False,False,
2024-07_to_2024-08,multi_month,2024-07,2024-08,google_play,english_jargon_complexity,1,42,2.381,0.0,100.0,True,False,False,google_play,,False,False,
2024-07_to_2024-08,multi_month,2024-07,2024-08,google_play,feature_ui_friction,2,42,4.762,0.0,100.0,True,False,False,google_play,,False,False,
2024-07_to_2024-08,multi_month,2024-07,2024-08,google_play,metric_accuracy,6,42,14.286,16.7,83.3,True,False,False,google_play,,False,False,
2024-07_to_2024-08,multi_month,2024-07,2024-08,google_play,missing_activity_types,3,42,7.143,66.7,33.3,True,False,False,google_play,,False,False,
2024-07_to_2024-08,multi_month,2024-07,2024-08,google_play,missing_language_support,1,42,2.381,0.0,100.0,True,False,False,google_play,,False,False,
2024-07_to_2024-08,multi_month,2024-07,2024-08,google_play,missing_metrics,3,42,7.143,0.0,33.3,True,False,False,google_play,,False,False,
2024-07_to_2024-08,multi_month,2024-07,2024-08,google_play,notification_community_issues,0,42,0.0,,,True,False,False,google_play,,False,False,
2024-07_to_2024-08,multi_month,2024-07,2024-08,google_play,onboarding_pairing,3,42,7.143,0.0,100.0,True,False,False,google_play,,False,False,
2024-07_to_2024-08,multi_month,2024-07,2024-08,google_play,ongoing_disconnects,0,42,0.0,,,True,False,False,google_play,,False,False,
2024-07_to_2024-08,multi_month,2024-07,2024-08,google_play,personalization_use_case_fit,1,42,2.381,0.0,0.0,True,False,False,google_play,,False,False,
2024-07_to_2024-08,multi_month,2024-07,2024-08,google_play,plan_trial_structure,4,42,9.524,0.0,100.0,True,False,False,google_play,,False,False,
2024-07_to_2024-08,multi_month,2024-07,2024-08,google_play,price_value_perception,6,42,14.286,16.7,83.3,True,False,False,google_play,,False,False,
2024-07_to_2024-08,multi_month,2024-07,2024-08,google_play,redesign_regression,2,42,4.762,0.0,100.0,True,False,False,google_play,,False,False,
2024-07_to_2024-08,multi_month,2024-07,2024-08,google_play,sleep_accuracy,1,42,2.381,0.0,100.0,True,False,False,google_play,,False,False,
2024-07_to_2024-08,multi_month,2024-07,2024-08,google_play,sleep_alarm_ui,3,42,7.143,33.3,0.0,True,False,False,google_play,,False,False,
2024-07_to_2024-08,multi_month,2024-07,2024-08,google_play,sleep_satisfaction,2,42,4.762,100.0,0.0,True,False,False,google_play,,False,False,
2024-07_to_2024-08,multi_month,2024-07,2024-08,google_play,strap_clasp_durability,0,42,0.0,,,True,False,False,google_play,,False,False,
2024-07_to_2024-08,multi_month,2024-07,2024-08,google_play,support_resolution_quality,3,42,7.143,33.3,66.7,True,False,False,google_play,,False,False,
2024-07_to_2024-08,multi_month,2024-07,2024-08,google_play,support_responsiveness,5,42,11.905,0.0,100.0,True,False,False,google_play,,False,False,
2024-07_to_2024-08,multi_month,2024-07,2024-08,google_play,support_satisfaction,0,42,0.0,,,True,False,False,google_play,,False,False,
2024-07_to_2024-08,multi_month,2024-07,2024-08,google_play,third_party_integration,1,42,2.381,0.0,100.0,True,False,False,google_play,,False,False,
2024-07_to_2024-08,multi_month,2024-07,2024-08,google_play,update_failures,0,42,0.0,,,True,False,False,google_play,,False,False,
2024-07_to_2024-08,multi_month,2024-07,2024-08,google_play,upsell_pressure,0,42,0.0,,,True,False,False,google_play,,False,False,
2024-09_to_2024-10,multi_month,2024-09,2024-10,google_play,ai_coach,0,43,0.0,,,True,False,False,google_play,,False,False,
2024-09_to_2024-10,multi_month,2024-09,2024-10,google_play,app_stability,11,43,25.581,0.0,81.8,True,False,False,google_play,,False,False,
2024-09_to_2024-10,multi_month,2024-09,2024-10,google_play,customer_support,4,43,9.302,0.0,100.0,True,False,False,google_play,,False,False,
2024-09_to_2024-10,multi_month,2024-09,2024-10,google_play,data_accuracy,4,43,9.302,0.0,100.0,True,False,False,google_play,,False,False,
2024-09_to_2024-10,multi_month,2024-09,2024-10,google_play,feature_requests,8,43,18.605,37.5,25.0,True,False,False,google_play,,False,False,
2024-09_to_2024-10,multi_month,2024-09,2024-10,google_play,hardware_wearability,2,43,4.651,50.0,50.0,True,False,False,google_play,,False,False,
2024-09_to_2024-10,multi_month,2024-09,2024-10,google_play,health_signal_reliability,0,43,0.0,,,True,False,False,google_play,,False,False,
2024-09_to_2024-10,multi_month,2024-09,2024-10,google_play,localization,0,43,0.0,,,True,False,False,google_play,,False,False,
2024-09_to_2024-10,multi_month,2024-09,2024-10,google_play,platform_parity,6,43,13.953,0.0,100.0,True,False,False,google_play,,False,False,
2024-09_to_2024-10,multi_month,2024-09,2024-10,google_play,pricing_billing,15,43,34.884,6.7,80.0,True,False,False,google_play,,False,False,
2024-09_to_2024-10,multi_month,2024-09,2024-10,google_play,sleep_tracking,11,43,25.581,36.4,63.6,True,False,False,google_play,,False,False,
2024-09_to_2024-10,multi_month,2024-09,2024-10,google_play,sync_connectivity,13,43,30.233,7.7,84.6,True,False,False,google_play,,False,False,
2024-09_to_2024-10,multi_month,2024-09,2024-10,google_play,ui_ux,5,43,11.628,20.0,60.0,True,False,False,google_play,,False,False,
2024-09_to_2024-10,multi_month,2024-09,2024-10,google_play,activity_detection,0,43,0.0,,,True,False,False,google_play,,False,False,
2024-09_to_2024-10,multi_month,2024-09,2024-10,google_play,ai_autonomy,0,43,0.0,,,True,False,False,google_play,,False,False,
2024-09_to_2024-10,multi_month,2024-09,2024-10,google_play,ai_only_support_channel,1,43,2.326,0.0,100.0,True,False,False,google_play,,False,False,
2024-09_to_2024-10,multi_month,2024-09,2024-10,google_play,ai_positive_reception,0,43,0.0,,,True,False,False,google_play,,False,False,
2024-09_to_2024-10,multi_month,2024-09,2024-10,google_play,ai_reliability_bugs,0,43,0.0,,,True,False,False,google_play,,False,False,
2024-09_to_2024-10,multi_month,2024-09,2024-10,google_play,android_feature_gaps,1,43,2.326,0.0,100.0,True,False,False,google_play,,False,False,
2024-09_to_2024-10,multi_month,2024-09,2024-10,google_play,android_specific_bugs,5,43,11.628,0.0,100.0,True,False,False,google_play,,False,False,
2024-09_to_2024-10,multi_month,2024-09,2024-10,google_play,battery_life,1,43,2.326,100.0,0.0,True,False,False,google_play,,False,False,
2024-09_to_2024-10,multi_month,2024-09,2024-10,google_play,billing_disputes,5,43,11.628,0.0,100.0,True,False,False,google_play,,False,False,
2024-09_to_2024-10,multi_month,2024-09,2024-10,google_play,build_quality_perception,1,43,2.326,0.0,100.0,True,False,False,google_play,,False,False,
2024-09_to_2024-10,multi_month,2024-09,2024-10,google_play,cardiac_detection_trust,0,43,0.0,,,True,False,False,google_play,,False,False,
2024-09_to_2024-10,multi_month,2024-09,2024-10,google_play,comfort_fit,0,43,0.0,,,True,False,False,google_play,,False,False,
2024-09_to_2024-10,multi_month,2024-09,2024-10,google_play,crashes_freezes,6,43,13.953,0.0,66.7,True,False,False,google_play,,False,False,
2024-09_to_2024-10,multi_month,2024-09,2024-10,google_play,data_sync_delays,4,43,9.302,0.0,100.0,True,False,False,google_play,,False,False,
2024-09_to_2024-10,multi_month,2024-09,2024-10,google_play,device_rendering_bugs,0,43,0.0,,,True,False,False,google_play,,False,False,
2024-09_to_2024-10,multi_month,2024-09,2024-10,google_play,ecg_bp_feature_reliability,0,43,0.0,,,True,False,False,google_play,,False,False,
2024-09_to_2024-10,multi_month,2024-09,2024-10,google_play,english_jargon_complexity,0,43,0.0,,,True,False,False,google_play,,False,False,
2024-09_to_2024-10,multi_month,2024-09,2024-10,google_play,feature_ui_friction,3,43,6.977,33.3,66.7,True,False,False,google_play,,False,False,
2024-09_to_2024-10,multi_month,2024-09,2024-10,google_play,metric_accuracy,4,43,9.302,0.0,100.0,True,False,False,google_play,,False,False,
2024-09_to_2024-10,multi_month,2024-09,2024-10,google_play,missing_activity_types,1,43,2.326,100.0,0.0,True,False,False,google_play,,False,False,
2024-09_to_2024-10,multi_month,2024-09,2024-10,google_play,missing_language_support,0,43,0.0,,,True,False,False,google_play,,False,False,
2024-09_to_2024-10,multi_month,2024-09,2024-10,google_play,missing_metrics,3,43,6.977,33.3,33.3,True,False,False,google_play,,False,False,
2024-09_to_2024-10,multi_month,2024-09,2024-10,google_play,notification_community_issues,0,43,0.0,,,True,False,False,google_play,,False,False,
2024-09_to_2024-10,multi_month,2024-09,2024-10,google_play,onboarding_pairing,3,43,6.977,0.0,66.7,True,False,False,google_play,,False,False,
2024-09_to_2024-10,multi_month,2024-09,2024-10,google_play,ongoing_disconnects,8,43,18.605,12.5,75.0,True,False,False,google_play,,False,False,
2024-09_to_2024-10,multi_month,2024-09,2024-10,google_play,personalization_use_case_fit,4,43,9.302,25.0,25.0,True,False,False,google_play,,False,False,
2024-09_to_2024-10,multi_month,2024-09,2024-10,google_play,plan_trial_structure,5,43,11.628,0.0,80.0,True,False,False,google_play,,False,False,
2024-09_to_2024-10,multi_month,2024-09,2024-10,google_play,price_value_perception,11,43,25.581,9.1,72.7,True,False,False,google_play,,False,False,
2024-09_to_2024-10,multi_month,2024-09,2024-10,google_play,redesign_regression,2,43,4.651,0.0,50.0,True,False,False,google_play,,False,False,
2024-09_to_2024-10,multi_month,2024-09,2024-10,google_play,sleep_accuracy,7,43,16.279,0.0,100.0,True,False,False,google_play,,False,False,
2024-09_to_2024-10,multi_month,2024-09,2024-10,google_play,sleep_alarm_ui,1,43,2.326,100.0,0.0,True,False,False,google_play,,False,False,
2024-09_to_2024-10,multi_month,2024-09,2024-10,google_play,sleep_satisfaction,3,43,6.977,100.0,0.0,True,False,False,google_play,,False,False,
2024-09_to_2024-10,multi_month,2024-09,2024-10,google_play,strap_clasp_durability,0,43,0.0,,,True,False,False,google_play,,False,False,
2024-09_to_2024-10,multi_month,2024-09,2024-10,google_play,support_resolution_quality,1,43,2.326,0.0,100.0,True,False,False,google_play,,False,False,
2024-09_to_2024-10,multi_month,2024-09,2024-10,google_play,support_responsiveness,3,43,6.977,0.0,100.0,True,False,False,google_play,,False,False,
2024-09_to_2024-10,multi_month,2024-09,2024-10,google_play,support_satisfaction,0,43,0.0,,,True,False,False,google_play,,False,False,
2024-09_to_2024-10,multi_month,2024-09,2024-10,google_play,third_party_integration,1,43,2.326,0.0,100.0,True,False,False,google_play,,False,False,
2024-09_to_2024-10,multi_month,2024-09,2024-10,google_play,update_failures,6,43,13.953,0.0,83.3,True,False,False,google_play,,False,False,
2024-09_to_2024-10,multi_month,2024-09,2024-10,google_play,upsell_pressure,0,43,0.0,,,True,False,False,google_play,,False,False,
2024-11_to_2024-12,multi_month,2024-11,2024-12,google_play,ai_coach,0,37,0.0,,,True,False,False,google_play,,False,False,
2024-11_to_2024-12,multi_month,2024-11,2024-12,google_play,app_stability,3,37,8.108,0.0,100.0,True,False,False,google_play,,False,False,
2024-11_to_2024-12,multi_month,2024-11,2024-12,google_play,customer_support,7,37,18.919,0.0,100.0,True,False,False,google_play,,False,False,
2024-11_to_2024-12,multi_month,2024-11,2024-12,google_play,data_accuracy,5,37,13.514,40.0,60.0,True,False,False,google_play,,False,False,
2024-11_to_2024-12,multi_month,2024-11,2024-12,google_play,feature_requests,5,37,13.514,80.0,20.0,True,False,False,google_play,,False,False,
2024-11_to_2024-12,multi_month,2024-11,2024-12,google_play,hardware_wearability,3,37,8.108,0.0,100.0,True,False,False,google_play,,False,False,
2024-11_to_2024-12,multi_month,2024-11,2024-12,google_play,health_signal_reliability,0,37,0.0,,,True,False,False,google_play,,False,False,
2024-11_to_2024-12,multi_month,2024-11,2024-12,google_play,localization,0,37,0.0,,,True,False,False,google_play,,False,False,
2024-11_to_2024-12,multi_month,2024-11,2024-12,google_play,platform_parity,4,37,10.811,25.0,75.0,True,False,False,google_play,,False,False,
2024-11_to_2024-12,multi_month,2024-11,2024-12,google_play,pricing_billing,14,37,37.838,7.1,92.9,True,False,False,google_play,,False,False,
2024-11_to_2024-12,multi_month,2024-11,2024-12,google_play,sleep_tracking,4,37,10.811,0.0,100.0,True,False,False,google_play,,False,False,
2024-11_to_2024-12,multi_month,2024-11,2024-12,google_play,sync_connectivity,10,37,27.027,0.0,90.0,True,False,False,google_play,,False,False,
2024-11_to_2024-12,multi_month,2024-11,2024-12,google_play,ui_ux,4,37,10.811,0.0,75.0,True,False,False,google_play,,False,False,
2024-11_to_2024-12,multi_month,2024-11,2024-12,google_play,activity_detection,0,37,0.0,,,True,False,False,google_play,,False,False,
2024-11_to_2024-12,multi_month,2024-11,2024-12,google_play,ai_autonomy,0,37,0.0,,,True,False,False,google_play,,False,False,
2024-11_to_2024-12,multi_month,2024-11,2024-12,google_play,ai_only_support_channel,1,37,2.703,0.0,100.0,True,False,False,google_play,,False,False,
2024-11_to_2024-12,multi_month,2024-11,2024-12,google_play,ai_positive_reception,0,37,0.0,,,True,False,False,google_play,,False,False,
2024-11_to_2024-12,multi_month,2024-11,2024-12,google_play,ai_reliability_bugs,0,37,0.0,,,True,False,False,google_play,,False,False,
2024-11_to_2024-12,multi_month,2024-11,2024-12,google_play,android_feature_gaps,0,37,0.0,,,True,False,False,google_play,,False,False,
2024-11_to_2024-12,multi_month,2024-11,2024-12,google_play,android_specific_bugs,4,37,10.811,25.0,75.0,True,False,False,google_play,,False,False,
2024-11_to_2024-12,multi_month,2024-11,2024-12,google_play,battery_life,1,37,2.703,0.0,100.0,True,False,False,google_play,,False,False,
2024-11_to_2024-12,multi_month,2024-11,2024-12,google_play,billing_disputes,7,37,18.919,0.0,100.0,True,False,False,google_play,,False,False,
2024-11_to_2024-12,multi_month,2024-11,2024-12,google_play,build_quality_perception,1,37,2.703,0.0,100.0,True,False,False,google_play,,False,False,
2024-11_to_2024-12,multi_month,2024-11,2024-12,google_play,cardiac_detection_trust,0,37,0.0,,,True,False,False,google_play,,False,False,
2024-11_to_2024-12,multi_month,2024-11,2024-12,google_play,comfort_fit,0,37,0.0,,,True,False,False,google_play,,False,False,
2024-11_to_2024-12,multi_month,2024-11,2024-12,google_play,crashes_freezes,3,37,8.108,0.0,100.0,True,False,False,google_play,,False,False,
2024-11_to_2024-12,multi_month,2024-11,2024-12,google_play,data_sync_delays,6,37,16.216,0.0,83.3,True,False,False,google_play,,False,False,
2024-11_to_2024-12,multi_month,2024-11,2024-12,google_play,device_rendering_bugs,0,37,0.0,,,True,False,False,google_play,,False,False,
2024-11_to_2024-12,multi_month,2024-11,2024-12,google_play,ecg_bp_feature_reliability,0,37,0.0,,,True,False,False,google_play,,False,False,
2024-11_to_2024-12,multi_month,2024-11,2024-12,google_play,english_jargon_complexity,0,37,0.0,,,True,False,False,google_play,,False,False,
2024-11_to_2024-12,multi_month,2024-11,2024-12,google_play,feature_ui_friction,2,37,5.405,0.0,50.0,True,False,False,google_play,,False,False,
2024-11_to_2024-12,multi_month,2024-11,2024-12,google_play,metric_accuracy,5,37,13.514,40.0,60.0,True,False,False,google_play,,False,False,
2024-11_to_2024-12,multi_month,2024-11,2024-12,google_play,missing_activity_types,1,37,2.703,100.0,0.0,True,False,False,google_play,,False,False,
2024-11_to_2024-12,multi_month,2024-11,2024-12,google_play,missing_language_support,0,37,0.0,,,True,False,False,google_play,,False,False,
2024-11_to_2024-12,multi_month,2024-11,2024-12,google_play,missing_metrics,2,37,5.405,50.0,50.0,True,False,False,google_play,,False,False,
2024-11_to_2024-12,multi_month,2024-11,2024-12,google_play,notification_community_issues,0,37,0.0,,,True,False,False,google_play,,False,False,
2024-11_to_2024-12,multi_month,2024-11,2024-12,google_play,onboarding_pairing,3,37,8.108,0.0,100.0,True,False,False,google_play,,False,False,
2024-11_to_2024-12,multi_month,2024-11,2024-12,google_play,ongoing_disconnects,4,37,10.811,0.0,100.0,True,False,False,google_play,,False,False,
2024-11_to_2024-12,multi_month,2024-11,2024-12,google_play,personalization_use_case_fit,2,37,5.405,100.0,0.0,True,False,False,google_play,,False,False,
2024-11_to_2024-12,multi_month,2024-11,2024-12,google_play,plan_trial_structure,4,37,10.811,25.0,75.0,True,False,False,google_play,,False,False,
2024-11_to_2024-12,multi_month,2024-11,2024-12,google_play,price_value_perception,7,37,18.919,14.3,85.7,True,False,False,google_play,,False,False,
2024-11_to_2024-12,multi_month,2024-11,2024-12,google_play,redesign_regression,3,37,8.108,0.0,66.7,True,False,False,google_play,,False,False,
2024-11_to_2024-12,multi_month,2024-11,2024-12,google_play,sleep_accuracy,3,37,8.108,0.0,100.0,True,False,False,google_play,,False,False,
2024-11_to_2024-12,multi_month,2024-11,2024-12,google_play,sleep_alarm_ui,1,37,2.703,0.0,100.0,True,False,False,google_play,,False,False,
2024-11_to_2024-12,multi_month,2024-11,2024-12,google_play,sleep_satisfaction,0,37,0.0,,,True,False,False,google_play,,False,False,
2024-11_to_2024-12,multi_month,2024-11,2024-12,google_play,strap_clasp_durability,1,37,2.703,0.0,100.0,True,False,False,google_play,,False,False,
2024-11_to_2024-12,multi_month,2024-11,2024-12,google_play,support_resolution_quality,4,37,10.811,0.0,100.0,True,False,False,google_play,,False,False,
2024-11_to_2024-12,multi_month,2024-11,2024-12,google_play,support_responsiveness,4,37,10.811,0.0,100.0,True,False,False,google_play,,False,False,
2024-11_to_2024-12,multi_month,2024-11,2024-12,google_play,support_satisfaction,0,37,0.0,,,True,False,False,google_play,,False,False,
2024-11_to_2024-12,multi_month,2024-11,2024-12,google_play,third_party_integration,0,37,0.0,,,True,False,False,google_play,,False,False,
2024-11_to_2024-12,multi_month,2024-11,2024-12,google_play,update_failures,1,37,2.703,0.0,100.0,True,False,False,google_play,,False,False,
2024-11_to_2024-12,multi_month,2024-11,2024-12,google_play,upsell_pressure,0,37,0.0,,,True,False,False,google_play,,False,False,
2025-01,month,2025-01,2025-01,google_play,ai_coach,0,33,0.0,,,True,False,False,google_play,,False,False,
2025-01,month,2025-01,2025-01,google_play,app_stability,5,33,15.152,0.0,100.0,True,False,False,google_play,,False,False,
2025-01,month,2025-01,2025-01,google_play,customer_support,10,33,30.303,0.0,90.0,True,False,False,google_play,,False,False,
2025-01,month,2025-01,2025-01,google_play,data_accuracy,5,33,15.152,0.0,60.0,True,False,False,google_play,,False,False,
2025-01,month,2025-01,2025-01,google_play,feature_requests,7,33,21.212,14.3,57.1,True,False,False,google_play,,False,False,
2025-01,month,2025-01,2025-01,google_play,hardware_wearability,4,33,12.121,25.0,50.0,True,False,False,google_play,,False,False,
2025-01,month,2025-01,2025-01,google_play,health_signal_reliability,0,33,0.0,,,True,False,False,google_play,,False,False,
2025-01,month,2025-01,2025-01,google_play,localization,0,33,0.0,,,True,False,False,google_play,,False,False,
2025-01,month,2025-01,2025-01,google_play,platform_parity,1,33,3.03,0.0,100.0,True,False,False,google_play,,False,False,
2025-01,month,2025-01,2025-01,google_play,pricing_billing,11,33,33.333,0.0,90.9,True,False,False,google_play,,False,False,
2025-01,month,2025-01,2025-01,google_play,sleep_tracking,4,33,12.121,0.0,75.0,True,False,False,google_play,,False,False,
2025-01,month,2025-01,2025-01,google_play,sync_connectivity,14,33,42.424,0.0,100.0,True,False,False,google_play,,False,False,
2025-01,month,2025-01,2025-01,google_play,ui_ux,3,33,9.091,33.3,66.7,True,False,False,google_play,,False,False,
2025-01,month,2025-01,2025-01,google_play,activity_detection,1,33,3.03,0.0,0.0,True,False,False,google_play,,False,False,
2025-01,month,2025-01,2025-01,google_play,ai_autonomy,0,33,0.0,,,True,False,False,google_play,,False,False,
2025-01,month,2025-01,2025-01,google_play,ai_only_support_channel,2,33,6.061,0.0,100.0,True,False,False,google_play,,False,False,
2025-01,month,2025-01,2025-01,google_play,ai_positive_reception,0,33,0.0,,,True,False,False,google_play,,False,False,
2025-01,month,2025-01,2025-01,google_play,ai_reliability_bugs,0,33,0.0,,,True,False,False,google_play,,False,False,
2025-01,month,2025-01,2025-01,google_play,android_feature_gaps,0,33,0.0,,,True,False,False,google_play,,False,False,
2025-01,month,2025-01,2025-01,google_play,android_specific_bugs,1,33,3.03,0.0,100.0,True,False,False,google_play,,False,False,
2025-01,month,2025-01,2025-01,google_play,battery_life,0,33,0.0,,,True,False,False,google_play,,False,False,
2025-01,month,2025-01,2025-01,google_play,billing_disputes,6,33,18.182,0.0,100.0,True,False,False,google_play,,False,False,
2025-01,month,2025-01,2025-01,google_play,build_quality_perception,2,33,6.061,0.0,50.0,True,False,False,google_play,,False,False,
2025-01,month,2025-01,2025-01,google_play,cardiac_detection_trust,0,33,0.0,,,True,False,False,google_play,,False,False,
2025-01,month,2025-01,2025-01,google_play,comfort_fit,1,33,3.03,100.0,0.0,True,False,False,google_play,,False,False,
2025-01,month,2025-01,2025-01,google_play,crashes_freezes,5,33,15.152,0.0,100.0,True,False,False,google_play,,False,False,
2025-01,month,2025-01,2025-01,google_play,data_sync_delays,7,33,21.212,0.0,100.0,True,False,False,google_play,,False,False,
2025-01,month,2025-01,2025-01,google_play,device_rendering_bugs,0,33,0.0,,,True,False,False,google_play,,False,False,
2025-01,month,2025-01,2025-01,google_play,ecg_bp_feature_reliability,0,33,0.0,,,True,False,False,google_play,,False,False,
2025-01,month,2025-01,2025-01,google_play,english_jargon_complexity,0,33,0.0,,,True,False,False,google_play,,False,False,
2025-01,month,2025-01,2025-01,google_play,feature_ui_friction,3,33,9.091,33.3,66.7,True,False,False,google_play,,False,False,
2025-01,month,2025-01,2025-01,google_play,metric_accuracy,4,33,12.121,0.0,75.0,True,False,False,google_play,,False,False,
2025-01,month,2025-01,2025-01,google_play,missing_activity_types,1,33,3.03,0.0,100.0,True,False,False,google_play,,False,False,
2025-01,month,2025-01,2025-01,google_play,missing_language_support,0,33,0.0,,,True,False,False,google_play,,False,False,
2025-01,month,2025-01,2025-01,google_play,missing_metrics,3,33,9.091,33.3,33.3,True,False,False,google_play,,False,False,
2025-01,month,2025-01,2025-01,google_play,notification_community_issues,0,33,0.0,,,True,False,False,google_play,,False,False,
2025-01,month,2025-01,2025-01,google_play,onboarding_pairing,6,33,18.182,0.0,100.0,True,False,False,google_play,,False,False,
2025-01,month,2025-01,2025-01,google_play,ongoing_disconnects,2,33,6.061,0.0,100.0,True,False,False,google_play,,False,False,
2025-01,month,2025-01,2025-01,google_play,personalization_use_case_fit,1,33,3.03,0.0,100.0,True,False,False,google_play,,False,False,
2025-01,month,2025-01,2025-01,google_play,plan_trial_structure,1,33,3.03,0.0,100.0,True,False,False,google_play,,False,False,
2025-01,month,2025-01,2025-01,google_play,price_value_perception,6,33,18.182,0.0,83.3,True,False,False,google_play,,False,False,
2025-01,month,2025-01,2025-01,google_play,redesign_regression,1,33,3.03,100.0,0.0,True,False,False,google_play,,False,False,
2025-01,month,2025-01,2025-01,google_play,sleep_accuracy,2,33,6.061,0.0,100.0,True,False,False,google_play,,False,False,
2025-01,month,2025-01,2025-01,google_play,sleep_alarm_ui,1,33,3.03,0.0,100.0,True,False,False,google_play,,False,False,
2025-01,month,2025-01,2025-01,google_play,sleep_satisfaction,1,33,3.03,0.0,0.0,True,False,False,google_play,,False,False,
2025-01,month,2025-01,2025-01,google_play,strap_clasp_durability,1,33,3.03,0.0,100.0,True,False,False,google_play,,False,False,
2025-01,month,2025-01,2025-01,google_play,support_resolution_quality,1,33,3.03,0.0,100.0,True,False,False,google_play,,False,False,
2025-01,month,2025-01,2025-01,google_play,support_responsiveness,7,33,21.212,0.0,85.7,True,False,False,google_play,,False,False,
2025-01,month,2025-01,2025-01,google_play,support_satisfaction,0,33,0.0,,,True,False,False,google_play,,False,False,
2025-01,month,2025-01,2025-01,google_play,third_party_integration,2,33,6.061,0.0,50.0,True,False,False,google_play,,False,False,
2025-01,month,2025-01,2025-01,google_play,update_failures,1,33,3.03,0.0,100.0,True,False,False,google_play,,False,False,
2025-01,month,2025-01,2025-01,google_play,upsell_pressure,0,33,0.0,,,True,False,False,google_play,,False,False,
2025-02_to_2025-03,multi_month,2025-02,2025-03,google_play,ai_coach,1,42,2.381,100.0,0.0,True,False,False,google_play,,False,False,
2025-02_to_2025-03,multi_month,2025-02,2025-03,google_play,app_stability,5,42,11.905,40.0,40.0,True,False,False,google_play,,False,False,
2025-02_to_2025-03,multi_month,2025-02,2025-03,google_play,customer_support,5,42,11.905,0.0,80.0,True,False,False,google_play,,False,False,
2025-02_to_2025-03,multi_month,2025-02,2025-03,google_play,data_accuracy,6,42,14.286,16.7,66.7,True,False,False,google_play,,False,False,
2025-02_to_2025-03,multi_month,2025-02,2025-03,google_play,feature_requests,7,42,16.667,28.6,42.9,True,False,False,google_play,,False,False,
2025-02_to_2025-03,multi_month,2025-02,2025-03,google_play,hardware_wearability,4,42,9.524,0.0,75.0,True,False,False,google_play,,False,False,
2025-02_to_2025-03,multi_month,2025-02,2025-03,google_play,health_signal_reliability,0,42,0.0,,,True,False,False,google_play,,False,False,
2025-02_to_2025-03,multi_month,2025-02,2025-03,google_play,localization,0,42,0.0,,,True,False,False,google_play,,False,False,
2025-02_to_2025-03,multi_month,2025-02,2025-03,google_play,platform_parity,3,42,7.143,0.0,100.0,True,False,False,google_play,,False,False,
2025-02_to_2025-03,multi_month,2025-02,2025-03,google_play,pricing_billing,15,42,35.714,0.0,86.7,True,False,False,google_play,,False,False,
2025-02_to_2025-03,multi_month,2025-02,2025-03,google_play,sleep_tracking,5,42,11.905,0.0,60.0,True,False,False,google_play,,False,False,
2025-02_to_2025-03,multi_month,2025-02,2025-03,google_play,sync_connectivity,10,42,23.81,20.0,60.0,True,False,False,google_play,,False,False,
2025-02_to_2025-03,multi_month,2025-02,2025-03,google_play,ui_ux,3,42,7.143,0.0,66.7,True,False,False,google_play,,False,False,
2025-02_to_2025-03,multi_month,2025-02,2025-03,google_play,activity_detection,1,42,2.381,0.0,100.0,True,False,False,google_play,,False,False,
2025-02_to_2025-03,multi_month,2025-02,2025-03,google_play,ai_autonomy,0,42,0.0,,,True,False,False,google_play,,False,False,
2025-02_to_2025-03,multi_month,2025-02,2025-03,google_play,ai_only_support_channel,1,42,2.381,0.0,100.0,True,False,False,google_play,,False,False,
2025-02_to_2025-03,multi_month,2025-02,2025-03,google_play,ai_positive_reception,1,42,2.381,100.0,0.0,True,False,False,google_play,,False,False,
2025-02_to_2025-03,multi_month,2025-02,2025-03,google_play,ai_reliability_bugs,0,42,0.0,,,True,False,False,google_play,,False,False,
2025-02_to_2025-03,multi_month,2025-02,2025-03,google_play,android_feature_gaps,0,42,0.0,,,True,False,False,google_play,,False,False,
2025-02_to_2025-03,multi_month,2025-02,2025-03,google_play,android_specific_bugs,3,42,7.143,0.0,100.0,True,False,False,google_play,,False,False,
2025-02_to_2025-03,multi_month,2025-02,2025-03,google_play,battery_life,2,42,4.762,0.0,100.0,True,False,False,google_play,,False,False,
2025-02_to_2025-03,multi_month,2025-02,2025-03,google_play,billing_disputes,11,42,26.19,0.0,90.9,True,False,False,google_play,,False,False,
2025-02_to_2025-03,multi_month,2025-02,2025-03,google_play,build_quality_perception,1,42,2.381,0.0,0.0,True,False,False,google_play,,False,False,
2025-02_to_2025-03,multi_month,2025-02,2025-03,google_play,cardiac_detection_trust,0,42,0.0,,,True,False,False,google_play,,False,False,
2025-02_to_2025-03,multi_month,2025-02,2025-03,google_play,comfort_fit,1,42,2.381,0.0,100.0,True,False,False,google_play,,False,False,
2025-02_to_2025-03,multi_month,2025-02,2025-03,google_play,crashes_freezes,4,42,9.524,25.0,50.0,True,False,False,google_play,,False,False,
2025-02_to_2025-03,multi_month,2025-02,2025-03,google_play,data_sync_delays,3,42,7.143,33.3,33.3,True,False,False,google_play,,False,False,
2025-02_to_2025-03,multi_month,2025-02,2025-03,google_play,device_rendering_bugs,0,42,0.0,,,True,False,False,google_play,,False,False,
2025-02_to_2025-03,multi_month,2025-02,2025-03,google_play,ecg_bp_feature_reliability,0,42,0.0,,,True,False,False,google_play,,False,False,
2025-02_to_2025-03,multi_month,2025-02,2025-03,google_play,english_jargon_complexity,0,42,0.0,,,True,False,False,google_play,,False,False,
2025-02_to_2025-03,multi_month,2025-02,2025-03,google_play,feature_ui_friction,2,42,4.762,0.0,50.0,True,False,False,google_play,,False,False,
2025-02_to_2025-03,multi_month,2025-02,2025-03,google_play,metric_accuracy,5,42,11.905,20.0,60.0,True,False,False,google_play,,False,False,
2025-02_to_2025-03,multi_month,2025-02,2025-03,google_play,missing_activity_types,1,42,2.381,0.0,100.0,True,False,False,google_play,,False,False,
2025-02_to_2025-03,multi_month,2025-02,2025-03,google_play,missing_language_support,0,42,0.0,,,True,False,False,google_play,,False,False,
2025-02_to_2025-03,multi_month,2025-02,2025-03,google_play,missing_metrics,3,42,7.143,66.7,0.0,True,False,False,google_play,,False,False,
2025-02_to_2025-03,multi_month,2025-02,2025-03,google_play,notification_community_issues,1,42,2.381,0.0,100.0,True,False,False,google_play,,False,False,
2025-02_to_2025-03,multi_month,2025-02,2025-03,google_play,onboarding_pairing,2,42,4.762,0.0,100.0,True,False,False,google_play,,False,False,
2025-02_to_2025-03,multi_month,2025-02,2025-03,google_play,ongoing_disconnects,5,42,11.905,20.0,60.0,True,False,False,google_play,,False,False,
2025-02_to_2025-03,multi_month,2025-02,2025-03,google_play,personalization_use_case_fit,2,42,4.762,0.0,50.0,True,False,False,google_play,,False,False,
2025-02_to_2025-03,multi_month,2025-02,2025-03,google_play,plan_trial_structure,5,42,11.905,0.0,80.0,True,False,False,google_play,,False,False,
2025-02_to_2025-03,multi_month,2025-02,2025-03,google_play,price_value_perception,5,42,11.905,0.0,80.0,True,False,False,google_play,,False,False,
2025-02_to_2025-03,multi_month,2025-02,2025-03,google_play,redesign_regression,0,42,0.0,,,True,False,False,google_play,,False,False,
2025-02_to_2025-03,multi_month,2025-02,2025-03,google_play,sleep_accuracy,5,42,11.905,0.0,60.0,True,False,False,google_play,,False,False,
2025-02_to_2025-03,multi_month,2025-02,2025-03,google_play,sleep_alarm_ui,0,42,0.0,,,True,False,False,google_play,,False,False,
2025-02_to_2025-03,multi_month,2025-02,2025-03,google_play,sleep_satisfaction,0,42,0.0,,,True,False,False,google_play,,False,False,
2025-02_to_2025-03,multi_month,2025-02,2025-03,google_play,strap_clasp_durability,0,42,0.0,,,True,False,False,google_play,,False,False,
2025-02_to_2025-03,multi_month,2025-02,2025-03,google_play,support_resolution_quality,1,42,2.381,0.0,100.0,True,False,False,google_play,,False,False,
2025-02_to_2025-03,multi_month,2025-02,2025-03,google_play,support_responsiveness,4,42,9.524,0.0,75.0,True,False,False,google_play,,False,False,
2025-02_to_2025-03,multi_month,2025-02,2025-03,google_play,support_satisfaction,0,42,0.0,,,True,False,False,google_play,,False,False,
2025-02_to_2025-03,multi_month,2025-02,2025-03,google_play,third_party_integration,3,42,7.143,33.3,33.3,True,False,False,google_play,,False,False,
2025-02_to_2025-03,multi_month,2025-02,2025-03,google_play,update_failures,1,42,2.381,100.0,0.0,True,False,False,google_play,,False,False,
2025-02_to_2025-03,multi_month,2025-02,2025-03,google_play,upsell_pressure,0,42,0.0,,,True,False,False,google_play,,False,False,
2025-04,month,2025-04,2025-04,google_play,ai_coach,2,31,6.452,0.0,100.0,True,False,False,google_play,,False,False,
2025-04,month,2025-04,2025-04,google_play,app_stability,5,31,16.129,0.0,60.0,True,False,False,google_play,,False,False,
2025-04,month,2025-04,2025-04,google_play,customer_support,4,31,12.903,50.0,50.0,True,False,False,google_play,,False,False,
2025-04,month,2025-04,2025-04,google_play,data_accuracy,2,31,6.452,0.0,100.0,True,False,False,google_play,,False,False,
2025-04,month,2025-04,2025-04,google_play,feature_requests,3,31,9.677,33.3,66.7,True,False,False,google_play,,False,False,
2025-04,month,2025-04,2025-04,google_play,hardware_wearability,3,31,9.677,0.0,100.0,True,False,False,google_play,,False,False,
2025-04,month,2025-04,2025-04,google_play,health_signal_reliability,0,31,0.0,,,True,False,False,google_play,,False,False,
2025-04,month,2025-04,2025-04,google_play,localization,1,31,3.226,100.0,0.0,True,False,False,google_play,,False,False,
2025-04,month,2025-04,2025-04,google_play,platform_parity,1,31,3.226,0.0,100.0,True,False,False,google_play,,False,False,
2025-04,month,2025-04,2025-04,google_play,pricing_billing,8,31,25.806,0.0,100.0,True,False,False,google_play,,False,False,
2025-04,month,2025-04,2025-04,google_play,sleep_tracking,2,31,6.452,0.0,100.0,True,False,False,google_play,,False,False,
2025-04,month,2025-04,2025-04,google_play,sync_connectivity,7,31,22.581,0.0,85.7,True,False,False,google_play,,False,False,
2025-04,month,2025-04,2025-04,google_play,ui_ux,4,31,12.903,25.0,75.0,True,False,False,google_play,,False,False,
2025-04,month,2025-04,2025-04,google_play,activity_detection,0,31,0.0,,,True,False,False,google_play,,False,False,
2025-04,month,2025-04,2025-04,google_play,ai_autonomy,1,31,3.226,0.0,100.0,True,False,False,google_play,,False,False,
2025-04,month,2025-04,2025-04,google_play,ai_only_support_channel,1,31,3.226,0.0,100.0,True,False,False,google_play,,False,False,
2025-04,month,2025-04,2025-04,google_play,ai_positive_reception,0,31,0.0,,,True,False,False,google_play,,False,False,
2025-04,month,2025-04,2025-04,google_play,ai_reliability_bugs,1,31,3.226,0.0,100.0,True,False,False,google_play,,False,False,
2025-04,month,2025-04,2025-04,google_play,android_feature_gaps,0,31,0.0,,,True,False,False,google_play,,False,False,
2025-04,month,2025-04,2025-04,google_play,android_specific_bugs,1,31,3.226,0.0,100.0,True,False,False,google_play,,False,False,
2025-04,month,2025-04,2025-04,google_play,battery_life,0,31,0.0,,,True,False,False,google_play,,False,False,
2025-04,month,2025-04,2025-04,google_play,billing_disputes,4,31,12.903,0.0,100.0,True,False,False,google_play,,False,False,
2025-04,month,2025-04,2025-04,google_play,build_quality_perception,1,31,3.226,0.0,100.0,True,False,False,google_play,,False,False,
2025-04,month,2025-04,2025-04,google_play,cardiac_detection_trust,0,31,0.0,,,True,False,False,google_play,,False,False,
2025-04,month,2025-04,2025-04,google_play,comfort_fit,2,31,6.452,0.0,100.0,True,False,False,google_play,,False,False,
2025-04,month,2025-04,2025-04,google_play,crashes_freezes,5,31,16.129,0.0,60.0,True,False,False,google_play,,False,False,
2025-04,month,2025-04,2025-04,google_play,data_sync_delays,3,31,9.677,0.0,100.0,True,False,False,google_play,,False,False,
2025-04,month,2025-04,2025-04,google_play,device_rendering_bugs,0,31,0.0,,,True,False,False,google_play,,False,False,
2025-04,month,2025-04,2025-04,google_play,ecg_bp_feature_reliability,0,31,0.0,,,True,False,False,google_play,,False,False,
2025-04,month,2025-04,2025-04,google_play,english_jargon_complexity,0,31,0.0,,,True,False,False,google_play,,False,False,
2025-04,month,2025-04,2025-04,google_play,feature_ui_friction,1,31,3.226,100.0,0.0,True,False,False,google_play,,False,False,
2025-04,month,2025-04,2025-04,google_play,metric_accuracy,2,31,6.452,0.0,100.0,True,False,False,google_play,,False,False,
2025-04,month,2025-04,2025-04,google_play,missing_activity_types,1,31,3.226,100.0,0.0,True,False,False,google_play,,False,False,
2025-04,month,2025-04,2025-04,google_play,missing_language_support,1,31,3.226,100.0,0.0,True,False,False,google_play,,False,False,
2025-04,month,2025-04,2025-04,google_play,missing_metrics,1,31,3.226,0.0,100.0,True,False,False,google_play,,False,False,
2025-04,month,2025-04,2025-04,google_play,notification_community_issues,3,31,9.677,0.0,100.0,True,False,False,google_play,,False,False,
2025-04,month,2025-04,2025-04,google_play,onboarding_pairing,1,31,3.226,0.0,100.0,True,False,False,google_play,,False,False,
2025-04,month,2025-04,2025-04,google_play,ongoing_disconnects,3,31,9.677,0.0,66.7,True,False,False,google_play,,False,False,
2025-04,month,2025-04,2025-04,google_play,personalization_use_case_fit,1,31,3.226,0.0,100.0,True,False,False,google_play,,False,False,
2025-04,month,2025-04,2025-04,google_play,plan_trial_structure,0,31,0.0,,,True,False,False,google_play,,False,False,
2025-04,month,2025-04,2025-04,google_play,price_value_perception,4,31,12.903,0.0,100.0,True,False,False,google_play,,False,False,
2025-04,month,2025-04,2025-04,google_play,redesign_regression,0,31,0.0,,,True,False,False,google_play,,False,False,
2025-04,month,2025-04,2025-04,google_play,sleep_accuracy,1,31,3.226,0.0,100.0,True,False,False,google_play,,False,False,
2025-04,month,2025-04,2025-04,google_play,sleep_alarm_ui,1,31,3.226,0.0,100.0,True,False,False,google_play,,False,False,
2025-04,month,2025-04,2025-04,google_play,sleep_satisfaction,0,31,0.0,,,True,False,False,google_play,,False,False,
2025-04,month,2025-04,2025-04,google_play,strap_clasp_durability,0,31,0.0,,,True,False,False,google_play,,False,False,
2025-04,month,2025-04,2025-04,google_play,support_resolution_quality,1,31,3.226,0.0,100.0,True,False,False,google_play,,False,False,
2025-04,month,2025-04,2025-04,google_play,support_responsiveness,1,31,3.226,100.0,0.0,True,False,False,google_play,,False,False,
2025-04,month,2025-04,2025-04,google_play,support_satisfaction,1,31,3.226,100.0,0.0,True,False,False,google_play,,False,False,
2025-04,month,2025-04,2025-04,google_play,third_party_integration,0,31,0.0,,,True,False,False,google_play,,False,False,
2025-04,month,2025-04,2025-04,google_play,update_failures,1,31,3.226,0.0,0.0,True,False,False,google_play,,False,False,
2025-04,month,2025-04,2025-04,google_play,upsell_pressure,0,31,0.0,,,True,False,False,google_play,,False,False,
2025-05,month,2025-05,2025-05,google_play,ai_coach,1,81,1.235,0.0,100.0,True,False,False,google_play,,False,False,
2025-05,month,2025-05,2025-05,google_play,app_stability,6,81,7.407,0.0,100.0,True,False,False,google_play,,False,False,
2025-05,month,2025-05,2025-05,google_play,customer_support,7,81,8.642,14.3,85.7,True,False,False,google_play,,False,False,
2025-05,month,2025-05,2025-05,google_play,data_accuracy,8,81,9.877,0.0,87.5,True,False,False,google_play,,False,False,
2025-05,month,2025-05,2025-05,google_play,feature_requests,6,81,7.407,33.3,33.3,True,False,False,google_play,,False,False,
2025-05,month,2025-05,2025-05,google_play,hardware_wearability,3,81,3.704,0.0,100.0,True,False,False,google_play,,False,False,
2025-05,month,2025-05,2025-05,google_play,health_signal_reliability,2,81,2.469,0.0,50.0,True,False,False,google_play,,False,False,
2025-05,month,2025-05,2025-05,google_play,localization,1,81,1.235,0.0,100.0,True,False,False,google_play,,False,False,
2025-05,month,2025-05,2025-05,google_play,platform_parity,3,81,3.704,0.0,100.0,True,False,False,google_play,,False,False,
2025-05,month,2025-05,2025-05,google_play,pricing_billing,43,81,53.086,7.0,90.7,True,False,False,google_play,,False,False,
2025-05,month,2025-05,2025-05,google_play,sleep_tracking,3,81,3.704,66.7,0.0,True,False,False,google_play,,False,False,
2025-05,month,2025-05,2025-05,google_play,sync_connectivity,11,81,13.58,18.2,72.7,True,False,False,google_play,,False,False,
2025-05,month,2025-05,2025-05,google_play,ui_ux,22,81,27.16,22.7,59.1,True,False,False,google_play,,False,False,
2025-05,month,2025-05,2025-05,google_play,activity_detection,1,81,1.235,0.0,100.0,True,False,False,google_play,,False,False,
2025-05,month,2025-05,2025-05,google_play,ai_autonomy,0,81,0.0,,,True,False,False,google_play,,False,False,
2025-05,month,2025-05,2025-05,google_play,ai_only_support_channel,5,81,6.173,0.0,100.0,True,False,False,google_play,,False,False,
2025-05,month,2025-05,2025-05,google_play,ai_positive_reception,0,81,0.0,,,True,False,False,google_play,,False,False,
2025-05,month,2025-05,2025-05,google_play,ai_reliability_bugs,1,81,1.235,0.0,100.0,True,False,False,google_play,,False,False,
2025-05,month,2025-05,2025-05,google_play,android_feature_gaps,0,81,0.0,,,True,False,False,google_play,,False,False,
2025-05,month,2025-05,2025-05,google_play,android_specific_bugs,3,81,3.704,0.0,100.0,True,False,False,google_play,,False,False,
2025-05,month,2025-05,2025-05,google_play,battery_life,1,81,1.235,0.0,100.0,True,False,False,google_play,,False,False,
2025-05,month,2025-05,2025-05,google_play,billing_disputes,23,81,28.395,0.0,100.0,True,False,False,google_play,,False,False,
2025-05,month,2025-05,2025-05,google_play,build_quality_perception,2,81,2.469,0.0,100.0,True,False,False,google_play,,False,False,
2025-05,month,2025-05,2025-05,google_play,cardiac_detection_trust,0,81,0.0,,,True,False,False,google_play,,False,False,
2025-05,month,2025-05,2025-05,google_play,comfort_fit,0,81,0.0,,,True,False,False,google_play,,False,False,
2025-05,month,2025-05,2025-05,google_play,crashes_freezes,4,81,4.938,0.0,100.0,True,False,False,google_play,,False,False,
2025-05,month,2025-05,2025-05,google_play,data_sync_delays,6,81,7.407,16.7,83.3,True,False,False,google_play,,False,False,
2025-05,month,2025-05,2025-05,google_play,device_rendering_bugs,1,81,1.235,100.0,0.0,True,False,False,google_play,,False,False,
2025-05,month,2025-05,2025-05,google_play,ecg_bp_feature_reliability,2,81,2.469,0.0,50.0,True,False,False,google_play,,False,False,
2025-05,month,2025-05,2025-05,google_play,english_jargon_complexity,0,81,0.0,,,True,False,False,google_play,,False,False,
2025-05,month,2025-05,2025-05,google_play,feature_ui_friction,2,81,2.469,50.0,0.0,True,False,False,google_play,,False,False,
2025-05,month,2025-05,2025-05,google_play,metric_accuracy,8,81,9.877,0.0,87.5,True,False,False,google_play,,False,False,
2025-05,month,2025-05,2025-05,google_play,missing_activity_types,2,81,2.469,50.0,0.0,True,False,False,google_play,,False,False,
2025-05,month,2025-05,2025-05,google_play,missing_language_support,1,81,1.235,0.0,100.0,True,False,False,google_play,,False,False,
2025-05,month,2025-05,2025-05,google_play,missing_metrics,3,81,3.704,33.3,33.3,True,False,False,google_play,,False,False,
2025-05,month,2025-05,2025-05,google_play,notification_community_issues,2,81,2.469,50.0,50.0,True,False,False,google_play,,False,False,
2025-05,month,2025-05,2025-05,google_play,onboarding_pairing,3,81,3.704,0.0,100.0,True,False,False,google_play,,False,False,
2025-05,month,2025-05,2025-05,google_play,ongoing_disconnects,3,81,3.704,33.3,33.3,True,False,False,google_play,,False,False,
2025-05,month,2025-05,2025-05,google_play,personalization_use_case_fit,2,81,2.469,0.0,50.0,True,False,False,google_play,,False,False,
2025-05,month,2025-05,2025-05,google_play,plan_trial_structure,18,81,22.222,5.6,94.4,True,False,False,google_play,,False,False,
2025-05,month,2025-05,2025-05,google_play,price_value_perception,32,81,39.506,6.2,90.6,True,False,False,google_play,,False,False,
2025-05,month,2025-05,2025-05,google_play,redesign_regression,17,81,20.988,11.8,70.6,True,False,False,google_play,,False,False,
2025-05,month,2025-05,2025-05,google_play,sleep_accuracy,0,81,0.0,,,True,False,False,google_play,,False,False,
2025-05,month,2025-05,2025-05,google_play,sleep_alarm_ui,1,81,1.235,0.0,0.0,True,False,False,google_play,,False,False,
2025-05,month,2025-05,2025-05,google_play,sleep_satisfaction,2,81,2.469,100.0,0.0,True,False,False,google_play,,False,False,
2025-05,month,2025-05,2025-05,google_play,strap_clasp_durability,0,81,0.0,,,True,False,False,google_play,,False,False,
2025-05,month,2025-05,2025-05,google_play,support_resolution_quality,1,81,1.235,0.0,100.0,True,False,False,google_play,,False,False,
2025-05,month,2025-05,2025-05,google_play,support_responsiveness,0,81,0.0,,,True,False,False,google_play,,False,False,
2025-05,month,2025-05,2025-05,google_play,support_satisfaction,1,81,1.235,100.0,0.0,True,False,False,google_play,,False,False,
2025-05,month,2025-05,2025-05,google_play,third_party_integration,2,81,2.469,50.0,0.0,True,False,False,google_play,,False,False,
2025-05,month,2025-05,2025-05,google_play,update_failures,2,81,2.469,0.0,100.0,True,False,False,google_play,,False,False,
2025-05,month,2025-05,2025-05,google_play,upsell_pressure,8,81,9.877,0.0,87.5,True,False,False,google_play,,False,False,
2025-06,month,2025-06,2025-06,google_play,ai_coach,3,39,7.692,0.0,100.0,True,False,False,google_play,,False,False,
2025-06,month,2025-06,2025-06,google_play,app_stability,9,39,23.077,0.0,100.0,True,False,False,google_play,,False,False,
2025-06,month,2025-06,2025-06,google_play,customer_support,1,39,2.564,0.0,100.0,True,False,False,google_play,,False,False,
2025-06,month,2025-06,2025-06,google_play,data_accuracy,5,39,12.821,0.0,100.0,True,False,False,google_play,,False,False,
2025-06,month,2025-06,2025-06,google_play,feature_requests,1,39,2.564,100.0,0.0,True,False,False,google_play,,False,False,
2025-06,month,2025-06,2025-06,google_play,hardware_wearability,5,39,12.821,0.0,100.0,True,False,False,google_play,,False,False,
2025-06,month,2025-06,2025-06,google_play,health_signal_reliability,0,39,0.0,,,True,False,False,google_play,,False,False,
2025-06,month,2025-06,2025-06,google_play,localization,0,39,0.0,,,True,False,False,google_play,,False,False,
2025-06,month,2025-06,2025-06,google_play,platform_parity,1,39,2.564,0.0,100.0,True,False,False,google_play,,False,False,
2025-06,month,2025-06,2025-06,google_play,pricing_billing,18,39,46.154,0.0,94.4,True,False,False,google_play,,False,False,
2025-06,month,2025-06,2025-06,google_play,sleep_tracking,3,39,7.692,0.0,66.7,True,False,False,google_play,,False,False,
2025-06,month,2025-06,2025-06,google_play,sync_connectivity,12,39,30.769,8.3,91.7,True,False,False,google_play,,False,False,
2025-06,month,2025-06,2025-06,google_play,ui_ux,6,39,15.385,0.0,100.0,True,False,False,google_play,,False,False,
2025-06,month,2025-06,2025-06,google_play,activity_detection,2,39,5.128,0.0,100.0,True,False,False,google_play,,False,False,
2025-06,month,2025-06,2025-06,google_play,ai_autonomy,0,39,0.0,,,True,False,False,google_play,,False,False,
2025-06,month,2025-06,2025-06,google_play,ai_only_support_channel,0,39,0.0,,,True,False,False,google_play,,False,False,
2025-06,month,2025-06,2025-06,google_play,ai_positive_reception,0,39,0.0,,,True,False,False,google_play,,False,False,
2025-06,month,2025-06,2025-06,google_play,ai_reliability_bugs,3,39,7.692,0.0,100.0,True,False,False,google_play,,False,False,
2025-06,month,2025-06,2025-06,google_play,android_feature_gaps,0,39,0.0,,,True,False,False,google_play,,False,False,
2025-06,month,2025-06,2025-06,google_play,android_specific_bugs,1,39,2.564,0.0,100.0,True,False,False,google_play,,False,False,
2025-06,month,2025-06,2025-06,google_play,battery_life,1,39,2.564,0.0,100.0,True,False,False,google_play,,False,False,
2025-06,month,2025-06,2025-06,google_play,billing_disputes,5,39,12.821,0.0,100.0,True,False,False,google_play,,False,False,
2025-06,month,2025-06,2025-06,google_play,build_quality_perception,3,39,7.692,0.0,100.0,True,False,False,google_play,,False,False,
2025-06,month,2025-06,2025-06,google_play,cardiac_detection_trust,0,39,0.0,,,True,False,False,google_play,,False,False,
2025-06,month,2025-06,2025-06,google_play,comfort_fit,1,39,2.564,0.0,100.0,True,False,False,google_play,,False,False,
2025-06,month,2025-06,2025-06,google_play,crashes_freezes,7,39,17.949,0.0,100.0,True,False,False,google_play,,False,False,
2025-06,month,2025-06,2025-06,google_play,data_sync_delays,3,39,7.692,33.3,66.7,True,False,False,google_play,,False,False,
2025-06,month,2025-06,2025-06,google_play,device_rendering_bugs,0,39,0.0,,,True,False,False,google_play,,False,False,
2025-06,month,2025-06,2025-06,google_play,ecg_bp_feature_reliability,0,39,0.0,,,True,False,False,google_play,,False,False,
2025-06,month,2025-06,2025-06,google_play,english_jargon_complexity,0,39,0.0,,,True,False,False,google_play,,False,False,
2025-06,month,2025-06,2025-06,google_play,feature_ui_friction,0,39,0.0,,,True,False,False,google_play,,False,False,
2025-06,month,2025-06,2025-06,google_play,metric_accuracy,4,39,10.256,0.0,100.0,True,False,False,google_play,,False,False,
2025-06,month,2025-06,2025-06,google_play,missing_activity_types,0,39,0.0,,,True,False,False,google_play,,False,False,
2025-06,month,2025-06,2025-06,google_play,missing_language_support,0,39,0.0,,,True,False,False,google_play,,False,False,
2025-06,month,2025-06,2025-06,google_play,missing_metrics,1,39,2.564,100.0,0.0,True,False,False,google_play,,False,False,
2025-06,month,2025-06,2025-06,google_play,notification_community_issues,5,39,12.821,0.0,100.0,True,False,False,google_play,,False,False,
2025-06,month,2025-06,2025-06,google_play,onboarding_pairing,0,39,0.0,,,True,False,False,google_play,,False,False,
2025-06,month,2025-06,2025-06,google_play,ongoing_disconnects,9,39,23.077,0.0,100.0,True,False,False,google_play,,False,False,
2025-06,month,2025-06,2025-06,google_play,personalization_use_case_fit,0,39,0.0,,,True,False,False,google_play,,False,False,
2025-06,month,2025-06,2025-06,google_play,plan_trial_structure,3,39,7.692,0.0,100.0,True,False,False,google_play,,False,False,
2025-06,month,2025-06,2025-06,google_play,price_value_perception,12,39,30.769,0.0,91.7,True,False,False,google_play,,False,False,
2025-06,month,2025-06,2025-06,google_play,redesign_regression,2,39,5.128,0.0,100.0,True,False,False,google_play,,False,False,
2025-06,month,2025-06,2025-06,google_play,sleep_accuracy,3,39,7.692,0.0,66.7,True,False,False,google_play,,False,False,
2025-06,month,2025-06,2025-06,google_play,sleep_alarm_ui,0,39,0.0,,,True,False,False,google_play,,False,False,
2025-06,month,2025-06,2025-06,google_play,sleep_satisfaction,0,39,0.0,,,True,False,False,google_play,,False,False,
2025-06,month,2025-06,2025-06,google_play,strap_clasp_durability,0,39,0.0,,,True,False,False,google_play,,False,False,
2025-06,month,2025-06,2025-06,google_play,support_resolution_quality,1,39,2.564,0.0,100.0,True,False,False,google_play,,False,False,
2025-06,month,2025-06,2025-06,google_play,support_responsiveness,0,39,0.0,,,True,False,False,google_play,,False,False,
2025-06,month,2025-06,2025-06,google_play,support_satisfaction,0,39,0.0,,,True,False,False,google_play,,False,False,
2025-06,month,2025-06,2025-06,google_play,third_party_integration,0,39,0.0,,,True,False,False,google_play,,False,False,
2025-06,month,2025-06,2025-06,google_play,update_failures,2,39,5.128,0.0,100.0,True,False,False,google_play,,False,False,
2025-06,month,2025-06,2025-06,google_play,upsell_pressure,2,39,5.128,0.0,100.0,True,False,False,google_play,,False,False,
2025-07,month,2025-07,2025-07,google_play,ai_coach,3,31,9.677,0.0,100.0,True,False,False,google_play,,False,False,
2025-07,month,2025-07,2025-07,google_play,app_stability,5,31,16.129,0.0,100.0,True,False,False,google_play,,False,False,
2025-07,month,2025-07,2025-07,google_play,customer_support,12,31,38.71,0.0,100.0,True,False,False,google_play,,False,False,
2025-07,month,2025-07,2025-07,google_play,data_accuracy,1,31,3.226,0.0,0.0,True,False,False,google_play,,False,False,
2025-07,month,2025-07,2025-07,google_play,feature_requests,3,31,9.677,0.0,100.0,True,False,False,google_play,,False,False,
2025-07,month,2025-07,2025-07,google_play,hardware_wearability,3,31,9.677,0.0,66.7,True,False,False,google_play,,False,False,
2025-07,month,2025-07,2025-07,google_play,health_signal_reliability,0,31,0.0,,,True,False,False,google_play,,False,False,
2025-07,month,2025-07,2025-07,google_play,localization,0,31,0.0,,,True,False,False,google_play,,False,False,
2025-07,month,2025-07,2025-07,google_play,platform_parity,3,31,9.677,33.3,66.7,True,False,False,google_play,,False,False,
2025-07,month,2025-07,2025-07,google_play,pricing_billing,9,31,29.032,0.0,100.0,True,False,False,google_play,,False,False,
2025-07,month,2025-07,2025-07,google_play,sleep_tracking,4,31,12.903,0.0,100.0,True,False,False,google_play,,False,False,
2025-07,month,2025-07,2025-07,google_play,sync_connectivity,4,31,12.903,0.0,75.0,True,False,False,google_play,,False,False,
2025-07,month,2025-07,2025-07,google_play,ui_ux,10,31,32.258,20.0,60.0,True,False,False,google_play,,False,False,
2025-07,month,2025-07,2025-07,google_play,activity_detection,0,31,0.0,,,True,False,False,google_play,,False,False,
2025-07,month,2025-07,2025-07,google_play,ai_autonomy,0,31,0.0,,,True,False,False,google_play,,False,False,
2025-07,month,2025-07,2025-07,google_play,ai_only_support_channel,3,31,9.677,0.0,100.0,True,False,False,google_play,,False,False,
2025-07,month,2025-07,2025-07,google_play,ai_positive_reception,0,31,0.0,,,True,False,False,google_play,,False,False,
2025-07,month,2025-07,2025-07,google_play,ai_reliability_bugs,3,31,9.677,0.0,100.0,True,False,False,google_play,,False,False,
2025-07,month,2025-07,2025-07,google_play,android_feature_gaps,0,31,0.0,,,True,False,False,google_play,,False,False,
2025-07,month,2025-07,2025-07,google_play,android_specific_bugs,3,31,9.677,33.3,66.7,True,False,False,google_play,,False,False,
2025-07,month,2025-07,2025-07,google_play,battery_life,2,31,6.452,0.0,50.0,True,False,False,google_play,,False,False,
2025-07,month,2025-07,2025-07,google_play,billing_disputes,5,31,16.129,0.0,100.0,True,False,False,google_play,,False,False,
2025-07,month,2025-07,2025-07,google_play,build_quality_perception,2,31,6.452,0.0,100.0,True,False,False,google_play,,False,False,
2025-07,month,2025-07,2025-07,google_play,cardiac_detection_trust,0,31,0.0,,,True,False,False,google_play,,False,False,
2025-07,month,2025-07,2025-07,google_play,comfort_fit,0,31,0.0,,,True,False,False,google_play,,False,False,
2025-07,month,2025-07,2025-07,google_play,crashes_freezes,4,31,12.903,0.0,100.0,True,False,False,google_play,,False,False,
2025-07,month,2025-07,2025-07,google_play,data_sync_delays,0,31,0.0,,,True,False,False,google_play,,False,False,
2025-07,month,2025-07,2025-07,google_play,device_rendering_bugs,0,31,0.0,,,True,False,False,google_play,,False,False,
2025-07,month,2025-07,2025-07,google_play,ecg_bp_feature_reliability,0,31,0.0,,,True,False,False,google_play,,False,False,
2025-07,month,2025-07,2025-07,google_play,english_jargon_complexity,0,31,0.0,,,True,False,False,google_play,,False,False,
2025-07,month,2025-07,2025-07,google_play,feature_ui_friction,3,31,9.677,0.0,33.3,True,False,False,google_play,,False,False,
2025-07,month,2025-07,2025-07,google_play,metric_accuracy,1,31,3.226,0.0,0.0,True,False,False,google_play,,False,False,
2025-07,month,2025-07,2025-07,google_play,missing_activity_types,1,31,3.226,0.0,100.0,True,False,False,google_play,,False,False,
2025-07,month,2025-07,2025-07,google_play,missing_language_support,0,31,0.0,,,True,False,False,google_play,,False,False,
2025-07,month,2025-07,2025-07,google_play,missing_metrics,2,31,6.452,0.0,100.0,True,False,False,google_play,,False,False,
2025-07,month,2025-07,2025-07,google_play,notification_community_issues,4,31,12.903,25.0,75.0,True,False,False,google_play,,False,False,
2025-07,month,2025-07,2025-07,google_play,onboarding_pairing,0,31,0.0,,,True,False,False,google_play,,False,False,
2025-07,month,2025-07,2025-07,google_play,ongoing_disconnects,4,31,12.903,0.0,75.0,True,False,False,google_play,,False,False,
2025-07,month,2025-07,2025-07,google_play,personalization_use_case_fit,0,31,0.0,,,True,False,False,google_play,,False,False,
2025-07,month,2025-07,2025-07,google_play,plan_trial_structure,2,31,6.452,0.0,100.0,True,False,False,google_play,,False,False,
2025-07,month,2025-07,2025-07,google_play,price_value_perception,5,31,16.129,0.0,100.0,True,False,False,google_play,,False,False,
2025-07,month,2025-07,2025-07,google_play,redesign_regression,3,31,9.677,33.3,66.7,True,False,False,google_play,,False,False,
2025-07,month,2025-07,2025-07,google_play,sleep_accuracy,3,31,9.677,0.0,100.0,True,False,False,google_play,,False,False,
2025-07,month,2025-07,2025-07,google_play,sleep_alarm_ui,1,31,3.226,0.0,100.0,True,False,False,google_play,,False,False,
2025-07,month,2025-07,2025-07,google_play,sleep_satisfaction,0,31,0.0,,,True,False,False,google_play,,False,False,
2025-07,month,2025-07,2025-07,google_play,strap_clasp_durability,0,31,0.0,,,True,False,False,google_play,,False,False,
2025-07,month,2025-07,2025-07,google_play,support_resolution_quality,1,31,3.226,0.0,100.0,True,False,False,google_play,,False,False,
2025-07,month,2025-07,2025-07,google_play,support_responsiveness,8,31,25.806,0.0,100.0,True,False,False,google_play,,False,False,
2025-07,month,2025-07,2025-07,google_play,support_satisfaction,0,31,0.0,,,True,False,False,google_play,,False,False,
2025-07,month,2025-07,2025-07,google_play,third_party_integration,0,31,0.0,,,True,False,False,google_play,,False,False,
2025-07,month,2025-07,2025-07,google_play,update_failures,1,31,3.226,0.0,100.0,True,False,False,google_play,,False,False,
2025-07,month,2025-07,2025-07,google_play,upsell_pressure,0,31,0.0,,,True,False,False,google_play,,False,False,
2025-08,month,2025-08,2025-08,google_play,ai_coach,4,53,7.547,75.0,25.0,True,False,False,google_play,,False,False,
2025-08,month,2025-08,2025-08,google_play,app_stability,6,53,11.321,0.0,66.7,True,False,False,google_play,,False,False,
2025-08,month,2025-08,2025-08,google_play,customer_support,10,53,18.868,0.0,90.0,True,False,False,google_play,,False,False,
2025-08,month,2025-08,2025-08,google_play,data_accuracy,4,53,7.547,0.0,75.0,True,False,False,google_play,,False,False,
2025-08,month,2025-08,2025-08,google_play,feature_requests,1,53,1.887,100.0,0.0,True,False,False,google_play,,False,False,
2025-08,month,2025-08,2025-08,google_play,hardware_wearability,6,53,11.321,16.7,66.7,True,False,False,google_play,,False,False,
2025-08,month,2025-08,2025-08,google_play,health_signal_reliability,1,53,1.887,0.0,0.0,True,False,False,google_play,,False,False,
2025-08,month,2025-08,2025-08,google_play,localization,0,53,0.0,,,True,False,False,google_play,,False,False,
2025-08,month,2025-08,2025-08,google_play,platform_parity,3,53,5.66,0.0,100.0,True,False,False,google_play,,False,False,
2025-08,month,2025-08,2025-08,google_play,pricing_billing,17,53,32.075,0.0,94.1,True,False,False,google_play,,False,False,
2025-08,month,2025-08,2025-08,google_play,sleep_tracking,2,53,3.774,100.0,0.0,True,False,False,google_play,,False,False,
2025-08,month,2025-08,2025-08,google_play,sync_connectivity,6,53,11.321,0.0,83.3,True,False,False,google_play,,False,False,
2025-08,month,2025-08,2025-08,google_play,ui_ux,4,53,7.547,0.0,100.0,True,False,False,google_play,,False,False,
2025-08,month,2025-08,2025-08,google_play,activity_detection,1,53,1.887,0.0,0.0,True,False,False,google_play,,False,False,
2025-08,month,2025-08,2025-08,google_play,ai_autonomy,0,53,0.0,,,True,False,False,google_play,,False,False,
2025-08,month,2025-08,2025-08,google_play,ai_only_support_channel,3,53,5.66,0.0,66.7,True,False,False,google_play,,False,False,
2025-08,month,2025-08,2025-08,google_play,ai_positive_reception,3,53,5.66,100.0,0.0,True,False,False,google_play,,False,False,
2025-08,month,2025-08,2025-08,google_play,ai_reliability_bugs,1,53,1.887,0.0,100.0,True,False,False,google_play,,False,False,
2025-08,month,2025-08,2025-08,google_play,android_feature_gaps,0,53,0.0,,,True,False,False,google_play,,False,False,
2025-08,month,2025-08,2025-08,google_play,android_specific_bugs,3,53,5.66,0.0,100.0,True,False,False,google_play,,False,False,
2025-08,month,2025-08,2025-08,google_play,battery_life,3,53,5.66,33.3,33.3,True,False,False,google_play,,False,False,
2025-08,month,2025-08,2025-08,google_play,billing_disputes,8,53,15.094,0.0,100.0,True,False,False,google_play,,False,False,
2025-08,month,2025-08,2025-08,google_play,build_quality_perception,1,53,1.887,0.0,100.0,True,False,False,google_play,,False,False,
2025-08,month,2025-08,2025-08,google_play,cardiac_detection_trust,0,53,0.0,,,True,False,False,google_play,,False,False,
2025-08,month,2025-08,2025-08,google_play,comfort_fit,1,53,1.887,0.0,100.0,True,False,False,google_play,,False,False,
2025-08,month,2025-08,2025-08,google_play,crashes_freezes,3,53,5.66,0.0,66.7,True,False,False,google_play,,False,False,
2025-08,month,2025-08,2025-08,google_play,data_sync_delays,2,53,3.774,0.0,100.0,True,False,False,google_play,,False,False,
2025-08,month,2025-08,2025-08,google_play,device_rendering_bugs,0,53,0.0,,,True,False,False,google_play,,False,False,
2025-08,month,2025-08,2025-08,google_play,ecg_bp_feature_reliability,1,53,1.887,0.0,0.0,True,False,False,google_play,,False,False,
2025-08,month,2025-08,2025-08,google_play,english_jargon_complexity,0,53,0.0,,,True,False,False,google_play,,False,False,
2025-08,month,2025-08,2025-08,google_play,feature_ui_friction,1,53,1.887,0.0,100.0,True,False,False,google_play,,False,False,
2025-08,month,2025-08,2025-08,google_play,metric_accuracy,3,53,5.66,0.0,100.0,True,False,False,google_play,,False,False,
2025-08,month,2025-08,2025-08,google_play,missing_activity_types,0,53,0.0,,,True,False,False,google_play,,False,False,
2025-08,month,2025-08,2025-08,google_play,missing_language_support,0,53,0.0,,,True,False,False,google_play,,False,False,
2025-08,month,2025-08,2025-08,google_play,missing_metrics,0,53,0.0,,,True,False,False,google_play,,False,False,
2025-08,month,2025-08,2025-08,google_play,notification_community_issues,3,53,5.66,0.0,100.0,True,False,False,google_play,,False,False,
2025-08,month,2025-08,2025-08,google_play,onboarding_pairing,0,53,0.0,,,True,False,False,google_play,,False,False,
2025-08,month,2025-08,2025-08,google_play,ongoing_disconnects,5,53,9.434,0.0,80.0,True,False,False,google_play,,False,False,
2025-08,month,2025-08,2025-08,google_play,personalization_use_case_fit,1,53,1.887,100.0,0.0,True,False,False,google_play,,False,False,
2025-08,month,2025-08,2025-08,google_play,plan_trial_structure,2,53,3.774,0.0,100.0,True,False,False,google_play,,False,False,
2025-08,month,2025-08,2025-08,google_play,price_value_perception,15,53,28.302,0.0,93.3,True,False,False,google_play,,False,False,
2025-08,month,2025-08,2025-08,google_play,redesign_regression,0,53,0.0,,,True,False,False,google_play,,False,False,
2025-08,month,2025-08,2025-08,google_play,sleep_accuracy,0,53,0.0,,,True,False,False,google_play,,False,False,
2025-08,month,2025-08,2025-08,google_play,sleep_alarm_ui,0,53,0.0,,,True,False,False,google_play,,False,False,
2025-08,month,2025-08,2025-08,google_play,sleep_satisfaction,2,53,3.774,100.0,0.0,True,False,False,google_play,,False,False,
2025-08,month,2025-08,2025-08,google_play,strap_clasp_durability,1,53,1.887,0.0,100.0,True,False,False,google_play,,False,False,
2025-08,month,2025-08,2025-08,google_play,support_resolution_quality,5,53,9.434,0.0,100.0,True,False,False,google_play,,False,False,
2025-08,month,2025-08,2025-08,google_play,support_responsiveness,6,53,11.321,0.0,100.0,True,False,False,google_play,,False,False,
2025-08,month,2025-08,2025-08,google_play,support_satisfaction,0,53,0.0,,,True,False,False,google_play,,False,False,
2025-08,month,2025-08,2025-08,google_play,third_party_integration,0,53,0.0,,,True,False,False,google_play,,False,False,
2025-08,month,2025-08,2025-08,google_play,update_failures,4,53,7.547,0.0,75.0,True,False,False,google_play,,False,False,
2025-08,month,2025-08,2025-08,google_play,upsell_pressure,1,53,1.887,0.0,100.0,True,False,False,google_play,,False,False,
2025-09,month,2025-09,2025-09,google_play,ai_coach,0,48,0.0,,,True,False,False,google_play,,False,False,
2025-09,month,2025-09,2025-09,google_play,app_stability,17,48,35.417,11.8,88.2,True,False,False,google_play,,False,False,
2025-09,month,2025-09,2025-09,google_play,customer_support,5,48,10.417,0.0,100.0,True,False,False,google_play,,False,False,
2025-09,month,2025-09,2025-09,google_play,data_accuracy,6,48,12.5,33.3,16.7,True,False,False,google_play,,False,False,
2025-09,month,2025-09,2025-09,google_play,feature_requests,5,48,10.417,0.0,100.0,True,False,False,google_play,,False,False,
2025-09,month,2025-09,2025-09,google_play,hardware_wearability,4,48,8.333,25.0,75.0,True,False,False,google_play,,False,False,
2025-09,month,2025-09,2025-09,google_play,health_signal_reliability,1,48,2.083,0.0,100.0,True,False,False,google_play,,False,False,
2025-09,month,2025-09,2025-09,google_play,localization,0,48,0.0,,,True,False,False,google_play,,False,False,
2025-09,month,2025-09,2025-09,google_play,platform_parity,1,48,2.083,0.0,100.0,True,False,False,google_play,,False,False,
2025-09,month,2025-09,2025-09,google_play,pricing_billing,13,48,27.083,0.0,92.3,True,False,False,google_play,,False,False,
2025-09,month,2025-09,2025-09,google_play,sleep_tracking,4,48,8.333,25.0,25.0,True,False,False,google_play,,False,False,
2025-09,month,2025-09,2025-09,google_play,sync_connectivity,8,48,16.667,0.0,87.5,True,False,False,google_play,,False,False,
2025-09,month,2025-09,2025-09,google_play,ui_ux,11,48,22.917,9.1,54.5,True,False,False,google_play,,False,False,
2025-09,month,2025-09,2025-09,google_play,activity_detection,4,48,8.333,25.0,0.0,True,False,False,google_play,,False,False,
2025-09,month,2025-09,2025-09,google_play,ai_autonomy,0,48,0.0,,,True,False,False,google_play,,False,False,
2025-09,month,2025-09,2025-09,google_play,ai_only_support_channel,1,48,2.083,0.0,100.0,True,False,False,google_play,,False,False,
2025-09,month,2025-09,2025-09,google_play,ai_positive_reception,0,48,0.0,,,True,False,False,google_play,,False,False,
2025-09,month,2025-09,2025-09,google_play,ai_reliability_bugs,0,48,0.0,,,True,False,False,google_play,,False,False,
2025-09,month,2025-09,2025-09,google_play,android_feature_gaps,0,48,0.0,,,True,False,False,google_play,,False,False,
2025-09,month,2025-09,2025-09,google_play,android_specific_bugs,1,48,2.083,0.0,100.0,True,False,False,google_play,,False,False,
2025-09,month,2025-09,2025-09,google_play,battery_life,3,48,6.25,0.0,100.0,True,False,False,google_play,,False,False,
2025-09,month,2025-09,2025-09,google_play,billing_disputes,4,48,8.333,0.0,100.0,True,False,False,google_play,,False,False,
2025-09,month,2025-09,2025-09,google_play,build_quality_perception,1,48,2.083,100.0,0.0,True,False,False,google_play,,False,False,
2025-09,month,2025-09,2025-09,google_play,cardiac_detection_trust,1,48,2.083,0.0,100.0,True,False,False,google_play,,False,False,
2025-09,month,2025-09,2025-09,google_play,comfort_fit,0,48,0.0,,,True,False,False,google_play,,False,False,
2025-09,month,2025-09,2025-09,google_play,crashes_freezes,12,48,25.0,8.3,91.7,True,False,False,google_play,,False,False,
2025-09,month,2025-09,2025-09,google_play,data_sync_delays,6,48,12.5,0.0,100.0,True,False,False,google_play,,False,False,
2025-09,month,2025-09,2025-09,google_play,device_rendering_bugs,2,48,4.167,0.0,50.0,True,False,False,google_play,,False,False,
2025-09,month,2025-09,2025-09,google_play,ecg_bp_feature_reliability,1,48,2.083,0.0,100.0,True,False,False,google_play,,False,False,
2025-09,month,2025-09,2025-09,google_play,english_jargon_complexity,0,48,0.0,,,True,False,False,google_play,,False,False,
2025-09,month,2025-09,2025-09,google_play,feature_ui_friction,3,48,6.25,0.0,66.7,True,False,False,google_play,,False,False,
2025-09,month,2025-09,2025-09,google_play,metric_accuracy,3,48,6.25,33.3,33.3,True,False,False,google_play,,False,False,
2025-09,month,2025-09,2025-09,google_play,missing_activity_types,1,48,2.083,0.0,100.0,True,False,False,google_play,,False,False,
2025-09,month,2025-09,2025-09,google_play,missing_language_support,0,48,0.0,,,True,False,False,google_play,,False,False,
2025-09,month,2025-09,2025-09,google_play,missing_metrics,1,48,2.083,0.0,100.0,True,False,False,google_play,,False,False,
2025-09,month,2025-09,2025-09,google_play,notification_community_issues,6,48,12.5,16.7,50.0,True,False,False,google_play,,False,False,
2025-09,month,2025-09,2025-09,google_play,onboarding_pairing,0,48,0.0,,,True,False,False,google_play,,False,False,
2025-09,month,2025-09,2025-09,google_play,ongoing_disconnects,3,48,6.25,0.0,66.7,True,False,False,google_play,,False,False,
2025-09,month,2025-09,2025-09,google_play,personalization_use_case_fit,0,48,0.0,,,True,False,False,google_play,,False,False,
2025-09,month,2025-09,2025-09,google_play,plan_trial_structure,1,48,2.083,0.0,0.0,True,False,False,google_play,,False,False,
2025-09,month,2025-09,2025-09,google_play,price_value_perception,13,48,27.083,0.0,92.3,True,False,False,google_play,,False,False,
2025-09,month,2025-09,2025-09,google_play,redesign_regression,2,48,4.167,0.0,50.0,True,False,False,google_play,,False,False,
2025-09,month,2025-09,2025-09,google_play,sleep_accuracy,3,48,6.25,0.0,33.3,True,False,False,google_play,,False,False,
2025-09,month,2025-09,2025-09,google_play,sleep_alarm_ui,0,48,0.0,,,True,False,False,google_play,,False,False,
2025-09,month,2025-09,2025-09,google_play,sleep_satisfaction,1,48,2.083,100.0,0.0,True,False,False,google_play,,False,False,
2025-09,month,2025-09,2025-09,google_play,strap_clasp_durability,1,48,2.083,0.0,100.0,True,False,False,google_play,,False,False,
2025-09,month,2025-09,2025-09,google_play,support_resolution_quality,3,48,6.25,0.0,100.0,True,False,False,google_play,,False,False,
2025-09,month,2025-09,2025-09,google_play,support_responsiveness,2,48,4.167,0.0,100.0,True,False,False,google_play,,False,False,
2025-09,month,2025-09,2025-09,google_play,support_satisfaction,0,48,0.0,,,True,False,False,google_play,,False,False,
2025-09,month,2025-09,2025-09,google_play,third_party_integration,3,48,6.25,0.0,100.0,True,False,False,google_play,,False,False,
2025-09,month,2025-09,2025-09,google_play,update_failures,5,48,10.417,20.0,80.0,True,False,False,google_play,,False,False,
2025-09,month,2025-09,2025-09,google_play,upsell_pressure,0,48,0.0,,,True,False,False,google_play,,False,False,
2025-10,month,2025-10,2025-10,google_play,ai_coach,3,47,6.383,33.3,33.3,True,False,False,google_play,,False,False,
2025-10,month,2025-10,2025-10,google_play,app_stability,10,47,21.277,20.0,40.0,True,False,False,google_play,,False,False,
2025-10,month,2025-10,2025-10,google_play,customer_support,5,47,10.638,20.0,80.0,True,False,False,google_play,,False,False,
2025-10,month,2025-10,2025-10,google_play,data_accuracy,6,47,12.766,0.0,83.3,True,False,False,google_play,,False,False,
2025-10,month,2025-10,2025-10,google_play,feature_requests,2,47,4.255,50.0,50.0,True,False,False,google_play,,False,False,
2025-10,month,2025-10,2025-10,google_play,hardware_wearability,1,47,2.128,0.0,100.0,True,False,False,google_play,,False,False,
2025-10,month,2025-10,2025-10,google_play,health_signal_reliability,0,47,0.0,,,True,False,False,google_play,,False,False,
2025-10,month,2025-10,2025-10,google_play,localization,0,47,0.0,,,True,False,False,google_play,,False,False,
2025-10,month,2025-10,2025-10,google_play,platform_parity,5,47,10.638,0.0,60.0,True,False,False,google_play,,False,False,
2025-10,month,2025-10,2025-10,google_play,pricing_billing,16,47,34.043,0.0,93.8,True,False,False,google_play,,False,False,
2025-10,month,2025-10,2025-10,google_play,sleep_tracking,6,47,12.766,16.7,66.7,True,False,False,google_play,,False,False,
2025-10,month,2025-10,2025-10,google_play,sync_connectivity,7,47,14.894,0.0,85.7,True,False,False,google_play,,False,False,
2025-10,month,2025-10,2025-10,google_play,ui_ux,17,47,36.17,5.9,64.7,True,False,False,google_play,,False,False,
2025-10,month,2025-10,2025-10,google_play,activity_detection,1,47,2.128,0.0,0.0,True,False,False,google_play,,False,False,
2025-10,month,2025-10,2025-10,google_play,ai_autonomy,0,47,0.0,,,True,False,False,google_play,,False,False,
2025-10,month,2025-10,2025-10,google_play,ai_only_support_channel,2,47,4.255,0.0,100.0,True,False,False,google_play,,False,False,
2025-10,month,2025-10,2025-10,google_play,ai_positive_reception,0,47,0.0,,,True,False,False,google_play,,False,False,
2025-10,month,2025-10,2025-10,google_play,ai_reliability_bugs,3,47,6.383,33.3,33.3,True,False,False,google_play,,False,False,
2025-10,month,2025-10,2025-10,google_play,android_feature_gaps,2,47,4.255,0.0,50.0,True,False,False,google_play,,False,False,
2025-10,month,2025-10,2025-10,google_play,android_specific_bugs,5,47,10.638,0.0,60.0,True,False,False,google_play,,False,False,
2025-10,month,2025-10,2025-10,google_play,battery_life,0,47,0.0,,,True,False,False,google_play,,False,False,
2025-10,month,2025-10,2025-10,google_play,billing_disputes,5,47,10.638,0.0,100.0,True,False,False,google_play,,False,False,
2025-10,month,2025-10,2025-10,google_play,build_quality_perception,1,47,2.128,0.0,100.0,True,False,False,google_play,,False,False,
2025-10,month,2025-10,2025-10,google_play,cardiac_detection_trust,0,47,0.0,,,True,False,False,google_play,,False,False,
2025-10,month,2025-10,2025-10,google_play,comfort_fit,0,47,0.0,,,True,False,False,google_play,,False,False,
2025-10,month,2025-10,2025-10,google_play,crashes_freezes,9,47,19.149,11.1,44.4,True,False,False,google_play,,False,False,
2025-10,month,2025-10,2025-10,google_play,data_sync_delays,6,47,12.766,0.0,83.3,True,False,False,google_play,,False,False,
2025-10,month,2025-10,2025-10,google_play,device_rendering_bugs,8,47,17.021,12.5,62.5,True,False,False,google_play,,False,False,
2025-10,month,2025-10,2025-10,google_play,ecg_bp_feature_reliability,0,47,0.0,,,True,False,False,google_play,,False,False,
2025-10,month,2025-10,2025-10,google_play,english_jargon_complexity,0,47,0.0,,,True,False,False,google_play,,False,False,
2025-10,month,2025-10,2025-10,google_play,feature_ui_friction,2,47,4.255,50.0,0.0,True,False,False,google_play,,False,False,
2025-10,month,2025-10,2025-10,google_play,metric_accuracy,5,47,10.638,0.0,100.0,True,False,False,google_play,,False,False,
2025-10,month,2025-10,2025-10,google_play,missing_activity_types,0,47,0.0,,,True,False,False,google_play,,False,False,
2025-10,month,2025-10,2025-10,google_play,missing_language_support,0,47,0.0,,,True,False,False,google_play,,False,False,
2025-10,month,2025-10,2025-10,google_play,missing_metrics,0,47,0.0,,,True,False,False,google_play,,False,False,
2025-10,month,2025-10,2025-10,google_play,notification_community_issues,5,47,10.638,0.0,80.0,True,False,False,google_play,,False,False,
2025-10,month,2025-10,2025-10,google_play,onboarding_pairing,0,47,0.0,,,True,False,False,google_play,,False,False,
2025-10,month,2025-10,2025-10,google_play,ongoing_disconnects,1,47,2.128,0.0,100.0,True,False,False,google_play,,False,False,
2025-10,month,2025-10,2025-10,google_play,personalization_use_case_fit,1,47,2.128,0.0,100.0,True,False,False,google_play,,False,False,
2025-10,month,2025-10,2025-10,google_play,plan_trial_structure,0,47,0.0,,,True,False,False,google_play,,False,False,
2025-10,month,2025-10,2025-10,google_play,price_value_perception,11,47,23.404,0.0,90.9,True,False,False,google_play,,False,False,
2025-10,month,2025-10,2025-10,google_play,redesign_regression,5,47,10.638,0.0,80.0,True,False,False,google_play,,False,False,
2025-10,month,2025-10,2025-10,google_play,sleep_accuracy,3,47,6.383,0.0,100.0,True,False,False,google_play,,False,False,
2025-10,month,2025-10,2025-10,google_play,sleep_alarm_ui,2,47,4.255,0.0,50.0,True,False,False,google_play,,False,False,
2025-10,month,2025-10,2025-10,google_play,sleep_satisfaction,1,47,2.128,100.0,0.0,True,False,False,google_play,,False,False,
2025-10,month,2025-10,2025-10,google_play,strap_clasp_durability,0,47,0.0,,,True,False,False,google_play,,False,False,
2025-10,month,2025-10,2025-10,google_play,support_resolution_quality,1,47,2.128,0.0,100.0,True,False,False,google_play,,False,False,
2025-10,month,2025-10,2025-10,google_play,support_responsiveness,2,47,4.255,50.0,50.0,True,False,False,google_play,,False,False,
2025-10,month,2025-10,2025-10,google_play,support_satisfaction,0,47,0.0,,,True,False,False,google_play,,False,False,
2025-10,month,2025-10,2025-10,google_play,third_party_integration,1,47,2.128,100.0,0.0,True,False,False,google_play,,False,False,
2025-10,month,2025-10,2025-10,google_play,update_failures,3,47,6.383,66.7,33.3,True,False,False,google_play,,False,False,
2025-10,month,2025-10,2025-10,google_play,upsell_pressure,2,47,4.255,0.0,100.0,True,False,False,google_play,,False,False,
2025-11,month,2025-11,2025-11,google_play,ai_coach,4,80,5.0,25.0,50.0,True,False,False,google_play,,False,False,
2025-11,month,2025-11,2025-11,google_play,app_stability,9,80,11.25,11.1,66.7,True,False,False,google_play,,False,False,
2025-11,month,2025-11,2025-11,google_play,customer_support,5,80,6.25,20.0,20.0,True,False,False,google_play,,False,False,
2025-11,month,2025-11,2025-11,google_play,data_accuracy,13,80,16.25,15.4,76.9,True,False,False,google_play,,False,False,
2025-11,month,2025-11,2025-11,google_play,feature_requests,4,80,5.0,25.0,25.0,True,False,False,google_play,,False,False,
2025-11,month,2025-11,2025-11,google_play,hardware_wearability,2,80,2.5,50.0,50.0,True,False,False,google_play,,False,False,
2025-11,month,2025-11,2025-11,google_play,health_signal_reliability,2,80,2.5,50.0,0.0,True,False,False,google_play,,False,False,
2025-11,month,2025-11,2025-11,google_play,localization,2,80,2.5,50.0,50.0,True,False,False,google_play,,False,False,
2025-11,month,2025-11,2025-11,google_play,platform_parity,0,80,0.0,,,True,False,False,google_play,,False,False,
2025-11,month,2025-11,2025-11,google_play,pricing_billing,17,80,21.25,23.5,70.6,True,False,False,google_play,,False,False,
2025-11,month,2025-11,2025-11,google_play,sleep_tracking,14,80,17.5,50.0,42.9,True,False,False,google_play,,False,False,
2025-11,month,2025-11,2025-11,google_play,sync_connectivity,7,80,8.75,57.1,42.9,True,False,False,google_play,,False,False,
2025-11,month,2025-11,2025-11,google_play,ui_ux,10,80,12.5,30.0,40.0,True,False,False,google_play,,False,False,
2025-11,month,2025-11,2025-11,google_play,activity_detection,3,80,3.75,33.3,66.7,True,False,False,google_play,,False,False,
2025-11,month,2025-11,2025-11,google_play,ai_autonomy,1,80,1.25,0.0,100.0,True,False,False,google_play,,False,False,
2025-11,month,2025-11,2025-11,google_play,ai_only_support_channel,1,80,1.25,0.0,0.0,True,False,False,google_play,,False,False,
2025-11,month,2025-11,2025-11,google_play,ai_positive_reception,1,80,1.25,100.0,0.0,True,False,False,google_play,,False,False,
2025-11,month,2025-11,2025-11,google_play,ai_reliability_bugs,2,80,2.5,0.0,50.0,True,False,False,google_play,,False,False,
2025-11,month,2025-11,2025-11,google_play,android_feature_gaps,0,80,0.0,,,True,False,False,google_play,,False,False,
2025-11,month,2025-11,2025-11,google_play,android_specific_bugs,0,80,0.0,,,True,False,False,google_play,,False,False,
2025-11,month,2025-11,2025-11,google_play,battery_life,0,80,0.0,,,True,False,False,google_play,,False,False,
2025-11,month,2025-11,2025-11,google_play,billing_disputes,4,80,5.0,25.0,75.0,True,False,False,google_play,,False,False,
2025-11,month,2025-11,2025-11,google_play,build_quality_perception,2,80,2.5,50.0,50.0,True,False,False,google_play,,False,False,
2025-11,month,2025-11,2025-11,google_play,cardiac_detection_trust,0,80,0.0,,,True,False,False,google_play,,False,False,
2025-11,month,2025-11,2025-11,google_play,comfort_fit,0,80,0.0,,,True,False,False,google_play,,False,False,
2025-11,month,2025-11,2025-11,google_play,crashes_freezes,6,80,7.5,0.0,100.0,True,False,False,google_play,,False,False,
2025-11,month,2025-11,2025-11,google_play,data_sync_delays,4,80,5.0,50.0,50.0,True,False,False,google_play,,False,False,
2025-11,month,2025-11,2025-11,google_play,device_rendering_bugs,4,80,5.0,25.0,50.0,True,False,False,google_play,,False,False,
2025-11,month,2025-11,2025-11,google_play,ecg_bp_feature_reliability,2,80,2.5,50.0,0.0,True,False,False,google_play,,False,False,
2025-11,month,2025-11,2025-11,google_play,english_jargon_complexity,0,80,0.0,,,True,False,False,google_play,,False,False,
2025-11,month,2025-11,2025-11,google_play,feature_ui_friction,2,80,2.5,100.0,0.0,True,False,False,google_play,,False,False,
2025-11,month,2025-11,2025-11,google_play,metric_accuracy,10,80,12.5,10.0,80.0,True,False,False,google_play,,False,False,
2025-11,month,2025-11,2025-11,google_play,missing_activity_types,3,80,3.75,33.3,0.0,True,False,False,google_play,,False,False,
2025-11,month,2025-11,2025-11,google_play,missing_language_support,2,80,2.5,50.0,50.0,True,False,False,google_play,,False,False,
2025-11,month,2025-11,2025-11,google_play,missing_metrics,1,80,1.25,0.0,0.0,True,False,False,google_play,,False,False,
2025-11,month,2025-11,2025-11,google_play,notification_community_issues,1,80,1.25,0.0,100.0,True,False,False,google_play,,False,False,
2025-11,month,2025-11,2025-11,google_play,onboarding_pairing,0,80,0.0,,,True,False,False,google_play,,False,False,
2025-11,month,2025-11,2025-11,google_play,ongoing_disconnects,3,80,3.75,66.7,33.3,True,False,False,google_play,,False,False,
2025-11,month,2025-11,2025-11,google_play,personalization_use_case_fit,1,80,1.25,0.0,100.0,True,False,False,google_play,,False,False,
2025-11,month,2025-11,2025-11,google_play,plan_trial_structure,2,80,2.5,50.0,50.0,True,False,False,google_play,,False,False,
2025-11,month,2025-11,2025-11,google_play,price_value_perception,14,80,17.5,21.4,71.4,True,False,False,google_play,,False,False,
2025-11,month,2025-11,2025-11,google_play,redesign_regression,3,80,3.75,0.0,33.3,True,False,False,google_play,,False,False,
2025-11,month,2025-11,2025-11,google_play,sleep_accuracy,5,80,6.25,0.0,80.0,True,False,False,google_play,,False,False,
2025-11,month,2025-11,2025-11,google_play,sleep_alarm_ui,2,80,2.5,0.0,100.0,True,False,False,google_play,,False,False,
2025-11,month,2025-11,2025-11,google_play,sleep_satisfaction,7,80,8.75,100.0,0.0,True,False,False,google_play,,False,False,
2025-11,month,2025-11,2025-11,google_play,strap_clasp_durability,0,80,0.0,,,True,False,False,google_play,,False,False,
2025-11,month,2025-11,2025-11,google_play,support_resolution_quality,4,80,5.0,25.0,25.0,True,False,False,google_play,,False,False,
2025-11,month,2025-11,2025-11,google_play,support_responsiveness,1,80,1.25,0.0,0.0,True,False,False,google_play,,False,False,
2025-11,month,2025-11,2025-11,google_play,support_satisfaction,0,80,0.0,,,True,False,False,google_play,,False,False,
2025-11,month,2025-11,2025-11,google_play,third_party_integration,1,80,1.25,0.0,0.0,True,False,False,google_play,,False,False,
2025-11,month,2025-11,2025-11,google_play,update_failures,5,80,6.25,20.0,40.0,True,False,False,google_play,,False,False,
2025-11,month,2025-11,2025-11,google_play,upsell_pressure,0,80,0.0,,,True,False,False,google_play,,False,False,
2025-12,month,2025-12,2025-12,google_play,ai_coach,3,70,4.286,33.3,66.7,True,False,False,google_play,,False,False,
2025-12,month,2025-12,2025-12,google_play,app_stability,7,70,10.0,0.0,71.4,True,False,False,google_play,,False,False,
2025-12,month,2025-12,2025-12,google_play,customer_support,5,70,7.143,0.0,80.0,True,False,False,google_play,,False,False,
2025-12,month,2025-12,2025-12,google_play,data_accuracy,4,70,5.714,25.0,50.0,True,False,False,google_play,,False,False,
2025-12,month,2025-12,2025-12,google_play,feature_requests,5,70,7.143,20.0,60.0,True,False,False,google_play,,False,False,
2025-12,month,2025-12,2025-12,google_play,hardware_wearability,5,70,7.143,0.0,60.0,True,False,False,google_play,,False,False,
2025-12,month,2025-12,2025-12,google_play,health_signal_reliability,1,70,1.429,100.0,0.0,True,False,False,google_play,,False,False,
2025-12,month,2025-12,2025-12,google_play,localization,0,70,0.0,,,True,False,False,google_play,,False,False,
2025-12,month,2025-12,2025-12,google_play,platform_parity,2,70,2.857,0.0,100.0,True,False,False,google_play,,False,False,
2025-12,month,2025-12,2025-12,google_play,pricing_billing,22,70,31.429,13.6,68.2,True,False,False,google_play,,False,False,
2025-12,month,2025-12,2025-12,google_play,sleep_tracking,11,70,15.714,63.6,36.4,True,False,False,google_play,,False,False,
2025-12,month,2025-12,2025-12,google_play,sync_connectivity,10,70,14.286,20.0,50.0,True,False,False,google_play,,False,False,
2025-12,month,2025-12,2025-12,google_play,ui_ux,7,70,10.0,28.6,42.9,True,False,False,google_play,,False,False,
2025-12,month,2025-12,2025-12,google_play,activity_detection,1,70,1.429,0.0,100.0,True,False,False,google_play,,False,False,
2025-12,month,2025-12,2025-12,google_play,ai_autonomy,0,70,0.0,,,True,False,False,google_play,,False,False,
2025-12,month,2025-12,2025-12,google_play,ai_only_support_channel,3,70,4.286,0.0,66.7,True,False,False,google_play,,False,False,
2025-12,month,2025-12,2025-12,google_play,ai_positive_reception,1,70,1.429,100.0,0.0,True,False,False,google_play,,False,False,
2025-12,month,2025-12,2025-12,google_play,ai_reliability_bugs,2,70,2.857,0.0,100.0,True,False,False,google_play,,False,False,
2025-12,month,2025-12,2025-12,google_play,android_feature_gaps,0,70,0.0,,,True,False,False,google_play,,False,False,
2025-12,month,2025-12,2025-12,google_play,android_specific_bugs,2,70,2.857,0.0,100.0,True,False,False,google_play,,False,False,
2025-12,month,2025-12,2025-12,google_play,battery_life,1,70,1.429,0.0,0.0,True,False,False,google_play,,False,False,
2025-12,month,2025-12,2025-12,google_play,billing_disputes,8,70,11.429,0.0,87.5,True,False,False,google_play,,False,False,
2025-12,month,2025-12,2025-12,google_play,build_quality_perception,1,70,1.429,0.0,100.0,True,False,False,google_play,,False,False,
2025-12,month,2025-12,2025-12,google_play,cardiac_detection_trust,0,70,0.0,,,True,False,False,google_play,,False,False,
2025-12,month,2025-12,2025-12,google_play,comfort_fit,3,70,4.286,0.0,66.7,True,False,False,google_play,,False,False,
2025-12,month,2025-12,2025-12,google_play,crashes_freezes,6,70,8.571,0.0,66.7,True,False,False,google_play,,False,False,
2025-12,month,2025-12,2025-12,google_play,data_sync_delays,8,70,11.429,12.5,50.0,True,False,False,google_play,,False,False,
2025-12,month,2025-12,2025-12,google_play,device_rendering_bugs,1,70,1.429,100.0,0.0,True,False,False,google_play,,False,False,
2025-12,month,2025-12,2025-12,google_play,ecg_bp_feature_reliability,1,70,1.429,100.0,0.0,True,False,False,google_play,,False,False,
2025-12,month,2025-12,2025-12,google_play,english_jargon_complexity,0,70,0.0,,,True,False,False,google_play,,False,False,
2025-12,month,2025-12,2025-12,google_play,feature_ui_friction,3,70,4.286,0.0,66.7,True,False,False,google_play,,False,False,
2025-12,month,2025-12,2025-12,google_play,metric_accuracy,4,70,5.714,25.0,50.0,True,False,False,google_play,,False,False,
2025-12,month,2025-12,2025-12,google_play,missing_activity_types,1,70,1.429,0.0,0.0,True,False,False,google_play,,False,False,
2025-12,month,2025-12,2025-12,google_play,missing_language_support,0,70,0.0,,,True,False,False,google_play,,False,False,
2025-12,month,2025-12,2025-12,google_play,missing_metrics,1,70,1.429,0.0,100.0,True,False,False,google_play,,False,False,
2025-12,month,2025-12,2025-12,google_play,notification_community_issues,2,70,2.857,50.0,50.0,True,False,False,google_play,,False,False,
2025-12,month,2025-12,2025-12,google_play,onboarding_pairing,0,70,0.0,,,True,False,False,google_play,,False,False,
2025-12,month,2025-12,2025-12,google_play,ongoing_disconnects,2,70,2.857,50.0,50.0,True,False,False,google_play,,False,False,
2025-12,month,2025-12,2025-12,google_play,personalization_use_case_fit,2,70,2.857,50.0,50.0,True,False,False,google_play,,False,False,
2025-12,month,2025-12,2025-12,google_play,plan_trial_structure,2,70,2.857,0.0,100.0,True,False,False,google_play,,False,False,
2025-12,month,2025-12,2025-12,google_play,price_value_perception,16,70,22.857,18.8,62.5,True,False,False,google_play,,False,False,
2025-12,month,2025-12,2025-12,google_play,redesign_regression,1,70,1.429,0.0,0.0,True,False,False,google_play,,False,False,
2025-12,month,2025-12,2025-12,google_play,sleep_accuracy,2,70,2.857,0.0,100.0,True,False,False,google_play,,False,False,
2025-12,month,2025-12,2025-12,google_play,sleep_alarm_ui,3,70,4.286,0.0,100.0,True,False,False,google_play,,False,False,
2025-12,month,2025-12,2025-12,google_play,sleep_satisfaction,7,70,10.0,100.0,0.0,True,False,False,google_play,,False,False,
2025-12,month,2025-12,2025-12,google_play,strap_clasp_durability,0,70,0.0,,,True,False,False,google_play,,False,False,
2025-12,month,2025-12,2025-12,google_play,support_resolution_quality,3,70,4.286,0.0,100.0,True,False,False,google_play,,False,False,
2025-12,month,2025-12,2025-12,google_play,support_responsiveness,0,70,0.0,,,True,False,False,google_play,,False,False,
2025-12,month,2025-12,2025-12,google_play,support_satisfaction,0,70,0.0,,,True,False,False,google_play,,False,False,
2025-12,month,2025-12,2025-12,google_play,third_party_integration,2,70,2.857,0.0,100.0,True,False,False,google_play,,False,False,
2025-12,month,2025-12,2025-12,google_play,update_failures,2,70,2.857,0.0,100.0,True,False,False,google_play,,False,False,
2025-12,month,2025-12,2025-12,google_play,upsell_pressure,4,70,5.714,0.0,75.0,True,False,False,google_play,,False,False,
2026-01,month,2026-01,2026-01,google_play,ai_coach,5,104,4.808,40.0,20.0,True,False,False,google_play,,False,False,
2026-01,month,2026-01,2026-01,google_play,app_stability,10,104,9.615,0.0,90.0,True,False,False,google_play,,False,False,
2026-01,month,2026-01,2026-01,google_play,customer_support,6,104,5.769,16.7,66.7,True,False,False,google_play,,False,False,
2026-01,month,2026-01,2026-01,google_play,data_accuracy,11,104,10.577,36.4,36.4,True,False,False,google_play,,False,False,
2026-01,month,2026-01,2026-01,google_play,feature_requests,9,104,8.654,22.2,33.3,True,False,False,google_play,,False,False,
2026-01,month,2026-01,2026-01,google_play,hardware_wearability,1,104,0.962,100.0,0.0,True,False,False,google_play,,False,False,
2026-01,month,2026-01,2026-01,google_play,health_signal_reliability,2,104,1.923,0.0,100.0,True,False,False,google_play,,False,False,
2026-01,month,2026-01,2026-01,google_play,localization,0,104,0.0,,,True,False,False,google_play,,False,False,
2026-01,month,2026-01,2026-01,google_play,platform_parity,1,104,0.962,0.0,100.0,True,False,False,google_play,,False,False,
2026-01,month,2026-01,2026-01,google_play,pricing_billing,18,104,17.308,11.1,83.3,True,False,False,google_play,,False,False,
2026-01,month,2026-01,2026-01,google_play,sleep_tracking,12,104,11.538,50.0,33.3,True,False,False,google_play,,False,False,
2026-01,month,2026-01,2026-01,google_play,sync_connectivity,5,104,4.808,20.0,40.0,True,False,False,google_play,,False,False,
2026-01,month,2026-01,2026-01,google_play,ui_ux,17,104,16.346,17.6,64.7,True,False,False,google_play,,False,False,
2026-01,month,2026-01,2026-01,google_play,activity_detection,4,104,3.846,25.0,25.0,True,False,False,google_play,,False,False,
2026-01,month,2026-01,2026-01,google_play,ai_autonomy,3,104,2.885,33.3,33.3,True,False,False,google_play,,False,False,
2026-01,month,2026-01,2026-01,google_play,ai_only_support_channel,1,104,0.962,0.0,100.0,True,False,False,google_play,,False,False,
2026-01,month,2026-01,2026-01,google_play,ai_positive_reception,1,104,0.962,100.0,0.0,True,False,False,google_play,,False,False,
2026-01,month,2026-01,2026-01,google_play,ai_reliability_bugs,1,104,0.962,0.0,0.0,True,False,False,google_play,,False,False,
2026-01,month,2026-01,2026-01,google_play,android_feature_gaps,0,104,0.0,,,True,False,False,google_play,,False,False,
2026-01,month,2026-01,2026-01,google_play,android_specific_bugs,1,104,0.962,0.0,100.0,True,False,False,google_play,,False,False,
2026-01,month,2026-01,2026-01,google_play,battery_life,1,104,0.962,100.0,0.0,True,False,False,google_play,,False,False,
2026-01,month,2026-01,2026-01,google_play,billing_disputes,4,104,3.846,0.0,100.0,True,False,False,google_play,,False,False,
2026-01,month,2026-01,2026-01,google_play,build_quality_perception,0,104,0.0,,,True,False,False,google_play,,False,False,
2026-01,month,2026-01,2026-01,google_play,cardiac_detection_trust,0,104,0.0,,,True,False,False,google_play,,False,False,
2026-01,month,2026-01,2026-01,google_play,comfort_fit,0,104,0.0,,,True,False,False,google_play,,False,False,
2026-01,month,2026-01,2026-01,google_play,crashes_freezes,10,104,9.615,0.0,90.0,True,False,False,google_play,,False,False,
2026-01,month,2026-01,2026-01,google_play,data_sync_delays,2,104,1.923,0.0,50.0,True,False,False,google_play,,False,False,
2026-01,month,2026-01,2026-01,google_play,device_rendering_bugs,1,104,0.962,100.0,0.0,True,False,False,google_play,,False,False,
2026-01,month,2026-01,2026-01,google_play,ecg_bp_feature_reliability,2,104,1.923,0.0,100.0,True,False,False,google_play,,False,False,
2026-01,month,2026-01,2026-01,google_play,english_jargon_complexity,0,104,0.0,,,True,False,False,google_play,,False,False,
2026-01,month,2026-01,2026-01,google_play,feature_ui_friction,8,104,7.692,12.5,50.0,True,False,False,google_play,,False,False,
2026-01,month,2026-01,2026-01,google_play,metric_accuracy,7,104,6.731,42.9,42.9,True,False,False,google_play,,False,False,
2026-01,month,2026-01,2026-01,google_play,missing_activity_types,2,104,1.923,0.0,50.0,True,False,False,google_play,,False,False,
2026-01,month,2026-01,2026-01,google_play,missing_language_support,0,104,0.0,,,True,False,False,google_play,,False,False,
2026-01,month,2026-01,2026-01,google_play,missing_metrics,2,104,1.923,50.0,0.0,True,False,False,google_play,,False,False,
2026-01,month,2026-01,2026-01,google_play,notification_community_issues,5,104,4.808,20.0,80.0,True,False,False,google_play,,False,False,
2026-01,month,2026-01,2026-01,google_play,onboarding_pairing,0,104,0.0,,,True,False,False,google_play,,False,False,
2026-01,month,2026-01,2026-01,google_play,ongoing_disconnects,3,104,2.885,33.3,33.3,True,False,False,google_play,,False,False,
2026-01,month,2026-01,2026-01,google_play,personalization_use_case_fit,3,104,2.885,0.0,0.0,True,False,False,google_play,,False,False,
2026-01,month,2026-01,2026-01,google_play,plan_trial_structure,2,104,1.923,0.0,100.0,True,False,False,google_play,,False,False,
2026-01,month,2026-01,2026-01,google_play,price_value_perception,12,104,11.538,16.7,75.0,True,False,False,google_play,,False,False,
2026-01,month,2026-01,2026-01,google_play,redesign_regression,3,104,2.885,0.0,100.0,True,False,False,google_play,,False,False,
2026-01,month,2026-01,2026-01,google_play,sleep_accuracy,6,104,5.769,16.7,66.7,True,False,False,google_play,,False,False,
2026-01,month,2026-01,2026-01,google_play,sleep_alarm_ui,0,104,0.0,,,True,False,False,google_play,,False,False,
2026-01,month,2026-01,2026-01,google_play,sleep_satisfaction,6,104,5.769,83.3,0.0,True,False,False,google_play,,False,False,
2026-01,month,2026-01,2026-01,google_play,strap_clasp_durability,0,104,0.0,,,True,False,False,google_play,,False,False,
2026-01,month,2026-01,2026-01,google_play,support_resolution_quality,2,104,1.923,0.0,50.0,True,False,False,google_play,,False,False,
2026-01,month,2026-01,2026-01,google_play,support_responsiveness,3,104,2.885,0.0,100.0,True,False,False,google_play,,False,False,
2026-01,month,2026-01,2026-01,google_play,support_satisfaction,1,104,0.962,100.0,0.0,True,False,False,google_play,,False,False,
2026-01,month,2026-01,2026-01,google_play,third_party_integration,3,104,2.885,33.3,66.7,True,False,False,google_play,,False,False,
2026-01,month,2026-01,2026-01,google_play,update_failures,2,104,1.923,0.0,100.0,True,False,False,google_play,,False,False,
2026-01,month,2026-01,2026-01,google_play,upsell_pressure,4,104,3.846,0.0,100.0,True,False,False,google_play,,False,False,
2026-02,month,2026-02,2026-02,google_play,ai_coach,5,57,8.772,20.0,80.0,True,False,False,google_play,,False,False,
2026-02,month,2026-02,2026-02,google_play,app_stability,9,57,15.789,0.0,88.9,True,False,False,google_play,,False,False,
2026-02,month,2026-02,2026-02,google_play,customer_support,4,57,7.018,25.0,75.0,True,False,False,google_play,,False,False,
2026-02,month,2026-02,2026-02,google_play,data_accuracy,3,57,5.263,33.3,66.7,True,False,False,google_play,,False,False,
2026-02,month,2026-02,2026-02,google_play,feature_requests,3,57,5.263,0.0,66.7,True,False,False,google_play,,False,False,
2026-02,month,2026-02,2026-02,google_play,hardware_wearability,5,57,8.772,60.0,40.0,True,False,False,google_play,,False,False,
2026-02,month,2026-02,2026-02,google_play,health_signal_reliability,4,57,7.018,0.0,100.0,True,False,False,google_play,,False,False,
2026-02,month,2026-02,2026-02,google_play,localization,2,57,3.509,50.0,50.0,True,False,False,google_play,,False,False,
2026-02,month,2026-02,2026-02,google_play,platform_parity,2,57,3.509,100.0,0.0,True,False,False,google_play,,False,False,
2026-02,month,2026-02,2026-02,google_play,pricing_billing,5,57,8.772,0.0,80.0,True,False,False,google_play,,False,False,
2026-02,month,2026-02,2026-02,google_play,sleep_tracking,3,57,5.263,33.3,33.3,True,False,False,google_play,,False,False,
2026-02,month,2026-02,2026-02,google_play,sync_connectivity,3,57,5.263,0.0,100.0,True,False,False,google_play,,False,False,
2026-02,month,2026-02,2026-02,google_play,ui_ux,7,57,12.281,42.9,42.9,True,False,False,google_play,,False,False,
2026-02,month,2026-02,2026-02,google_play,activity_detection,0,57,0.0,,,True,False,False,google_play,,False,False,
2026-02,month,2026-02,2026-02,google_play,ai_autonomy,2,57,3.509,0.0,100.0,True,False,False,google_play,,False,False,
2026-02,month,2026-02,2026-02,google_play,ai_only_support_channel,2,57,3.509,0.0,100.0,True,False,False,google_play,,False,False,
2026-02,month,2026-02,2026-02,google_play,ai_positive_reception,2,57,3.509,50.0,50.0,True,False,False,google_play,,False,False,
2026-02,month,2026-02,2026-02,google_play,ai_reliability_bugs,1,57,1.754,0.0,100.0,True,False,False,google_play,,False,False,
2026-02,month,2026-02,2026-02,google_play,android_feature_gaps,2,57,3.509,100.0,0.0,True,False,False,google_play,,False,False,
2026-02,month,2026-02,2026-02,google_play,android_specific_bugs,0,57,0.0,,,True,False,False,google_play,,False,False,
2026-02,month,2026-02,2026-02,google_play,battery_life,2,57,3.509,50.0,50.0,True,False,False,google_play,,False,False,
2026-02,month,2026-02,2026-02,google_play,billing_disputes,3,57,5.263,0.0,66.7,True,False,False,google_play,,False,False,
2026-02,month,2026-02,2026-02,google_play,build_quality_perception,1,57,1.754,0.0,100.0,True,False,False,google_play,,False,False,
2026-02,month,2026-02,2026-02,google_play,cardiac_detection_trust,0,57,0.0,,,True,False,False,google_play,,False,False,
2026-02,month,2026-02,2026-02,google_play,comfort_fit,3,57,5.263,66.7,33.3,True,False,False,google_play,,False,False,
2026-02,month,2026-02,2026-02,google_play,crashes_freezes,8,57,14.035,0.0,87.5,True,False,False,google_play,,False,False,
2026-02,month,2026-02,2026-02,google_play,data_sync_delays,2,57,3.509,0.0,100.0,True,False,False,google_play,,False,False,
2026-02,month,2026-02,2026-02,google_play,device_rendering_bugs,0,57,0.0,,,True,False,False,google_play,,False,False,
2026-02,month,2026-02,2026-02,google_play,ecg_bp_feature_reliability,4,57,7.018,0.0,100.0,True,False,False,google_play,,False,False,
2026-02,month,2026-02,2026-02,google_play,english_jargon_complexity,0,57,0.0,,,True,False,False,google_play,,False,False,
2026-02,month,2026-02,2026-02,google_play,feature_ui_friction,5,57,8.772,60.0,20.0,True,False,False,google_play,,False,False,
2026-02,month,2026-02,2026-02,google_play,metric_accuracy,3,57,5.263,33.3,66.7,True,False,False,google_play,,False,False,
2026-02,month,2026-02,2026-02,google_play,missing_activity_types,0,57,0.0,,,True,False,False,google_play,,False,False,
2026-02,month,2026-02,2026-02,google_play,missing_language_support,2,57,3.509,50.0,50.0,True,False,False,google_play,,False,False,
2026-02,month,2026-02,2026-02,google_play,missing_metrics,1,57,1.754,0.0,0.0,True,False,False,google_play,,False,False,
2026-02,month,2026-02,2026-02,google_play,notification_community_issues,3,57,5.263,33.3,66.7,True,False,False,google_play,,False,False,
2026-02,month,2026-02,2026-02,google_play,onboarding_pairing,0,57,0.0,,,True,False,False,google_play,,False,False,
2026-02,month,2026-02,2026-02,google_play,ongoing_disconnects,1,57,1.754,0.0,100.0,True,False,False,google_play,,False,False,
2026-02,month,2026-02,2026-02,google_play,personalization_use_case_fit,1,57,1.754,0.0,100.0,True,False,False,google_play,,False,False,
2026-02,month,2026-02,2026-02,google_play,plan_trial_structure,1,57,1.754,0.0,0.0,True,False,False,google_play,,False,False,
2026-02,month,2026-02,2026-02,google_play,price_value_perception,4,57,7.018,0.0,100.0,True,False,False,google_play,,False,False,
2026-02,month,2026-02,2026-02,google_play,redesign_regression,1,57,1.754,0.0,100.0,True,False,False,google_play,,False,False,
2026-02,month,2026-02,2026-02,google_play,sleep_accuracy,2,57,3.509,0.0,50.0,True,False,False,google_play,,False,False,
2026-02,month,2026-02,2026-02,google_play,sleep_alarm_ui,0,57,0.0,,,True,False,False,google_play,,False,False,
2026-02,month,2026-02,2026-02,google_play,sleep_satisfaction,1,57,1.754,100.0,0.0,True,False,False,google_play,,False,False,
2026-02,month,2026-02,2026-02,google_play,strap_clasp_durability,0,57,0.0,,,True,False,False,google_play,,False,False,
2026-02,month,2026-02,2026-02,google_play,support_resolution_quality,1,57,1.754,0.0,100.0,True,False,False,google_play,,False,False,
2026-02,month,2026-02,2026-02,google_play,support_responsiveness,1,57,1.754,0.0,100.0,True,False,False,google_play,,False,False,
2026-02,month,2026-02,2026-02,google_play,support_satisfaction,1,57,1.754,100.0,0.0,True,False,False,google_play,,False,False,
2026-02,month,2026-02,2026-02,google_play,third_party_integration,1,57,1.754,0.0,100.0,True,False,False,google_play,,False,False,
2026-02,month,2026-02,2026-02,google_play,update_failures,2,57,3.509,0.0,100.0,True,False,False,google_play,,False,False,
2026-02,month,2026-02,2026-02,google_play,upsell_pressure,0,57,0.0,,,True,False,False,google_play,,False,False,
2026-03,month,2026-03,2026-03,google_play,ai_coach,5,89,5.618,60.0,40.0,True,False,False,google_play,,False,False,
2026-03,month,2026-03,2026-03,google_play,app_stability,16,89,17.978,12.5,62.5,True,False,False,google_play,,False,False,
2026-03,month,2026-03,2026-03,google_play,customer_support,12,89,13.483,8.3,83.3,True,False,False,google_play,,False,False,
2026-03,month,2026-03,2026-03,google_play,data_accuracy,12,89,13.483,8.3,83.3,True,False,False,google_play,,False,False,
2026-03,month,2026-03,2026-03,google_play,feature_requests,6,89,6.742,100.0,0.0,True,False,False,google_play,,False,False,
2026-03,month,2026-03,2026-03,google_play,hardware_wearability,4,89,4.494,0.0,75.0,True,False,False,google_play,,False,False,
2026-03,month,2026-03,2026-03,google_play,health_signal_reliability,0,89,0.0,,,True,False,False,google_play,,False,False,
2026-03,month,2026-03,2026-03,google_play,localization,0,89,0.0,,,True,False,False,google_play,,False,False,
2026-03,month,2026-03,2026-03,google_play,platform_parity,4,89,4.494,25.0,75.0,True,False,False,google_play,,False,False,
2026-03,month,2026-03,2026-03,google_play,pricing_billing,20,89,22.472,10.0,80.0,True,False,False,google_play,,False,False,
2026-03,month,2026-03,2026-03,google_play,sleep_tracking,10,89,11.236,80.0,20.0,True,False,False,google_play,,False,False,
2026-03,month,2026-03,2026-03,google_play,sync_connectivity,5,89,5.618,20.0,80.0,True,False,False,google_play,,False,False,
2026-03,month,2026-03,2026-03,google_play,ui_ux,13,89,14.607,15.4,61.5,True,False,False,google_play,,False,False,
2026-03,month,2026-03,2026-03,google_play,activity_detection,5,89,5.618,0.0,80.0,True,False,False,google_play,,False,False,
2026-03,month,2026-03,2026-03,google_play,ai_autonomy,1,89,1.124,0.0,100.0,True,False,False,google_play,,False,False,
2026-03,month,2026-03,2026-03,google_play,ai_only_support_channel,1,89,1.124,0.0,100.0,True,False,False,google_play,,False,False,
2026-03,month,2026-03,2026-03,google_play,ai_positive_reception,1,89,1.124,100.0,0.0,True,False,False,google_play,,False,False,
2026-03,month,2026-03,2026-03,google_play,ai_reliability_bugs,3,89,3.371,66.7,33.3,True,False,False,google_play,,False,False,
2026-03,month,2026-03,2026-03,google_play,android_feature_gaps,1,89,1.124,0.0,100.0,True,False,False,google_play,,False,False,
2026-03,month,2026-03,2026-03,google_play,android_specific_bugs,4,89,4.494,25.0,75.0,True,False,False,google_play,,False,False,
2026-03,month,2026-03,2026-03,google_play,battery_life,1,89,1.124,0.0,0.0,True,False,False,google_play,,False,False,
2026-03,month,2026-03,2026-03,google_play,billing_disputes,8,89,8.989,12.5,87.5,True,False,False,google_play,,False,False,
2026-03,month,2026-03,2026-03,google_play,build_quality_perception,2,89,2.247,0.0,100.0,True,False,False,google_play,,False,False,
2026-03,month,2026-03,2026-03,google_play,cardiac_detection_trust,0,89,0.0,,,True,False,False,google_play,,False,False,
2026-03,month,2026-03,2026-03,google_play,comfort_fit,1,89,1.124,0.0,100.0,True,False,False,google_play,,False,False,
2026-03,month,2026-03,2026-03,google_play,crashes_freezes,16,89,17.978,12.5,62.5,True,False,False,google_play,,False,False,
2026-03,month,2026-03,2026-03,google_play,data_sync_delays,3,89,3.371,0.0,100.0,True,False,False,google_play,,False,False,
2026-03,month,2026-03,2026-03,google_play,device_rendering_bugs,1,89,1.124,0.0,100.0,True,False,False,google_play,,False,False,
2026-03,month,2026-03,2026-03,google_play,ecg_bp_feature_reliability,0,89,0.0,,,True,False,False,google_play,,False,False,
2026-03,month,2026-03,2026-03,google_play,english_jargon_complexity,0,89,0.0,,,True,False,False,google_play,,False,False,
2026-03,month,2026-03,2026-03,google_play,feature_ui_friction,3,89,3.371,33.3,33.3,True,False,False,google_play,,False,False,
2026-03,month,2026-03,2026-03,google_play,metric_accuracy,7,89,7.865,14.3,85.7,True,False,False,google_play,,False,False,
2026-03,month,2026-03,2026-03,google_play,missing_activity_types,1,89,1.124,100.0,0.0,True,False,False,google_play,,False,False,
2026-03,month,2026-03,2026-03,google_play,missing_language_support,0,89,0.0,,,True,False,False,google_play,,False,False,
2026-03,month,2026-03,2026-03,google_play,missing_metrics,1,89,1.124,100.0,0.0,True,False,False,google_play,,False,False,
2026-03,month,2026-03,2026-03,google_play,notification_community_issues,7,89,7.865,14.3,57.1,True,False,False,google_play,,False,False,
2026-03,month,2026-03,2026-03,google_play,onboarding_pairing,1,89,1.124,100.0,0.0,True,False,False,google_play,,False,False,
2026-03,month,2026-03,2026-03,google_play,ongoing_disconnects,1,89,1.124,0.0,100.0,True,False,False,google_play,,False,False,
2026-03,month,2026-03,2026-03,google_play,personalization_use_case_fit,5,89,5.618,100.0,0.0,True,False,False,google_play,,False,False,
2026-03,month,2026-03,2026-03,google_play,plan_trial_structure,2,89,2.247,0.0,100.0,True,False,False,google_play,,False,False,
2026-03,month,2026-03,2026-03,google_play,price_value_perception,12,89,13.483,8.3,75.0,True,False,False,google_play,,False,False,
2026-03,month,2026-03,2026-03,google_play,redesign_regression,2,89,2.247,0.0,100.0,True,False,False,google_play,,False,False,
2026-03,month,2026-03,2026-03,google_play,sleep_accuracy,2,89,2.247,0.0,100.0,True,False,False,google_play,,False,False,
2026-03,month,2026-03,2026-03,google_play,sleep_alarm_ui,2,89,2.247,100.0,0.0,True,False,False,google_play,,False,False,
2026-03,month,2026-03,2026-03,google_play,sleep_satisfaction,6,89,6.742,100.0,0.0,True,False,False,google_play,,False,False,
2026-03,month,2026-03,2026-03,google_play,strap_clasp_durability,0,89,0.0,,,True,False,False,google_play,,False,False,
2026-03,month,2026-03,2026-03,google_play,support_resolution_quality,7,89,7.865,0.0,100.0,True,False,False,google_play,,False,False,
2026-03,month,2026-03,2026-03,google_play,support_responsiveness,6,89,6.742,16.7,66.7,True,False,False,google_play,,False,False,
2026-03,month,2026-03,2026-03,google_play,support_satisfaction,0,89,0.0,,,True,False,False,google_play,,False,False,
2026-03,month,2026-03,2026-03,google_play,third_party_integration,1,89,1.124,100.0,0.0,True,False,False,google_play,,False,False,
2026-03,month,2026-03,2026-03,google_play,update_failures,3,89,3.371,33.3,33.3,True,False,False,google_play,,False,False,
2026-03,month,2026-03,2026-03,google_play,upsell_pressure,2,89,2.247,0.0,100.0,True,False,False,google_play,,False,False,
2026-04,month,2026-04,2026-04,google_play,ai_coach,5,73,6.849,80.0,20.0,True,False,False,google_play,,False,False,
2026-04,month,2026-04,2026-04,google_play,app_stability,4,73,5.479,0.0,100.0,True,False,False,google_play,,False,False,
2026-04,month,2026-04,2026-04,google_play,customer_support,2,73,2.74,50.0,50.0,True,False,False,google_play,,False,False,
2026-04,month,2026-04,2026-04,google_play,data_accuracy,12,73,16.438,8.3,83.3,True,False,False,google_play,,False,False,
2026-04,month,2026-04,2026-04,google_play,feature_requests,11,73,15.068,36.4,63.6,True,False,False,google_play,,False,False,
2026-04,month,2026-04,2026-04,google_play,hardware_wearability,3,73,4.11,100.0,0.0,True,False,False,google_play,,False,False,
2026-04,month,2026-04,2026-04,google_play,health_signal_reliability,0,73,0.0,,,True,False,False,google_play,,False,False,
2026-04,month,2026-04,2026-04,google_play,localization,1,73,1.37,0.0,100.0,True,False,False,google_play,,False,False,
2026-04,month,2026-04,2026-04,google_play,platform_parity,2,73,2.74,0.0,100.0,True,False,False,google_play,,False,False,
2026-04,month,2026-04,2026-04,google_play,pricing_billing,16,73,21.918,6.2,93.8,True,False,False,google_play,,False,False,
2026-04,month,2026-04,2026-04,google_play,sleep_tracking,17,73,23.288,52.9,47.1,True,False,False,google_play,,False,False,
2026-04,month,2026-04,2026-04,google_play,sync_connectivity,6,73,8.219,0.0,100.0,True,False,False,google_play,,False,False,
2026-04,month,2026-04,2026-04,google_play,ui_ux,12,73,16.438,33.3,50.0,True,False,False,google_play,,False,False,
2026-04,month,2026-04,2026-04,google_play,activity_detection,5,73,6.849,0.0,100.0,True,False,False,google_play,,False,False,
2026-04,month,2026-04,2026-04,google_play,ai_autonomy,0,73,0.0,,,True,False,False,google_play,,False,False,
2026-04,month,2026-04,2026-04,google_play,ai_only_support_channel,0,73,0.0,,,True,False,False,google_play,,False,False,
2026-04,month,2026-04,2026-04,google_play,ai_positive_reception,5,73,6.849,80.0,20.0,True,False,False,google_play,,False,False,
2026-04,month,2026-04,2026-04,google_play,ai_reliability_bugs,0,73,0.0,,,True,False,False,google_play,,False,False,
2026-04,month,2026-04,2026-04,google_play,android_feature_gaps,0,73,0.0,,,True,False,False,google_play,,False,False,
2026-04,month,2026-04,2026-04,google_play,android_specific_bugs,2,73,2.74,0.0,100.0,True,False,False,google_play,,False,False,
2026-04,month,2026-04,2026-04,google_play,battery_life,1,73,1.37,100.0,0.0,True,False,False,google_play,,False,False,
2026-04,month,2026-04,2026-04,google_play,billing_disputes,4,73,5.479,0.0,100.0,True,False,False,google_play,,False,False,
2026-04,month,2026-04,2026-04,google_play,build_quality_perception,1,73,1.37,100.0,0.0,True,False,False,google_play,,False,False,
2026-04,month,2026-04,2026-04,google_play,cardiac_detection_trust,0,73,0.0,,,True,False,False,google_play,,False,False,
2026-04,month,2026-04,2026-04,google_play,comfort_fit,1,73,1.37,100.0,0.0,True,False,False,google_play,,False,False,
2026-04,month,2026-04,2026-04,google_play,crashes_freezes,3,73,4.11,0.0,100.0,True,False,False,google_play,,False,False,
2026-04,month,2026-04,2026-04,google_play,data_sync_delays,4,73,5.479,0.0,100.0,True,False,False,google_play,,False,False,
2026-04,month,2026-04,2026-04,google_play,device_rendering_bugs,0,73,0.0,,,True,False,False,google_play,,False,False,
2026-04,month,2026-04,2026-04,google_play,ecg_bp_feature_reliability,0,73,0.0,,,True,False,False,google_play,,False,False,
2026-04,month,2026-04,2026-04,google_play,english_jargon_complexity,0,73,0.0,,,True,False,False,google_play,,False,False,
2026-04,month,2026-04,2026-04,google_play,feature_ui_friction,4,73,5.479,50.0,25.0,True,False,False,google_play,,False,False,
2026-04,month,2026-04,2026-04,google_play,metric_accuracy,10,73,13.699,10.0,80.0,True,False,False,google_play,,False,False,
2026-04,month,2026-04,2026-04,google_play,missing_activity_types,3,73,4.11,33.3,66.7,True,False,False,google_play,,False,False,
2026-04,month,2026-04,2026-04,google_play,missing_language_support,1,73,1.37,0.0,100.0,True,False,False,google_play,,False,False,
2026-04,month,2026-04,2026-04,google_play,missing_metrics,4,73,5.479,25.0,75.0,True,False,False,google_play,,False,False,
2026-04,month,2026-04,2026-04,google_play,notification_community_issues,6,73,8.219,33.3,50.0,True,False,False,google_play,,False,False,
2026-04,month,2026-04,2026-04,google_play,onboarding_pairing,0,73,0.0,,,True,False,False,google_play,,False,False,
2026-04,month,2026-04,2026-04,google_play,ongoing_disconnects,2,73,2.74,0.0,100.0,True,False,False,google_play,,False,False,
2026-04,month,2026-04,2026-04,google_play,personalization_use_case_fit,5,73,6.849,40.0,60.0,True,False,False,google_play,,False,False,
2026-04,month,2026-04,2026-04,google_play,plan_trial_structure,2,73,2.74,0.0,100.0,True,False,False,google_play,,False,False,
2026-04,month,2026-04,2026-04,google_play,price_value_perception,11,73,15.068,9.1,90.9,True,False,False,google_play,,False,False,
2026-04,month,2026-04,2026-04,google_play,redesign_regression,3,73,4.11,0.0,100.0,True,False,False,google_play,,False,False,
2026-04,month,2026-04,2026-04,google_play,sleep_accuracy,8,73,10.959,0.0,100.0,True,False,False,google_play,,False,False,
2026-04,month,2026-04,2026-04,google_play,sleep_alarm_ui,0,73,0.0,,,True,False,False,google_play,,False,False,
2026-04,month,2026-04,2026-04,google_play,sleep_satisfaction,9,73,12.329,100.0,0.0,True,False,False,google_play,,False,False,
2026-04,month,2026-04,2026-04,google_play,strap_clasp_durability,0,73,0.0,,,True,False,False,google_play,,False,False,
2026-04,month,2026-04,2026-04,google_play,support_resolution_quality,0,73,0.0,,,True,False,False,google_play,,False,False,
2026-04,month,2026-04,2026-04,google_play,support_responsiveness,2,73,2.74,50.0,50.0,True,False,False,google_play,,False,False,
2026-04,month,2026-04,2026-04,google_play,support_satisfaction,0,73,0.0,,,True,False,False,google_play,,False,False,
2026-04,month,2026-04,2026-04,google_play,third_party_integration,3,73,4.11,33.3,66.7,True,False,False,google_play,,False,False,
2026-04,month,2026-04,2026-04,google_play,update_failures,1,73,1.37,0.0,100.0,True,False,False,google_play,,False,False,
2026-04,month,2026-04,2026-04,google_play,upsell_pressure,1,73,1.37,0.0,100.0,True,False,False,google_play,,False,False,
2026-05,month,2026-05,2026-05,google_play,ai_coach,9,90,10.0,66.7,11.1,True,False,False,google_play,,False,False,
2026-05,month,2026-05,2026-05,google_play,app_stability,7,90,7.778,14.3,57.1,True,False,False,google_play,,False,False,
2026-05,month,2026-05,2026-05,google_play,customer_support,11,90,12.222,9.1,81.8,True,False,False,google_play,,False,False,
2026-05,month,2026-05,2026-05,google_play,data_accuracy,11,90,12.222,0.0,81.8,True,False,False,google_play,,False,False,
2026-05,month,2026-05,2026-05,google_play,feature_requests,8,90,8.889,50.0,25.0,True,False,False,google_play,,False,False,
2026-05,month,2026-05,2026-05,google_play,hardware_wearability,4,90,4.444,0.0,100.0,True,False,False,google_play,,False,False,
2026-05,month,2026-05,2026-05,google_play,health_signal_reliability,1,90,1.111,0.0,100.0,True,False,False,google_play,,False,False,
2026-05,month,2026-05,2026-05,google_play,localization,0,90,0.0,,,True,False,False,google_play,,False,False,
2026-05,month,2026-05,2026-05,google_play,platform_parity,2,90,2.222,0.0,100.0,True,False,False,google_play,,False,False,
2026-05,month,2026-05,2026-05,google_play,pricing_billing,18,90,20.0,5.6,94.4,True,False,False,google_play,,False,False,
2026-05,month,2026-05,2026-05,google_play,sleep_tracking,7,90,7.778,71.4,28.6,True,False,False,google_play,,False,False,
2026-05,month,2026-05,2026-05,google_play,sync_connectivity,8,90,8.889,25.0,75.0,True,False,False,google_play,,False,False,
2026-05,month,2026-05,2026-05,google_play,ui_ux,12,90,13.333,50.0,33.3,True,False,False,google_play,,False,False,
2026-05,month,2026-05,2026-05,google_play,activity_detection,2,90,2.222,0.0,100.0,True,False,False,google_play,,False,False,
2026-05,month,2026-05,2026-05,google_play,ai_autonomy,1,90,1.111,0.0,0.0,True,False,False,google_play,,False,False,
2026-05,month,2026-05,2026-05,google_play,ai_only_support_channel,2,90,2.222,0.0,100.0,True,False,False,google_play,,False,False,
2026-05,month,2026-05,2026-05,google_play,ai_positive_reception,6,90,6.667,100.0,0.0,True,False,False,google_play,,False,False,
2026-05,month,2026-05,2026-05,google_play,ai_reliability_bugs,2,90,2.222,0.0,50.0,True,False,False,google_play,,False,False,
2026-05,month,2026-05,2026-05,google_play,android_feature_gaps,0,90,0.0,,,True,False,False,google_play,,False,False,
2026-05,month,2026-05,2026-05,google_play,android_specific_bugs,2,90,2.222,0.0,100.0,True,False,False,google_play,,False,False,
2026-05,month,2026-05,2026-05,google_play,battery_life,0,90,0.0,,,True,False,False,google_play,,False,False,
2026-05,month,2026-05,2026-05,google_play,billing_disputes,4,90,4.444,0.0,100.0,True,False,False,google_play,,False,False,
2026-05,month,2026-05,2026-05,google_play,build_quality_perception,1,90,1.111,0.0,100.0,True,False,False,google_play,,False,False,
2026-05,month,2026-05,2026-05,google_play,cardiac_detection_trust,0,90,0.0,,,True,False,False,google_play,,False,False,
2026-05,month,2026-05,2026-05,google_play,comfort_fit,1,90,1.111,0.0,100.0,True,False,False,google_play,,False,False,
2026-05,month,2026-05,2026-05,google_play,crashes_freezes,7,90,7.778,14.3,57.1,True,False,False,google_play,,False,False,
2026-05,month,2026-05,2026-05,google_play,data_sync_delays,5,90,5.556,0.0,100.0,True,False,False,google_play,,False,False,
2026-05,month,2026-05,2026-05,google_play,device_rendering_bugs,1,90,1.111,100.0,0.0,True,False,False,google_play,,False,False,
2026-05,month,2026-05,2026-05,google_play,ecg_bp_feature_reliability,1,90,1.111,0.0,100.0,True,False,False,google_play,,False,False,
2026-05,month,2026-05,2026-05,google_play,english_jargon_complexity,0,90,0.0,,,True,False,False,google_play,,False,False,
2026-05,month,2026-05,2026-05,google_play,feature_ui_friction,6,90,6.667,50.0,50.0,True,False,False,google_play,,False,False,
2026-05,month,2026-05,2026-05,google_play,metric_accuracy,10,90,11.111,0.0,80.0,True,False,False,google_play,,False,False,
2026-05,month,2026-05,2026-05,google_play,missing_activity_types,2,90,2.222,50.0,0.0,True,False,False,google_play,,False,False,
2026-05,month,2026-05,2026-05,google_play,missing_language_support,0,90,0.0,,,True,False,False,google_play,,False,False,
2026-05,month,2026-05,2026-05,google_play,missing_metrics,4,90,4.444,25.0,50.0,True,False,False,google_play,,False,False,
2026-05,month,2026-05,2026-05,google_play,notification_community_issues,4,90,4.444,25.0,25.0,True,False,False,google_play,,False,False,
2026-05,month,2026-05,2026-05,google_play,onboarding_pairing,1,90,1.111,0.0,100.0,True,False,False,google_play,,False,False,
2026-05,month,2026-05,2026-05,google_play,ongoing_disconnects,2,90,2.222,100.0,0.0,True,False,False,google_play,,False,False,
2026-05,month,2026-05,2026-05,google_play,personalization_use_case_fit,3,90,3.333,66.7,0.0,True,False,False,google_play,,False,False,
2026-05,month,2026-05,2026-05,google_play,plan_trial_structure,2,90,2.222,0.0,100.0,True,False,False,google_play,,False,False,
2026-05,month,2026-05,2026-05,google_play,price_value_perception,16,90,17.778,6.2,93.8,True,False,False,google_play,,False,False,
2026-05,month,2026-05,2026-05,google_play,redesign_regression,3,90,3.333,66.7,33.3,True,False,False,google_play,,False,False,
2026-05,month,2026-05,2026-05,google_play,sleep_accuracy,1,90,1.111,0.0,100.0,True,False,False,google_play,,False,False,
2026-05,month,2026-05,2026-05,google_play,sleep_alarm_ui,1,90,1.111,100.0,0.0,True,False,False,google_play,,False,False,
2026-05,month,2026-05,2026-05,google_play,sleep_satisfaction,5,90,5.556,80.0,20.0,True,False,False,google_play,,False,False,
2026-05,month,2026-05,2026-05,google_play,strap_clasp_durability,2,90,2.222,0.0,100.0,True,False,False,google_play,,False,False,
2026-05,month,2026-05,2026-05,google_play,support_resolution_quality,8,90,8.889,0.0,87.5,True,False,False,google_play,,False,False,
2026-05,month,2026-05,2026-05,google_play,support_responsiveness,4,90,4.444,0.0,100.0,True,False,False,google_play,,False,False,
2026-05,month,2026-05,2026-05,google_play,support_satisfaction,1,90,1.111,100.0,0.0,True,False,False,google_play,,False,False,
2026-05,month,2026-05,2026-05,google_play,third_party_integration,0,90,0.0,,,True,False,False,google_play,,False,False,
2026-05,month,2026-05,2026-05,google_play,update_failures,0,90,0.0,,,True,False,False,google_play,,False,False,
2026-05,month,2026-05,2026-05,google_play,upsell_pressure,1,90,1.111,0.0,100.0,True,False,False,google_play,,False,False,
2026-06,month,2026-06,2026-06,google_play,ai_coach,6,74,8.108,66.7,33.3,True,False,True,google_play,6.274,True,False,spike
2026-06,month,2026-06,2026-06,google_play,app_stability,9,74,12.162,0.0,77.8,True,False,True,google_play,13.956,False,True,decline
2026-06,month,2026-06,2026-06,google_play,customer_support,8,74,10.811,0.0,100.0,True,False,True,google_play,9.987,False,False,stable
2026-06,month,2026-06,2026-06,google_play,data_accuracy,13,74,17.568,23.1,53.8,True,False,True,google_play,11.268,False,False,stable
2026-06,month,2026-06,2026-06,google_play,feature_requests,11,74,14.865,45.5,36.4,True,False,True,google_play,7.426,True,False,spike
2026-06,month,2026-06,2026-06,google_play,hardware_wearability,2,74,2.703,50.0,50.0,True,False,True,google_play,5.506,False,True,decline
2026-06,month,2026-06,2026-06,google_play,health_signal_reliability,0,74,0.0,,,True,False,True,google_play,1.536,False,False,insufficient_recent_occurrences
2026-06,month,2026-06,2026-06,google_play,localization,0,74,0.0,,,True,False,True,google_play,0.64,False,False,insufficient_recent_occurrences
2026-06,month,2026-06,2026-06,google_play,platform_parity,4,74,5.405,0.0,75.0,True,False,True,google_play,3.329,False,False,stable
2026-06,month,2026-06,2026-06,google_play,pricing_billing,26,74,35.135,30.8,61.5,True,False,True,google_play,24.2,False,False,stable
2026-06,month,2026-06,2026-06,google_play,sleep_tracking,9,74,12.162,22.2,77.8,True,False,True,google_play,11.908,False,False,stable
2026-06,month,2026-06,2026-06,google_play,sync_connectivity,5,74,6.757,20.0,60.0,True,False,True,google_play,10.371,False,True,decline
2026-06,month,2026-06,2026-06,google_play,ui_ux,13,74,17.568,23.1,46.2,True,False,True,google_play,16.133,False,False,stable
2026-06,month,2026-06,2026-06,google_play,activity_detection,3,74,4.054,33.3,66.7,True,False,True,google_play,3.585,False,False,stable
2026-06,month,2026-06,2026-06,google_play,ai_autonomy,1,74,1.351,0.0,100.0,True,False,True,google_play,1.024,True,False,spike
2026-06,month,2026-06,2026-06,google_play,ai_only_support_channel,1,74,1.351,0.0,100.0,True,False,True,google_play,2.433,False,False,insufficient_recent_occurrences
2026-06,month,2026-06,2026-06,google_play,ai_positive_reception,4,74,5.405,100.0,0.0,True,False,True,google_play,2.561,True,False,spike
2026-06,month,2026-06,2026-06,google_play,ai_reliability_bugs,2,74,2.703,0.0,100.0,True,False,True,google_play,2.689,True,False,spike
2026-06,month,2026-06,2026-06,google_play,android_feature_gaps,1,74,1.351,0.0,100.0,True,False,True,google_play,0.64,False,False,insufficient_recent_occurrences
2026-06,month,2026-06,2026-06,google_play,android_specific_bugs,3,74,4.054,0.0,66.7,True,False,True,google_play,3.073,False,False,insufficient_recent_occurrences
2026-06,month,2026-06,2026-06,google_play,battery_life,1,74,1.351,100.0,0.0,True,False,True,google_play,1.921,False,False,insufficient_recent_occurrences
2026-06,month,2026-06,2026-06,google_play,billing_disputes,7,74,9.459,0.0,100.0,True,False,True,google_play,7.939,False,False,stable
2026-06,month,2026-06,2026-06,google_play,build_quality_perception,0,74,0.0,,,True,False,True,google_play,2.049,False,False,insufficient_recent_occurrences
2026-06,month,2026-06,2026-06,google_play,cardiac_detection_trust,0,74,0.0,,,True,False,True,google_play,0.128,False,False,insufficient_recent_occurrences
2026-06,month,2026-06,2026-06,google_play,comfort_fit,0,74,0.0,,,True,False,True,google_play,1.408,False,False,insufficient_recent_occurrences
2026-06,month,2026-06,2026-06,google_play,crashes_freezes,6,74,8.108,0.0,66.7,True,False,True,google_play,11.652,False,True,decline
2026-06,month,2026-06,2026-06,google_play,data_sync_delays,4,74,5.405,0.0,75.0,True,False,True,google_play,5.762,False,True,decline
2026-06,month,2026-06,2026-06,google_play,device_rendering_bugs,0,74,0.0,,,True,False,True,google_play,2.305,False,False,insufficient_recent_occurrences
2026-06,month,2026-06,2026-06,google_play,ecg_bp_feature_reliability,0,74,0.0,,,True,False,True,google_play,1.536,False,False,insufficient_recent_occurrences
2026-06,month,2026-06,2026-06,google_play,english_jargon_complexity,0,74,0.0,,,True,False,True,google_play,0.0,False,False,insufficient_recent_occurrences
2026-06,month,2026-06,2026-06,google_play,feature_ui_friction,5,74,6.757,0.0,40.0,True,False,True,google_play,5.122,False,False,stable
2026-06,month,2026-06,2026-06,google_play,metric_accuracy,12,74,16.216,25.0,50.0,True,False,True,google_play,8.579,False,False,stable
2026-06,month,2026-06,2026-06,google_play,missing_activity_types,0,74,0.0,,,True,False,True,google_play,1.793,False,False,insufficient_recent_occurrences
2026-06,month,2026-06,2026-06,google_play,missing_language_support,0,74,0.0,,,True,False,True,google_play,0.64,False,False,insufficient_recent_occurrences
2026-06,month,2026-06,2026-06,google_play,missing_metrics,3,74,4.054,66.7,33.3,True,False,True,google_play,2.305,True,False,spike
2026-06,month,2026-06,2026-06,google_play,notification_community_issues,2,74,2.703,0.0,100.0,True,False,True,google_play,6.53,False,True,decline
2026-06,month,2026-06,2026-06,google_play,onboarding_pairing,0,74,0.0,,,True,False,True,google_play,0.256,False,False,insufficient_recent_occurrences
2026-06,month,2026-06,2026-06,google_play,ongoing_disconnects,1,74,1.351,100.0,0.0,True,False,True,google_play,4.609,False,True,decline
2026-06,month,2026-06,2026-06,google_play,personalization_use_case_fit,6,74,8.108,50.0,33.3,True,False,True,google_play,2.817,True,False,spike
2026-06,month,2026-06,2026-06,google_play,plan_trial_structure,3,74,4.054,33.3,66.7,True,False,True,google_play,2.689,False,False,insufficient_recent_occurrences
2026-06,month,2026-06,2026-06,google_play,price_value_perception,18,74,24.324,27.8,61.1,True,False,True,google_play,18.054,False,False,stable
2026-06,month,2026-06,2026-06,google_play,redesign_regression,7,74,9.459,42.9,42.9,True,False,True,google_play,3.585,True,False,spike
2026-06,month,2026-06,2026-06,google_play,sleep_accuracy,7,74,9.459,0.0,100.0,True,False,True,google_play,4.866,False,False,stable
2026-06,month,2026-06,2026-06,google_play,sleep_alarm_ui,0,74,0.0,,,True,False,True,google_play,1.408,False,False,insufficient_recent_occurrences
2026-06,month,2026-06,2026-06,google_play,sleep_satisfaction,2,74,2.703,100.0,0.0,True,False,True,google_play,5.762,False,False,stable
2026-06,month,2026-06,2026-06,google_play,strap_clasp_durability,1,74,1.351,0.0,100.0,True,False,True,google_play,0.512,False,False,insufficient_recent_occurrences
2026-06,month,2026-06,2026-06,google_play,support_resolution_quality,5,74,6.757,0.0,100.0,True,False,True,google_play,4.609,False,False,stable
2026-06,month,2026-06,2026-06,google_play,support_responsiveness,2,74,2.703,0.0,100.0,True,False,True,google_play,4.481,False,False,stable
2026-06,month,2026-06,2026-06,google_play,support_satisfaction,0,74,0.0,,,True,False,True,google_play,0.384,False,False,insufficient_recent_occurrences
2026-06,month,2026-06,2026-06,google_play,third_party_integration,4,74,5.405,50.0,25.0,True,False,True,google_play,1.921,False,False,stable
2026-06,month,2026-06,2026-06,google_play,update_failures,4,74,5.405,0.0,100.0,True,False,True,google_play,3.841,False,False,stable
2026-06,month,2026-06,2026-06,google_play,upsell_pressure,3,74,4.054,66.7,33.3,True,False,True,google_play,2.177,False,False,stable
2026-07,month,2026-07,2026-07,google_play,ai_coach,9,74,12.162,66.7,33.3,True,False,True,google_play,6.274,True,False,spike
2026-07,month,2026-07,2026-07,google_play,app_stability,4,74,5.405,0.0,100.0,True,False,True,google_play,13.956,False,True,decline
2026-07,month,2026-07,2026-07,google_play,customer_support,4,74,5.405,0.0,100.0,True,False,True,google_play,9.987,False,False,stable
2026-07,month,2026-07,2026-07,google_play,data_accuracy,5,74,6.757,20.0,60.0,True,False,True,google_play,11.268,False,False,stable
2026-07,month,2026-07,2026-07,google_play,feature_requests,15,74,20.27,46.7,40.0,True,False,True,google_play,7.426,True,False,spike
2026-07,month,2026-07,2026-07,google_play,hardware_wearability,1,74,1.351,0.0,100.0,True,False,True,google_play,5.506,False,True,decline
2026-07,month,2026-07,2026-07,google_play,health_signal_reliability,1,74,1.351,0.0,100.0,True,False,True,google_play,1.536,False,False,insufficient_recent_occurrences
2026-07,month,2026-07,2026-07,google_play,localization,3,74,4.054,66.7,33.3,True,False,True,google_play,0.64,False,False,insufficient_recent_occurrences
2026-07,month,2026-07,2026-07,google_play,platform_parity,3,74,4.054,66.7,33.3,True,False,True,google_play,3.329,False,False,stable
2026-07,month,2026-07,2026-07,google_play,pricing_billing,15,74,20.27,13.3,86.7,True,False,True,google_play,24.2,False,False,stable
2026-07,month,2026-07,2026-07,google_play,sleep_tracking,6,74,8.108,50.0,33.3,True,False,True,google_play,11.908,False,False,stable
2026-07,month,2026-07,2026-07,google_play,sync_connectivity,7,74,9.459,0.0,85.7,True,False,True,google_play,10.371,False,True,decline
2026-07,month,2026-07,2026-07,google_play,ui_ux,10,74,13.514,20.0,70.0,True,False,True,google_play,16.133,False,False,stable
2026-07,month,2026-07,2026-07,google_play,activity_detection,3,74,4.054,0.0,66.7,True,False,True,google_play,3.585,False,False,stable
2026-07,month,2026-07,2026-07,google_play,ai_autonomy,0,74,0.0,,,True,False,True,google_play,1.024,True,False,spike
2026-07,month,2026-07,2026-07,google_play,ai_only_support_channel,1,74,1.351,0.0,100.0,True,False,True,google_play,2.433,False,False,insufficient_recent_occurrences
2026-07,month,2026-07,2026-07,google_play,ai_positive_reception,5,74,6.757,100.0,0.0,True,False,True,google_play,2.561,True,False,spike
2026-07,month,2026-07,2026-07,google_play,ai_reliability_bugs,4,74,5.405,25.0,75.0,True,False,True,google_play,2.689,True,False,spike
2026-07,month,2026-07,2026-07,google_play,android_feature_gaps,2,74,2.703,100.0,0.0,True,False,True,google_play,0.64,False,False,insufficient_recent_occurrences
2026-07,month,2026-07,2026-07,google_play,android_specific_bugs,1,74,1.351,0.0,100.0,True,False,True,google_play,3.073,False,False,insufficient_recent_occurrences
2026-07,month,2026-07,2026-07,google_play,battery_life,0,74,0.0,,,True,False,True,google_play,1.921,False,False,insufficient_recent_occurrences
2026-07,month,2026-07,2026-07,google_play,billing_disputes,4,74,5.405,0.0,100.0,True,False,True,google_play,7.939,False,False,stable
2026-07,month,2026-07,2026-07,google_play,build_quality_perception,0,74,0.0,,,True,False,True,google_play,2.049,False,False,insufficient_recent_occurrences
2026-07,month,2026-07,2026-07,google_play,cardiac_detection_trust,0,74,0.0,,,True,False,True,google_play,0.128,False,False,insufficient_recent_occurrences
2026-07,month,2026-07,2026-07,google_play,comfort_fit,1,74,1.351,0.0,100.0,True,False,True,google_play,1.408,False,False,insufficient_recent_occurrences
2026-07,month,2026-07,2026-07,google_play,crashes_freezes,3,74,4.054,0.0,100.0,True,False,True,google_play,11.652,False,True,decline
2026-07,month,2026-07,2026-07,google_play,data_sync_delays,3,74,4.054,0.0,66.7,True,False,True,google_play,5.762,False,True,decline
2026-07,month,2026-07,2026-07,google_play,device_rendering_bugs,0,74,0.0,,,True,False,True,google_play,2.305,False,False,insufficient_recent_occurrences
2026-07,month,2026-07,2026-07,google_play,ecg_bp_feature_reliability,1,74,1.351,0.0,100.0,True,False,True,google_play,1.536,False,False,insufficient_recent_occurrences
2026-07,month,2026-07,2026-07,google_play,english_jargon_complexity,0,74,0.0,,,True,False,True,google_play,0.0,False,False,insufficient_recent_occurrences
2026-07,month,2026-07,2026-07,google_play,feature_ui_friction,5,74,6.757,20.0,60.0,True,False,True,google_play,5.122,False,False,stable
2026-07,month,2026-07,2026-07,google_play,metric_accuracy,3,74,4.054,33.3,66.7,True,False,True,google_play,8.579,False,False,stable
2026-07,month,2026-07,2026-07,google_play,missing_activity_types,3,74,4.054,33.3,33.3,True,False,True,google_play,1.793,False,False,insufficient_recent_occurrences
2026-07,month,2026-07,2026-07,google_play,missing_language_support,3,74,4.054,66.7,33.3,True,False,True,google_play,0.64,False,False,insufficient_recent_occurrences
2026-07,month,2026-07,2026-07,google_play,missing_metrics,3,74,4.054,66.7,33.3,True,False,True,google_play,2.305,True,False,spike
2026-07,month,2026-07,2026-07,google_play,notification_community_issues,2,74,2.703,50.0,50.0,True,False,True,google_play,6.53,False,True,decline
2026-07,month,2026-07,2026-07,google_play,onboarding_pairing,1,74,1.351,0.0,100.0,True,False,True,google_play,0.256,False,False,insufficient_recent_occurrences
2026-07,month,2026-07,2026-07,google_play,ongoing_disconnects,4,74,5.405,0.0,100.0,True,False,True,google_play,4.609,False,True,decline
2026-07,month,2026-07,2026-07,google_play,personalization_use_case_fit,9,74,12.162,44.4,44.4,True,False,True,google_play,2.817,True,False,spike
2026-07,month,2026-07,2026-07,google_play,plan_trial_structure,0,74,0.0,,,True,False,True,google_play,2.689,False,False,insufficient_recent_occurrences
2026-07,month,2026-07,2026-07,google_play,price_value_perception,11,74,14.865,18.2,81.8,True,False,True,google_play,18.054,False,False,stable
2026-07,month,2026-07,2026-07,google_play,redesign_regression,3,74,4.054,0.0,100.0,True,False,True,google_play,3.585,True,False,spike
2026-07,month,2026-07,2026-07,google_play,sleep_accuracy,3,74,4.054,0.0,66.7,True,False,True,google_play,4.866,False,False,stable
2026-07,month,2026-07,2026-07,google_play,sleep_alarm_ui,0,74,0.0,,,True,False,True,google_play,1.408,False,False,insufficient_recent_occurrences
2026-07,month,2026-07,2026-07,google_play,sleep_satisfaction,3,74,4.054,100.0,0.0,True,False,True,google_play,5.762,False,False,stable
2026-07,month,2026-07,2026-07,google_play,strap_clasp_durability,0,74,0.0,,,True,False,True,google_play,0.512,False,False,insufficient_recent_occurrences
2026-07,month,2026-07,2026-07,google_play,support_resolution_quality,2,74,2.703,0.0,100.0,True,False,True,google_play,4.609,False,False,stable
2026-07,month,2026-07,2026-07,google_play,support_responsiveness,3,74,4.054,0.0,100.0,True,False,True,google_play,4.481,False,False,stable
2026-07,month,2026-07,2026-07,google_play,support_satisfaction,0,74,0.0,,,True,False,True,google_play,0.384,False,False,insufficient_recent_occurrences
2026-07,month,2026-07,2026-07,google_play,third_party_integration,2,74,2.703,50.0,50.0,True,False,True,google_play,1.921,False,False,stable
2026-07,month,2026-07,2026-07,google_play,update_failures,1,74,1.351,0.0,100.0,True,False,True,google_play,3.841,False,False,stable
2026-07,month,2026-07,2026-07,google_play,upsell_pressure,3,74,4.054,0.0,100.0,True,False,True,google_play,2.177,False,False,stable
2026-08,month,2026-08,2026-08,google_play,ai_coach,14,65,21.538,21.4,64.3,True,False,True,google_play,6.274,True,False,spike
2026-08,month,2026-08,2026-08,google_play,app_stability,3,65,4.615,66.7,0.0,True,False,True,google_play,13.956,False,True,decline
2026-08,month,2026-08,2026-08,google_play,customer_support,6,65,9.231,33.3,66.7,True,False,True,google_play,9.987,False,False,stable
2026-08,month,2026-08,2026-08,google_play,data_accuracy,10,65,15.385,20.0,30.0,True,False,True,google_play,11.268,False,False,stable
2026-08,month,2026-08,2026-08,google_play,feature_requests,8,65,12.308,62.5,25.0,True,False,True,google_play,7.426,True,False,spike
2026-08,month,2026-08,2026-08,google_play,hardware_wearability,4,65,6.154,50.0,25.0,True,False,True,google_play,5.506,False,True,decline
2026-08,month,2026-08,2026-08,google_play,health_signal_reliability,0,65,0.0,,,True,False,True,google_play,1.536,False,False,insufficient_recent_occurrences
2026-08,month,2026-08,2026-08,google_play,localization,0,65,0.0,,,True,False,True,google_play,0.64,False,False,insufficient_recent_occurrences
2026-08,month,2026-08,2026-08,google_play,platform_parity,1,65,1.538,0.0,0.0,True,False,True,google_play,3.329,False,False,stable
2026-08,month,2026-08,2026-08,google_play,pricing_billing,17,65,26.154,29.4,64.7,True,False,True,google_play,24.2,False,False,stable
2026-08,month,2026-08,2026-08,google_play,sleep_tracking,10,65,15.385,70.0,20.0,True,False,True,google_play,11.908,False,False,stable
2026-08,month,2026-08,2026-08,google_play,sync_connectivity,2,65,3.077,0.0,50.0,True,False,True,google_play,10.371,False,True,decline
2026-08,month,2026-08,2026-08,google_play,ui_ux,13,65,20.0,23.1,61.5,True,False,True,google_play,16.133,False,False,stable
2026-08,month,2026-08,2026-08,google_play,activity_detection,5,65,7.692,20.0,20.0,True,False,True,google_play,3.585,False,False,stable
2026-08,month,2026-08,2026-08,google_play,ai_autonomy,6,65,9.231,0.0,83.3,True,False,True,google_play,1.024,True,False,spike
2026-08,month,2026-08,2026-08,google_play,ai_only_support_channel,2,65,3.077,0.0,100.0,True,False,True,google_play,2.433,False,False,insufficient_recent_occurrences
2026-08,month,2026-08,2026-08,google_play,ai_positive_reception,1,65,1.538,100.0,0.0,True,False,True,google_play,2.561,True,False,spike
2026-08,month,2026-08,2026-08,google_play,ai_reliability_bugs,9,65,13.846,22.2,66.7,True,False,True,google_play,2.689,True,False,spike
2026-08,month,2026-08,2026-08,google_play,android_feature_gaps,1,65,1.538,0.0,0.0,True,False,True,google_play,0.64,False,False,insufficient_recent_occurrences
2026-08,month,2026-08,2026-08,google_play,android_specific_bugs,0,65,0.0,,,True,False,True,google_play,3.073,False,False,insufficient_recent_occurrences
2026-08,month,2026-08,2026-08,google_play,battery_life,1,65,1.538,100.0,0.0,True,False,True,google_play,1.921,False,False,insufficient_recent_occurrences
2026-08,month,2026-08,2026-08,google_play,billing_disputes,3,65,4.615,0.0,100.0,True,False,True,google_play,7.939,False,False,stable
2026-08,month,2026-08,2026-08,google_play,build_quality_perception,0,65,0.0,,,True,False,True,google_play,2.049,False,False,insufficient_recent_occurrences
2026-08,month,2026-08,2026-08,google_play,cardiac_detection_trust,0,65,0.0,,,True,False,True,google_play,0.128,False,False,insufficient_recent_occurrences
2026-08,month,2026-08,2026-08,google_play,comfort_fit,3,65,4.615,33.3,33.3,True,False,True,google_play,1.408,False,False,insufficient_recent_occurrences
2026-08,month,2026-08,2026-08,google_play,crashes_freezes,3,65,4.615,66.7,0.0,True,False,True,google_play,11.652,False,True,decline
2026-08,month,2026-08,2026-08,google_play,data_sync_delays,1,65,1.538,0.0,0.0,True,False,True,google_play,5.762,False,True,decline
2026-08,month,2026-08,2026-08,google_play,device_rendering_bugs,0,65,0.0,,,True,False,True,google_play,2.305,False,False,insufficient_recent_occurrences
2026-08,month,2026-08,2026-08,google_play,ecg_bp_feature_reliability,0,65,0.0,,,True,False,True,google_play,1.536,False,False,insufficient_recent_occurrences
2026-08,month,2026-08,2026-08,google_play,english_jargon_complexity,0,65,0.0,,,True,False,True,google_play,0.0,False,False,insufficient_recent_occurrences
2026-08,month,2026-08,2026-08,google_play,feature_ui_friction,5,65,7.692,40.0,60.0,True,False,True,google_play,5.122,False,False,stable
2026-08,month,2026-08,2026-08,google_play,metric_accuracy,7,65,10.769,14.3,42.9,True,False,True,google_play,8.579,False,False,stable
2026-08,month,2026-08,2026-08,google_play,missing_activity_types,0,65,0.0,,,True,False,True,google_play,1.793,False,False,insufficient_recent_occurrences
2026-08,month,2026-08,2026-08,google_play,missing_language_support,0,65,0.0,,,True,False,True,google_play,0.64,False,False,insufficient_recent_occurrences
2026-08,month,2026-08,2026-08,google_play,missing_metrics,5,65,7.692,100.0,0.0,True,False,True,google_play,2.305,True,False,spike
2026-08,month,2026-08,2026-08,google_play,notification_community_issues,4,65,6.154,50.0,25.0,True,False,True,google_play,6.53,False,True,decline
2026-08,month,2026-08,2026-08,google_play,onboarding_pairing,1,65,1.538,0.0,100.0,True,False,True,google_play,0.256,False,False,insufficient_recent_occurrences
2026-08,month,2026-08,2026-08,google_play,ongoing_disconnects,0,65,0.0,,,True,False,True,google_play,4.609,False,True,decline
2026-08,month,2026-08,2026-08,google_play,personalization_use_case_fit,1,65,1.538,0.0,100.0,True,False,True,google_play,2.817,True,False,spike
2026-08,month,2026-08,2026-08,google_play,plan_trial_structure,1,65,1.538,100.0,0.0,True,False,True,google_play,2.689,False,False,insufficient_recent_occurrences
2026-08,month,2026-08,2026-08,google_play,price_value_perception,14,65,21.538,35.7,57.1,True,False,True,google_play,18.054,False,False,stable
2026-08,month,2026-08,2026-08,google_play,redesign_regression,5,65,7.692,0.0,80.0,True,False,True,google_play,3.585,True,False,spike
2026-08,month,2026-08,2026-08,google_play,sleep_accuracy,3,65,4.615,0.0,66.7,True,False,True,google_play,4.866,False,False,stable
2026-08,month,2026-08,2026-08,google_play,sleep_alarm_ui,0,65,0.0,,,True,False,True,google_play,1.408,False,False,insufficient_recent_occurrences
2026-08,month,2026-08,2026-08,google_play,sleep_satisfaction,7,65,10.769,100.0,0.0,True,False,True,google_play,5.762,False,False,stable
2026-08,month,2026-08,2026-08,google_play,strap_clasp_durability,0,65,0.0,,,True,False,True,google_play,0.512,False,False,insufficient_recent_occurrences
2026-08,month,2026-08,2026-08,google_play,support_resolution_quality,1,65,1.538,0.0,100.0,True,False,True,google_play,4.609,False,False,stable
2026-08,month,2026-08,2026-08,google_play,support_responsiveness,3,65,4.615,33.3,66.7,True,False,True,google_play,4.481,False,False,stable
2026-08,month,2026-08,2026-08,google_play,support_satisfaction,1,65,1.538,100.0,0.0,True,False,True,google_play,0.384,False,False,insufficient_recent_occurrences
2026-08,month,2026-08,2026-08,google_play,third_party_integration,2,65,3.077,0.0,50.0,True,False,True,google_play,1.921,False,False,stable
2026-08,month,2026-08,2026-08,google_play,update_failures,0,65,0.0,,,True,False,True,google_play,3.841,False,False,stable
2026-08,month,2026-08,2026-08,google_play,upsell_pressure,2,65,3.077,0.0,100.0,True,False,True,google_play,2.177,False,False,stable
2026-09,month,2026-09,2026-09,google_play,ai_coach,7,46,15.217,14.3,57.1,True,True,False,google_play,,False,False,
2026-09,month,2026-09,2026-09,google_play,app_stability,7,46,15.217,14.3,42.9,True,True,False,google_play,,False,False,
2026-09,month,2026-09,2026-09,google_play,customer_support,3,46,6.522,33.3,33.3,True,True,False,google_play,,False,False,
2026-09,month,2026-09,2026-09,google_play,data_accuracy,3,46,6.522,0.0,33.3,True,True,False,google_play,,False,False,
2026-09,month,2026-09,2026-09,google_play,feature_requests,6,46,13.043,33.3,33.3,True,True,False,google_play,,False,False,
2026-09,month,2026-09,2026-09,google_play,hardware_wearability,1,46,2.174,0.0,100.0,True,True,False,google_play,,False,False,
2026-09,month,2026-09,2026-09,google_play,health_signal_reliability,0,46,0.0,,,True,True,False,google_play,,False,False,
2026-09,month,2026-09,2026-09,google_play,localization,0,46,0.0,,,True,True,False,google_play,,False,False,
2026-09,month,2026-09,2026-09,google_play,platform_parity,1,46,2.174,0.0,0.0,True,True,False,google_play,,False,False,
2026-09,month,2026-09,2026-09,google_play,pricing_billing,13,46,28.261,30.8,53.8,True,True,False,google_play,,False,False,
2026-09,month,2026-09,2026-09,google_play,sleep_tracking,5,46,10.87,0.0,80.0,True,True,False,google_play,,False,False,
2026-09,month,2026-09,2026-09,google_play,sync_connectivity,4,46,8.696,0.0,100.0,True,True,False,google_play,,False,False,
2026-09,month,2026-09,2026-09,google_play,ui_ux,11,46,23.913,0.0,81.8,True,True,False,google_play,,False,False,
2026-09,month,2026-09,2026-09,google_play,activity_detection,1,46,2.174,0.0,100.0,True,True,False,google_play,,False,False,
2026-09,month,2026-09,2026-09,google_play,ai_autonomy,1,46,2.174,0.0,100.0,True,True,False,google_play,,False,False,
2026-09,month,2026-09,2026-09,google_play,ai_only_support_channel,1,46,2.174,0.0,100.0,True,True,False,google_play,,False,False,
2026-09,month,2026-09,2026-09,google_play,ai_positive_reception,1,46,2.174,100.0,0.0,True,True,False,google_play,,False,False,
2026-09,month,2026-09,2026-09,google_play,ai_reliability_bugs,5,46,10.87,0.0,60.0,True,True,False,google_play,,False,False,
2026-09,month,2026-09,2026-09,google_play,android_feature_gaps,0,46,0.0,,,True,True,False,google_play,,False,False,
2026-09,month,2026-09,2026-09,google_play,android_specific_bugs,1,46,2.174,0.0,0.0,True,True,False,google_play,,False,False,
2026-09,month,2026-09,2026-09,google_play,battery_life,0,46,0.0,,,True,True,False,google_play,,False,False,
2026-09,month,2026-09,2026-09,google_play,billing_disputes,4,46,8.696,0.0,100.0,True,True,False,google_play,,False,False,
2026-09,month,2026-09,2026-09,google_play,build_quality_perception,1,46,2.174,0.0,100.0,True,True,False,google_play,,False,False,
2026-09,month,2026-09,2026-09,google_play,cardiac_detection_trust,0,46,0.0,,,True,True,False,google_play,,False,False,
2026-09,month,2026-09,2026-09,google_play,comfort_fit,0,46,0.0,,,True,True,False,google_play,,False,False,
2026-09,month,2026-09,2026-09,google_play,crashes_freezes,4,46,8.696,0.0,50.0,True,True,False,google_play,,False,False,
2026-09,month,2026-09,2026-09,google_play,data_sync_delays,3,46,6.522,0.0,100.0,True,True,False,google_play,,False,False,
2026-09,month,2026-09,2026-09,google_play,device_rendering_bugs,2,46,4.348,0.0,100.0,True,True,False,google_play,,False,False,
2026-09,month,2026-09,2026-09,google_play,ecg_bp_feature_reliability,0,46,0.0,,,True,True,False,google_play,,False,False,
2026-09,month,2026-09,2026-09,google_play,english_jargon_complexity,0,46,0.0,,,True,True,False,google_play,,False,False,
2026-09,month,2026-09,2026-09,google_play,feature_ui_friction,4,46,8.696,0.0,50.0,True,True,False,google_play,,False,False,
2026-09,month,2026-09,2026-09,google_play,metric_accuracy,2,46,4.348,0.0,0.0,True,True,False,google_play,,False,False,
2026-09,month,2026-09,2026-09,google_play,missing_activity_types,0,46,0.0,,,True,True,False,google_play,,False,False,
2026-09,month,2026-09,2026-09,google_play,missing_language_support,0,46,0.0,,,True,True,False,google_play,,False,False,
2026-09,month,2026-09,2026-09,google_play,missing_metrics,3,46,6.522,33.3,33.3,True,True,False,google_play,,False,False,
2026-09,month,2026-09,2026-09,google_play,notification_community_issues,2,46,4.348,0.0,100.0,True,True,False,google_play,,False,False,
2026-09,month,2026-09,2026-09,google_play,onboarding_pairing,0,46,0.0,,,True,True,False,google_play,,False,False,
2026-09,month,2026-09,2026-09,google_play,ongoing_disconnects,1,46,2.174,0.0,100.0,True,True,False,google_play,,False,False,
2026-09,month,2026-09,2026-09,google_play,personalization_use_case_fit,4,46,8.696,25.0,25.0,True,True,False,google_play,,False,False,
2026-09,month,2026-09,2026-09,google_play,plan_trial_structure,0,46,0.0,,,True,True,False,google_play,,False,False,
2026-09,month,2026-09,2026-09,google_play,price_value_perception,11,46,23.913,36.4,45.5,True,True,False,google_play,,False,False,
2026-09,month,2026-09,2026-09,google_play,redesign_regression,4,46,8.696,0.0,100.0,True,True,False,google_play,,False,False,
2026-09,month,2026-09,2026-09,google_play,sleep_accuracy,4,46,8.696,0.0,75.0,True,True,False,google_play,,False,False,
2026-09,month,2026-09,2026-09,google_play,sleep_alarm_ui,0,46,0.0,,,True,True,False,google_play,,False,False,
2026-09,month,2026-09,2026-09,google_play,sleep_satisfaction,1,46,2.174,0.0,100.0,True,True,False,google_play,,False,False,
2026-09,month,2026-09,2026-09,google_play,strap_clasp_durability,0,46,0.0,,,True,True,False,google_play,,False,False,
2026-09,month,2026-09,2026-09,google_play,support_resolution_quality,1,46,2.174,0.0,0.0,True,True,False,google_play,,False,False,
2026-09,month,2026-09,2026-09,google_play,support_responsiveness,1,46,2.174,100.0,0.0,True,True,False,google_play,,False,False,
2026-09,month,2026-09,2026-09,google_play,support_satisfaction,0,46,0.0,,,True,True,False,google_play,,False,False,
2026-09,month,2026-09,2026-09,google_play,third_party_integration,0,46,0.0,,,True,True,False,google_play,,False,False,
2026-09,month,2026-09,2026-09,google_play,update_failures,3,46,6.522,33.3,33.3,True,True,False,google_play,,False,False,
2026-09,month,2026-09,2026-09,google_play,upsell_pressure,1,46,2.174,0.0,100.0,True,True,False,google_play,,False,False,
2025-11_to_2025-12,multi_month,2025-11,2025-12,app_store,ai_coach,2,38,5.263,0.0,100.0,True,False,False,app_store,,False,False,
2025-11_to_2025-12,multi_month,2025-11,2025-12,app_store,app_stability,3,38,7.895,0.0,66.7,True,False,False,app_store,,False,False,
2025-11_to_2025-12,multi_month,2025-11,2025-12,app_store,customer_support,9,38,23.684,11.1,88.9,True,False,False,app_store,,False,False,
2025-11_to_2025-12,multi_month,2025-11,2025-12,app_store,data_accuracy,6,38,15.789,33.3,66.7,True,False,False,app_store,,False,False,
2025-11_to_2025-12,multi_month,2025-11,2025-12,app_store,feature_requests,6,38,15.789,50.0,50.0,True,False,False,app_store,,False,False,
2025-11_to_2025-12,multi_month,2025-11,2025-12,app_store,hardware_wearability,3,38,7.895,0.0,100.0,True,False,False,app_store,,False,False,
2025-11_to_2025-12,multi_month,2025-11,2025-12,app_store,health_signal_reliability,2,38,5.263,50.0,50.0,True,False,False,app_store,,False,False,
2025-11_to_2025-12,multi_month,2025-11,2025-12,app_store,localization,3,38,7.895,66.7,33.3,True,False,False,app_store,,False,False,
2025-11_to_2025-12,multi_month,2025-11,2025-12,app_store,platform_parity,0,38,0.0,,,True,False,False,app_store,,False,False,
2025-11_to_2025-12,multi_month,2025-11,2025-12,app_store,pricing_billing,12,38,31.579,8.3,91.7,True,False,False,app_store,,False,False,
2025-11_to_2025-12,multi_month,2025-11,2025-12,app_store,sleep_tracking,8,38,21.053,37.5,62.5,True,False,False,app_store,,False,False,
2025-11_to_2025-12,multi_month,2025-11,2025-12,app_store,sync_connectivity,4,38,10.526,50.0,50.0,True,False,False,app_store,,False,False,
2025-11_to_2025-12,multi_month,2025-11,2025-12,app_store,ui_ux,7,38,18.421,28.6,57.1,True,False,False,app_store,,False,False,
2025-11_to_2025-12,multi_month,2025-11,2025-12,app_store,activity_detection,0,38,0.0,,,True,False,False,app_store,,False,False,
2025-11_to_2025-12,multi_month,2025-11,2025-12,app_store,ai_autonomy,0,38,0.0,,,True,False,False,app_store,,False,False,
2025-11_to_2025-12,multi_month,2025-11,2025-12,app_store,ai_only_support_channel,0,38,0.0,,,True,False,False,app_store,,False,False,
2025-11_to_2025-12,multi_month,2025-11,2025-12,app_store,ai_positive_reception,0,38,0.0,,,True,False,False,app_store,,False,False,
2025-11_to_2025-12,multi_month,2025-11,2025-12,app_store,ai_reliability_bugs,2,38,5.263,0.0,100.0,True,False,False,app_store,,False,False,
2025-11_to_2025-12,multi_month,2025-11,2025-12,app_store,android_feature_gaps,0,38,0.0,,,True,False,False,app_store,,False,False,
2025-11_to_2025-12,multi_month,2025-11,2025-12,app_store,android_specific_bugs,0,38,0.0,,,True,False,False,app_store,,False,False,
2025-11_to_2025-12,multi_month,2025-11,2025-12,app_store,battery_life,1,38,2.632,0.0,100.0,True,False,False,app_store,,False,False,
2025-11_to_2025-12,multi_month,2025-11,2025-12,app_store,billing_disputes,7,38,18.421,0.0,100.0,True,False,False,app_store,,False,False,
2025-11_to_2025-12,multi_month,2025-11,2025-12,app_store,build_quality_perception,1,38,2.632,0.0,100.0,True,False,False,app_store,,False,False,
2025-11_to_2025-12,multi_month,2025-11,2025-12,app_store,cardiac_detection_trust,0,38,0.0,,,True,False,False,app_store,,False,False,
2025-11_to_2025-12,multi_month,2025-11,2025-12,app_store,comfort_fit,1,38,2.632,0.0,100.0,True,False,False,app_store,,False,False,
2025-11_to_2025-12,multi_month,2025-11,2025-12,app_store,crashes_freezes,3,38,7.895,0.0,66.7,True,False,False,app_store,,False,False,
2025-11_to_2025-12,multi_month,2025-11,2025-12,app_store,data_sync_delays,3,38,7.895,33.3,66.7,True,False,False,app_store,,False,False,
2025-11_to_2025-12,multi_month,2025-11,2025-12,app_store,device_rendering_bugs,0,38,0.0,,,True,False,False,app_store,,False,False,
2025-11_to_2025-12,multi_month,2025-11,2025-12,app_store,ecg_bp_feature_reliability,2,38,5.263,50.0,50.0,True,False,False,app_store,,False,False,
2025-11_to_2025-12,multi_month,2025-11,2025-12,app_store,english_jargon_complexity,0,38,0.0,,,True,False,False,app_store,,False,False,
2025-11_to_2025-12,multi_month,2025-11,2025-12,app_store,feature_ui_friction,5,38,13.158,40.0,40.0,True,False,False,app_store,,False,False,
2025-11_to_2025-12,multi_month,2025-11,2025-12,app_store,metric_accuracy,6,38,15.789,33.3,66.7,True,False,False,app_store,,False,False,
2025-11_to_2025-12,multi_month,2025-11,2025-12,app_store,missing_activity_types,0,38,0.0,,,True,False,False,app_store,,False,False,
2025-11_to_2025-12,multi_month,2025-11,2025-12,app_store,missing_language_support,3,38,7.895,66.7,33.3,True,False,False,app_store,,False,False,
2025-11_to_2025-12,multi_month,2025-11,2025-12,app_store,missing_metrics,4,38,10.526,25.0,75.0,True,False,False,app_store,,False,False,
2025-11_to_2025-12,multi_month,2025-11,2025-12,app_store,notification_community_issues,0,38,0.0,,,True,False,False,app_store,,False,False,
2025-11_to_2025-12,multi_month,2025-11,2025-12,app_store,onboarding_pairing,0,38,0.0,,,True,False,False,app_store,,False,False,
2025-11_to_2025-12,multi_month,2025-11,2025-12,app_store,ongoing_disconnects,1,38,2.632,100.0,0.0,True,False,False,app_store,,False,False,
2025-11_to_2025-12,multi_month,2025-11,2025-12,app_store,personalization_use_case_fit,1,38,2.632,100.0,0.0,True,False,False,app_store,,False,False,
2025-11_to_2025-12,multi_month,2025-11,2025-12,app_store,plan_trial_structure,1,38,2.632,0.0,100.0,True,False,False,app_store,,False,False,
2025-11_to_2025-12,multi_month,2025-11,2025-12,app_store,price_value_perception,5,38,13.158,0.0,100.0,True,False,False,app_store,,False,False,
2025-11_to_2025-12,multi_month,2025-11,2025-12,app_store,redesign_regression,4,38,10.526,0.0,100.0,True,False,False,app_store,,False,False,
2025-11_to_2025-12,multi_month,2025-11,2025-12,app_store,sleep_accuracy,4,38,10.526,25.0,75.0,True,False,False,app_store,,False,False,
2025-11_to_2025-12,multi_month,2025-11,2025-12,app_store,sleep_alarm_ui,2,38,5.263,0.0,100.0,True,False,False,app_store,,False,False,
2025-11_to_2025-12,multi_month,2025-11,2025-12,app_store,sleep_satisfaction,2,38,5.263,100.0,0.0,True,False,False,app_store,,False,False,
2025-11_to_2025-12,multi_month,2025-11,2025-12,app_store,strap_clasp_durability,1,38,2.632,0.0,100.0,True,False,False,app_store,,False,False,
2025-11_to_2025-12,multi_month,2025-11,2025-12,app_store,support_resolution_quality,5,38,13.158,0.0,100.0,True,False,False,app_store,,False,False,
2025-11_to_2025-12,multi_month,2025-11,2025-12,app_store,support_responsiveness,6,38,15.789,16.7,83.3,True,False,False,app_store,,False,False,
2025-11_to_2025-12,multi_month,2025-11,2025-12,app_store,support_satisfaction,0,38,0.0,,,True,False,False,app_store,,False,False,
2025-11_to_2025-12,multi_month,2025-11,2025-12,app_store,third_party_integration,1,38,2.632,100.0,0.0,True,False,False,app_store,,False,False,
2025-11_to_2025-12,multi_month,2025-11,2025-12,app_store,update_failures,0,38,0.0,,,True,False,False,app_store,,False,False,
2025-11_to_2025-12,multi_month,2025-11,2025-12,app_store,upsell_pressure,2,38,5.263,50.0,50.0,True,False,False,app_store,,False,False,
2026-01_to_2026-02,multi_month,2026-01,2026-02,app_store,ai_coach,4,44,9.091,0.0,75.0,True,False,False,app_store,,False,False,
2026-01_to_2026-02,multi_month,2026-01,2026-02,app_store,app_stability,7,44,15.909,42.9,28.6,True,False,False,app_store,,False,False,
2026-01_to_2026-02,multi_month,2026-01,2026-02,app_store,customer_support,10,44,22.727,0.0,90.0,True,False,False,app_store,,False,False,
2026-01_to_2026-02,multi_month,2026-01,2026-02,app_store,data_accuracy,9,44,20.455,11.1,77.8,True,False,False,app_store,,False,False,
2026-01_to_2026-02,multi_month,2026-01,2026-02,app_store,feature_requests,4,44,9.091,25.0,50.0,True,False,False,app_store,,False,False,
2026-01_to_2026-02,multi_month,2026-01,2026-02,app_store,hardware_wearability,5,44,11.364,40.0,60.0,True,False,False,app_store,,False,False,
2026-01_to_2026-02,multi_month,2026-01,2026-02,app_store,health_signal_reliability,4,44,9.091,25.0,75.0,True,False,False,app_store,,False,False,
2026-01_to_2026-02,multi_month,2026-01,2026-02,app_store,localization,1,44,2.273,100.0,0.0,True,False,False,app_store,,False,False,
2026-01_to_2026-02,multi_month,2026-01,2026-02,app_store,platform_parity,0,44,0.0,,,True,False,False,app_store,,False,False,
2026-01_to_2026-02,multi_month,2026-01,2026-02,app_store,pricing_billing,16,44,36.364,6.2,87.5,True,False,False,app_store,,False,False,
2026-01_to_2026-02,multi_month,2026-01,2026-02,app_store,sleep_tracking,9,44,20.455,22.2,44.4,True,False,False,app_store,,False,False,
2026-01_to_2026-02,multi_month,2026-01,2026-02,app_store,sync_connectivity,7,44,15.909,14.3,71.4,True,False,False,app_store,,False,False,
2026-01_to_2026-02,multi_month,2026-01,2026-02,app_store,ui_ux,7,44,15.909,14.3,57.1,True,False,False,app_store,,False,False,
2026-01_to_2026-02,multi_month,2026-01,2026-02,app_store,activity_detection,1,44,2.273,100.0,0.0,True,False,False,app_store,,False,False,
2026-01_to_2026-02,multi_month,2026-01,2026-02,app_store,ai_autonomy,1,44,2.273,0.0,0.0,True,False,False,app_store,,False,False,
2026-01_to_2026-02,multi_month,2026-01,2026-02,app_store,ai_only_support_channel,3,44,6.818,0.0,100.0,True,False,False,app_store,,False,False,
2026-01_to_2026-02,multi_month,2026-01,2026-02,app_store,ai_positive_reception,0,44,0.0,,,True,False,False,app_store,,False,False,
2026-01_to_2026-02,multi_month,2026-01,2026-02,app_store,ai_reliability_bugs,3,44,6.818,0.0,100.0,True,False,False,app_store,,False,False,
2026-01_to_2026-02,multi_month,2026-01,2026-02,app_store,android_feature_gaps,0,44,0.0,,,True,False,False,app_store,,False,False,
2026-01_to_2026-02,multi_month,2026-01,2026-02,app_store,android_specific_bugs,0,44,0.0,,,True,False,False,app_store,,False,False,
2026-01_to_2026-02,multi_month,2026-01,2026-02,app_store,battery_life,2,44,4.545,100.0,0.0,True,False,False,app_store,,False,False,
2026-01_to_2026-02,multi_month,2026-01,2026-02,app_store,billing_disputes,8,44,18.182,0.0,100.0,True,False,False,app_store,,False,False,
2026-01_to_2026-02,multi_month,2026-01,2026-02,app_store,build_quality_perception,1,44,2.273,0.0,100.0,True,False,False,app_store,,False,False,
2026-01_to_2026-02,multi_month,2026-01,2026-02,app_store,cardiac_detection_trust,0,44,0.0,,,True,False,False,app_store,,False,False,
2026-01_to_2026-02,multi_month,2026-01,2026-02,app_store,comfort_fit,1,44,2.273,0.0,100.0,True,False,False,app_store,,False,False,
2026-01_to_2026-02,multi_month,2026-01,2026-02,app_store,crashes_freezes,5,44,11.364,60.0,20.0,True,False,False,app_store,,False,False,
2026-01_to_2026-02,multi_month,2026-01,2026-02,app_store,data_sync_delays,3,44,6.818,0.0,66.7,True,False,False,app_store,,False,False,
2026-01_to_2026-02,multi_month,2026-01,2026-02,app_store,device_rendering_bugs,1,44,2.273,100.0,0.0,True,False,False,app_store,,False,False,
2026-01_to_2026-02,multi_month,2026-01,2026-02,app_store,ecg_bp_feature_reliability,4,44,9.091,25.0,75.0,True,False,False,app_store,,False,False,
2026-01_to_2026-02,multi_month,2026-01,2026-02,app_store,english_jargon_complexity,0,44,0.0,,,True,False,False,app_store,,False,False,
2026-01_to_2026-02,multi_month,2026-01,2026-02,app_store,feature_ui_friction,2,44,4.545,0.0,50.0,True,False,False,app_store,,False,False,
2026-01_to_2026-02,multi_month,2026-01,2026-02,app_store,metric_accuracy,8,44,18.182,0.0,87.5,True,False,False,app_store,,False,False,
2026-01_to_2026-02,multi_month,2026-01,2026-02,app_store,missing_activity_types,1,44,2.273,100.0,0.0,True,False,False,app_store,,False,False,
2026-01_to_2026-02,multi_month,2026-01,2026-02,app_store,missing_language_support,1,44,2.273,100.0,0.0,True,False,False,app_store,,False,False,
2026-01_to_2026-02,multi_month,2026-01,2026-02,app_store,missing_metrics,1,44,2.273,0.0,100.0,True,False,False,app_store,,False,False,
2026-01_to_2026-02,multi_month,2026-01,2026-02,app_store,notification_community_issues,0,44,0.0,,,True,False,False,app_store,,False,False,
2026-01_to_2026-02,multi_month,2026-01,2026-02,app_store,onboarding_pairing,2,44,4.545,0.0,100.0,True,False,False,app_store,,False,False,
2026-01_to_2026-02,multi_month,2026-01,2026-02,app_store,ongoing_disconnects,2,44,4.545,50.0,50.0,True,False,False,app_store,,False,False,
2026-01_to_2026-02,multi_month,2026-01,2026-02,app_store,personalization_use_case_fit,0,44,0.0,,,True,False,False,app_store,,False,False,
2026-01_to_2026-02,multi_month,2026-01,2026-02,app_store,plan_trial_structure,2,44,4.545,0.0,100.0,True,False,False,app_store,,False,False,
2026-01_to_2026-02,multi_month,2026-01,2026-02,app_store,price_value_perception,10,44,22.727,10.0,80.0,True,False,False,app_store,,False,False,
2026-01_to_2026-02,multi_month,2026-01,2026-02,app_store,redesign_regression,4,44,9.091,0.0,75.0,True,False,False,app_store,,False,False,
2026-01_to_2026-02,multi_month,2026-01,2026-02,app_store,sleep_accuracy,7,44,15.909,14.3,57.1,True,False,False,app_store,,False,False,
2026-01_to_2026-02,multi_month,2026-01,2026-02,app_store,sleep_alarm_ui,1,44,2.273,0.0,0.0,True,False,False,app_store,,False,False,
2026-01_to_2026-02,multi_month,2026-01,2026-02,app_store,sleep_satisfaction,1,44,2.273,100.0,0.0,True,False,False,app_store,,False,False,
2026-01_to_2026-02,multi_month,2026-01,2026-02,app_store,strap_clasp_durability,2,44,4.545,0.0,100.0,True,False,False,app_store,,False,False,
2026-01_to_2026-02,multi_month,2026-01,2026-02,app_store,support_resolution_quality,8,44,18.182,0.0,87.5,True,False,False,app_store,,False,False,
2026-01_to_2026-02,multi_month,2026-01,2026-02,app_store,support_responsiveness,2,44,4.545,0.0,100.0,True,False,False,app_store,,False,False,
2026-01_to_2026-02,multi_month,2026-01,2026-02,app_store,support_satisfaction,0,44,0.0,,,True,False,False,app_store,,False,False,
2026-01_to_2026-02,multi_month,2026-01,2026-02,app_store,third_party_integration,3,44,6.818,0.0,66.7,True,False,False,app_store,,False,False,
2026-01_to_2026-02,multi_month,2026-01,2026-02,app_store,update_failures,3,44,6.818,33.3,33.3,True,False,False,app_store,,False,False,
2026-01_to_2026-02,multi_month,2026-01,2026-02,app_store,upsell_pressure,0,44,0.0,,,True,False,False,app_store,,False,False,
2026-03,month,2026-03,2026-03,app_store,ai_coach,5,44,11.364,40.0,40.0,True,False,False,app_store,,False,False,
2026-03,month,2026-03,2026-03,app_store,app_stability,4,44,9.091,0.0,75.0,True,False,False,app_store,,False,False,
2026-03,month,2026-03,2026-03,app_store,customer_support,11,44,25.0,9.1,90.9,True,False,False,app_store,,False,False,
2026-03,month,2026-03,2026-03,app_store,data_accuracy,4,44,9.091,0.0,50.0,True,False,False,app_store,,False,False,
2026-03,month,2026-03,2026-03,app_store,feature_requests,8,44,18.182,62.5,25.0,True,False,False,app_store,,False,False,
2026-03,month,2026-03,2026-03,app_store,hardware_wearability,4,44,9.091,25.0,75.0,True,False,False,app_store,,False,False,
2026-03,month,2026-03,2026-03,app_store,health_signal_reliability,2,44,4.545,0.0,100.0,True,False,False,app_store,,False,False,
2026-03,month,2026-03,2026-03,app_store,localization,3,44,6.818,0.0,66.7,True,False,False,app_store,,False,False,
2026-03,month,2026-03,2026-03,app_store,platform_parity,0,44,0.0,,,True,False,False,app_store,,False,False,
2026-03,month,2026-03,2026-03,app_store,pricing_billing,17,44,38.636,23.5,58.8,True,False,False,app_store,,False,False,
2026-03,month,2026-03,2026-03,app_store,sleep_tracking,3,44,6.818,66.7,33.3,True,False,False,app_store,,False,False,
2026-03,month,2026-03,2026-03,app_store,sync_connectivity,7,44,15.909,0.0,71.4,True,False,False,app_store,,False,False,
2026-03,month,2026-03,2026-03,app_store,ui_ux,8,44,18.182,0.0,87.5,True,False,False,app_store,,False,False,
2026-03,month,2026-03,2026-03,app_store,activity_detection,1,44,2.273,0.0,100.0,True,False,False,app_store,,False,False,
2026-03,month,2026-03,2026-03,app_store,ai_autonomy,1,44,2.273,0.0,100.0,True,False,False,app_store,,False,False,
2026-03,month,2026-03,2026-03,app_store,ai_only_support_channel,4,44,9.091,0.0,100.0,True,False,False,app_store,,False,False,
2026-03,month,2026-03,2026-03,app_store,ai_positive_reception,2,44,4.545,100.0,0.0,True,False,False,app_store,,False,False,
2026-03,month,2026-03,2026-03,app_store,ai_reliability_bugs,2,44,4.545,0.0,50.0,True,False,False,app_store,,False,False,
2026-03,month,2026-03,2026-03,app_store,android_feature_gaps,0,44,0.0,,,True,False,False,app_store,,False,False,
2026-03,month,2026-03,2026-03,app_store,android_specific_bugs,0,44,0.0,,,True,False,False,app_store,,False,False,
2026-03,month,2026-03,2026-03,app_store,battery_life,1,44,2.273,100.0,0.0,True,False,False,app_store,,False,False,
2026-03,month,2026-03,2026-03,app_store,billing_disputes,5,44,11.364,20.0,80.0,True,False,False,app_store,,False,False,
2026-03,month,2026-03,2026-03,app_store,build_quality_perception,2,44,4.545,0.0,100.0,True,False,False,app_store,,False,False,
2026-03,month,2026-03,2026-03,app_store,cardiac_detection_trust,0,44,0.0,,,True,False,False,app_store,,False,False,
2026-03,month,2026-03,2026-03,app_store,comfort_fit,1,44,2.273,0.0,100.0,True,False,False,app_store,,False,False,
2026-03,month,2026-03,2026-03,app_store,crashes_freezes,0,44,0.0,,,True,False,False,app_store,,False,False,
2026-03,month,2026-03,2026-03,app_store,data_sync_delays,3,44,6.818,0.0,66.7,True,False,False,app_store,,False,False,
2026-03,month,2026-03,2026-03,app_store,device_rendering_bugs,2,44,4.545,0.0,50.0,True,False,False,app_store,,False,False,
2026-03,month,2026-03,2026-03,app_store,ecg_bp_feature_reliability,2,44,4.545,0.0,100.0,True,False,False,app_store,,False,False,
2026-03,month,2026-03,2026-03,app_store,english_jargon_complexity,0,44,0.0,,,True,False,False,app_store,,False,False,
2026-03,month,2026-03,2026-03,app_store,feature_ui_friction,3,44,6.818,0.0,100.0,True,False,False,app_store,,False,False,
2026-03,month,2026-03,2026-03,app_store,metric_accuracy,3,44,6.818,0.0,33.3,True,False,False,app_store,,False,False,
2026-03,month,2026-03,2026-03,app_store,missing_activity_types,2,44,4.545,50.0,50.0,True,False,False,app_store,,False,False,
2026-03,month,2026-03,2026-03,app_store,missing_language_support,3,44,6.818,0.0,66.7,True,False,False,app_store,,False,False,
2026-03,month,2026-03,2026-03,app_store,missing_metrics,5,44,11.364,60.0,20.0,True,False,False,app_store,,False,False,
2026-03,month,2026-03,2026-03,app_store,notification_community_issues,0,44,0.0,,,True,False,False,app_store,,False,False,
2026-03,month,2026-03,2026-03,app_store,onboarding_pairing,2,44,4.545,0.0,100.0,True,False,False,app_store,,False,False,
2026-03,month,2026-03,2026-03,app_store,ongoing_disconnects,2,44,4.545,0.0,50.0,True,False,False,app_store,,False,False,
2026-03,month,2026-03,2026-03,app_store,personalization_use_case_fit,0,44,0.0,,,True,False,False,app_store,,False,False,
2026-03,month,2026-03,2026-03,app_store,plan_trial_structure,2,44,4.545,0.0,100.0,True,False,False,app_store,,False,False,
2026-03,month,2026-03,2026-03,app_store,price_value_perception,10,44,22.727,30.0,50.0,True,False,False,app_store,,False,False,
2026-03,month,2026-03,2026-03,app_store,redesign_regression,3,44,6.818,0.0,100.0,True,False,False,app_store,,False,False,
2026-03,month,2026-03,2026-03,app_store,sleep_accuracy,0,44,0.0,,,True,False,False,app_store,,False,False,
2026-03,month,2026-03,2026-03,app_store,sleep_alarm_ui,2,44,4.545,50.0,50.0,True,False,False,app_store,,False,False,
2026-03,month,2026-03,2026-03,app_store,sleep_satisfaction,1,44,2.273,100.0,0.0,True,False,False,app_store,,False,False,
2026-03,month,2026-03,2026-03,app_store,strap_clasp_durability,1,44,2.273,0.0,100.0,True,False,False,app_store,,False,False,
2026-03,month,2026-03,2026-03,app_store,support_resolution_quality,6,44,13.636,0.0,100.0,True,False,False,app_store,,False,False,
2026-03,month,2026-03,2026-03,app_store,support_responsiveness,2,44,4.545,0.0,100.0,True,False,False,app_store,,False,False,
2026-03,month,2026-03,2026-03,app_store,support_satisfaction,1,44,2.273,100.0,0.0,True,False,False,app_store,,False,False,
2026-03,month,2026-03,2026-03,app_store,third_party_integration,2,44,4.545,100.0,0.0,True,False,False,app_store,,False,False,
2026-03,month,2026-03,2026-03,app_store,update_failures,4,44,9.091,0.0,75.0,True,False,False,app_store,,False,False,
2026-03,month,2026-03,2026-03,app_store,upsell_pressure,3,44,6.818,0.0,66.7,True,False,False,app_store,,False,False,
2026-04,month,2026-04,2026-04,app_store,ai_coach,1,38,2.632,0.0,100.0,True,False,False,app_store,,False,False,
2026-04,month,2026-04,2026-04,app_store,app_stability,5,38,13.158,0.0,60.0,True,False,False,app_store,,False,False,
2026-04,month,2026-04,2026-04,app_store,customer_support,9,38,23.684,0.0,100.0,True,False,False,app_store,,False,False,
2026-04,month,2026-04,2026-04,app_store,data_accuracy,5,38,13.158,0.0,80.0,True,False,False,app_store,,False,False,
2026-04,month,2026-04,2026-04,app_store,feature_requests,4,38,10.526,0.0,100.0,True,False,False,app_store,,False,False,
2026-04,month,2026-04,2026-04,app_store,hardware_wearability,1,38,2.632,0.0,100.0,True,False,False,app_store,,False,False,
2026-04,month,2026-04,2026-04,app_store,health_signal_reliability,0,38,0.0,,,True,False,False,app_store,,False,False,
2026-04,month,2026-04,2026-04,app_store,localization,2,38,5.263,100.0,0.0,True,False,False,app_store,,False,False,
2026-04,month,2026-04,2026-04,app_store,platform_parity,0,38,0.0,,,True,False,False,app_store,,False,False,
2026-04,month,2026-04,2026-04,app_store,pricing_billing,19,38,50.0,0.0,89.5,True,False,False,app_store,,False,False,
2026-04,month,2026-04,2026-04,app_store,sleep_tracking,1,38,2.632,0.0,100.0,True,False,False,app_store,,False,False,
2026-04,month,2026-04,2026-04,app_store,sync_connectivity,6,38,15.789,0.0,83.3,True,False,False,app_store,,False,False,
2026-04,month,2026-04,2026-04,app_store,ui_ux,7,38,18.421,28.6,57.1,True,False,False,app_store,,False,False,
2026-04,month,2026-04,2026-04,app_store,activity_detection,1,38,2.632,0.0,100.0,True,False,False,app_store,,False,False,
2026-04,month,2026-04,2026-04,app_store,ai_autonomy,1,38,2.632,0.0,100.0,True,False,False,app_store,,False,False,
2026-04,month,2026-04,2026-04,app_store,ai_only_support_channel,5,38,13.158,0.0,100.0,True,False,False,app_store,,False,False,
2026-04,month,2026-04,2026-04,app_store,ai_positive_reception,0,38,0.0,,,True,False,False,app_store,,False,False,
2026-04,month,2026-04,2026-04,app_store,ai_reliability_bugs,0,38,0.0,,,True,False,False,app_store,,False,False,
2026-04,month,2026-04,2026-04,app_store,android_feature_gaps,0,38,0.0,,,True,False,False,app_store,,False,False,
2026-04,month,2026-04,2026-04,app_store,android_specific_bugs,0,38,0.0,,,True,False,False,app_store,,False,False,
2026-04,month,2026-04,2026-04,app_store,battery_life,1,38,2.632,0.0,100.0,True,False,False,app_store,,False,False,
2026-04,month,2026-04,2026-04,app_store,billing_disputes,10,38,26.316,0.0,100.0,True,False,False,app_store,,False,False,
2026-04,month,2026-04,2026-04,app_store,build_quality_perception,0,38,0.0,,,True,False,False,app_store,,False,False,
2026-04,month,2026-04,2026-04,app_store,cardiac_detection_trust,0,38,0.0,,,True,False,False,app_store,,False,False,
2026-04,month,2026-04,2026-04,app_store,comfort_fit,0,38,0.0,,,True,False,False,app_store,,False,False,
2026-04,month,2026-04,2026-04,app_store,crashes_freezes,2,38,5.263,0.0,50.0,True,False,False,app_store,,False,False,
2026-04,month,2026-04,2026-04,app_store,data_sync_delays,4,38,10.526,0.0,75.0,True,False,False,app_store,,False,False,
2026-04,month,2026-04,2026-04,app_store,device_rendering_bugs,1,38,2.632,100.0,0.0,True,False,False,app_store,,False,False,
2026-04,month,2026-04,2026-04,app_store,ecg_bp_feature_reliability,0,38,0.0,,,True,False,False,app_store,,False,False,
2026-04,month,2026-04,2026-04,app_store,english_jargon_complexity,2,38,5.263,100.0,0.0,True,False,False,app_store,,False,False,
2026-04,month,2026-04,2026-04,app_store,feature_ui_friction,1,38,2.632,100.0,0.0,True,False,False,app_store,,False,False,
2026-04,month,2026-04,2026-04,app_store,metric_accuracy,5,38,13.158,0.0,80.0,True,False,False,app_store,,False,False,
2026-04,month,2026-04,2026-04,app_store,missing_activity_types,0,38,0.0,,,True,False,False,app_store,,False,False,
2026-04,month,2026-04,2026-04,app_store,missing_language_support,2,38,5.263,100.0,0.0,True,False,False,app_store,,False,False,
2026-04,month,2026-04,2026-04,app_store,missing_metrics,0,38,0.0,,,True,False,False,app_store,,False,False,
2026-04,month,2026-04,2026-04,app_store,notification_community_issues,1,38,2.632,0.0,100.0,True,False,False,app_store,,False,False,
2026-04,month,2026-04,2026-04,app_store,onboarding_pairing,2,38,5.263,0.0,100.0,True,False,False,app_store,,False,False,
2026-04,month,2026-04,2026-04,app_store,ongoing_disconnects,0,38,0.0,,,True,False,False,app_store,,False,False,
2026-04,month,2026-04,2026-04,app_store,personalization_use_case_fit,3,38,7.895,0.0,100.0,True,False,False,app_store,,False,False,
2026-04,month,2026-04,2026-04,app_store,plan_trial_structure,1,38,2.632,0.0,100.0,True,False,False,app_store,,False,False,
2026-04,month,2026-04,2026-04,app_store,price_value_perception,12,38,31.579,0.0,91.7,True,False,False,app_store,,False,False,
2026-04,month,2026-04,2026-04,app_store,redesign_regression,4,38,10.526,0.0,75.0,True,False,False,app_store,,False,False,
2026-04,month,2026-04,2026-04,app_store,sleep_accuracy,1,38,2.632,0.0,100.0,True,False,False,app_store,,False,False,
2026-04,month,2026-04,2026-04,app_store,sleep_alarm_ui,0,38,0.0,,,True,False,False,app_store,,False,False,
2026-04,month,2026-04,2026-04,app_store,sleep_satisfaction,0,38,0.0,,,True,False,False,app_store,,False,False,
2026-04,month,2026-04,2026-04,app_store,strap_clasp_durability,0,38,0.0,,,True,False,False,app_store,,False,False,
2026-04,month,2026-04,2026-04,app_store,support_resolution_quality,6,38,15.789,0.0,100.0,True,False,False,app_store,,False,False,
2026-04,month,2026-04,2026-04,app_store,support_responsiveness,3,38,7.895,0.0,100.0,True,False,False,app_store,,False,False,
2026-04,month,2026-04,2026-04,app_store,support_satisfaction,0,38,0.0,,,True,False,False,app_store,,False,False,
2026-04,month,2026-04,2026-04,app_store,third_party_integration,1,38,2.632,0.0,100.0,True,False,False,app_store,,False,False,
2026-04,month,2026-04,2026-04,app_store,update_failures,3,38,7.895,0.0,66.7,True,False,False,app_store,,False,False,
2026-04,month,2026-04,2026-04,app_store,upsell_pressure,2,38,5.263,0.0,50.0,True,False,False,app_store,,False,False,
2026-05,month,2026-05,2026-05,app_store,ai_coach,7,42,16.667,57.1,42.9,True,False,False,app_store,,False,False,
2026-05,month,2026-05,2026-05,app_store,app_stability,4,42,9.524,50.0,50.0,True,False,False,app_store,,False,False,
2026-05,month,2026-05,2026-05,app_store,customer_support,5,42,11.905,20.0,80.0,True,False,False,app_store,,False,False,
2026-05,month,2026-05,2026-05,app_store,data_accuracy,5,42,11.905,20.0,60.0,True,False,False,app_store,,False,False,
2026-05,month,2026-05,2026-05,app_store,feature_requests,8,42,19.048,62.5,12.5,True,False,False,app_store,,False,False,
2026-05,month,2026-05,2026-05,app_store,hardware_wearability,5,42,11.905,20.0,80.0,True,False,False,app_store,,False,False,
2026-05,month,2026-05,2026-05,app_store,health_signal_reliability,1,42,2.381,0.0,100.0,True,False,False,app_store,,False,False,
2026-05,month,2026-05,2026-05,app_store,localization,2,42,4.762,50.0,0.0,True,False,False,app_store,,False,False,
2026-05,month,2026-05,2026-05,app_store,platform_parity,0,42,0.0,,,True,False,False,app_store,,False,False,
2026-05,month,2026-05,2026-05,app_store,pricing_billing,14,42,33.333,14.3,71.4,True,False,False,app_store,,False,False,
2026-05,month,2026-05,2026-05,app_store,sleep_tracking,6,42,14.286,16.7,50.0,True,False,False,app_store,,False,False,
2026-05,month,2026-05,2026-05,app_store,sync_connectivity,2,42,4.762,50.0,50.0,True,False,False,app_store,,False,False,
2026-05,month,2026-05,2026-05,app_store,ui_ux,4,42,9.524,100.0,0.0,True,False,False,app_store,,False,False,
2026-05,month,2026-05,2026-05,app_store,activity_detection,1,42,2.381,0.0,100.0,True,False,False,app_store,,False,False,
2026-05,month,2026-05,2026-05,app_store,ai_autonomy,1,42,2.381,0.0,100.0,True,False,False,app_store,,False,False,
2026-05,month,2026-05,2026-05,app_store,ai_only_support_channel,1,42,2.381,0.0,100.0,True,False,False,app_store,,False,False,
2026-05,month,2026-05,2026-05,app_store,ai_positive_reception,1,42,2.381,100.0,0.0,True,False,False,app_store,,False,False,
2026-05,month,2026-05,2026-05,app_store,ai_reliability_bugs,5,42,11.905,60.0,40.0,True,False,False,app_store,,False,False,
2026-05,month,2026-05,2026-05,app_store,android_feature_gaps,0,42,0.0,,,True,False,False,app_store,,False,False,
2026-05,month,2026-05,2026-05,app_store,android_specific_bugs,0,42,0.0,,,True,False,False,app_store,,False,False,
2026-05,month,2026-05,2026-05,app_store,battery_life,2,42,4.762,50.0,50.0,True,False,False,app_store,,False,False,
2026-05,month,2026-05,2026-05,app_store,billing_disputes,6,42,14.286,16.7,66.7,True,False,False,app_store,,False,False,
2026-05,month,2026-05,2026-05,app_store,build_quality_perception,1,42,2.381,0.0,100.0,True,False,False,app_store,,False,False,
2026-05,month,2026-05,2026-05,app_store,cardiac_detection_trust,0,42,0.0,,,True,False,False,app_store,,False,False,
2026-05,month,2026-05,2026-05,app_store,comfort_fit,0,42,0.0,,,True,False,False,app_store,,False,False,
2026-05,month,2026-05,2026-05,app_store,crashes_freezes,2,42,4.762,50.0,50.0,True,False,False,app_store,,False,False,
2026-05,month,2026-05,2026-05,app_store,data_sync_delays,1,42,2.381,100.0,0.0,True,False,False,app_store,,False,False,
2026-05,month,2026-05,2026-05,app_store,device_rendering_bugs,1,42,2.381,100.0,0.0,True,False,False,app_store,,False,False,
2026-05,month,2026-05,2026-05,app_store,ecg_bp_feature_reliability,1,42,2.381,0.0,100.0,True,False,False,app_store,,False,False,
2026-05,month,2026-05,2026-05,app_store,english_jargon_complexity,0,42,0.0,,,True,False,False,app_store,,False,False,
2026-05,month,2026-05,2026-05,app_store,feature_ui_friction,2,42,4.762,100.0,0.0,True,False,False,app_store,,False,False,
2026-05,month,2026-05,2026-05,app_store,metric_accuracy,4,42,9.524,25.0,50.0,True,False,False,app_store,,False,False,
2026-05,month,2026-05,2026-05,app_store,missing_activity_types,5,42,11.905,80.0,0.0,True,False,False,app_store,,False,False,
2026-05,month,2026-05,2026-05,app_store,missing_language_support,2,42,4.762,50.0,0.0,True,False,False,app_store,,False,False,
2026-05,month,2026-05,2026-05,app_store,missing_metrics,0,42,0.0,,,True,False,False,app_store,,False,False,
2026-05,month,2026-05,2026-05,app_store,notification_community_issues,0,42,0.0,,,True,False,False,app_store,,False,False,
2026-05,month,2026-05,2026-05,app_store,onboarding_pairing,1,42,2.381,0.0,100.0,True,False,False,app_store,,False,False,
2026-05,month,2026-05,2026-05,app_store,ongoing_disconnects,0,42,0.0,,,True,False,False,app_store,,False,False,
2026-05,month,2026-05,2026-05,app_store,personalization_use_case_fit,3,42,7.143,33.3,33.3,True,False,False,app_store,,False,False,
2026-05,month,2026-05,2026-05,app_store,plan_trial_structure,1,42,2.381,0.0,100.0,True,False,False,app_store,,False,False,
2026-05,month,2026-05,2026-05,app_store,price_value_perception,9,42,21.429,11.1,66.7,True,False,False,app_store,,False,False,
2026-05,month,2026-05,2026-05,app_store,redesign_regression,1,42,2.381,100.0,0.0,True,False,False,app_store,,False,False,
2026-05,month,2026-05,2026-05,app_store,sleep_accuracy,6,42,14.286,16.7,50.0,True,False,False,app_store,,False,False,
2026-05,month,2026-05,2026-05,app_store,sleep_alarm_ui,1,42,2.381,0.0,100.0,True,False,False,app_store,,False,False,
2026-05,month,2026-05,2026-05,app_store,sleep_satisfaction,0,42,0.0,,,True,False,False,app_store,,False,False,
2026-05,month,2026-05,2026-05,app_store,strap_clasp_durability,2,42,4.762,0.0,100.0,True,False,False,app_store,,False,False,
2026-05,month,2026-05,2026-05,app_store,support_resolution_quality,3,42,7.143,0.0,100.0,True,False,False,app_store,,False,False,
2026-05,month,2026-05,2026-05,app_store,support_responsiveness,2,42,4.762,50.0,50.0,True,False,False,app_store,,False,False,
2026-05,month,2026-05,2026-05,app_store,support_satisfaction,0,42,0.0,,,True,False,False,app_store,,False,False,
2026-05,month,2026-05,2026-05,app_store,third_party_integration,1,42,2.381,100.0,0.0,True,False,False,app_store,,False,False,
2026-05,month,2026-05,2026-05,app_store,update_failures,2,42,4.762,50.0,50.0,True,False,False,app_store,,False,False,
2026-05,month,2026-05,2026-05,app_store,upsell_pressure,4,42,9.524,25.0,25.0,True,False,False,app_store,,False,False,
2026-06,month,2026-06,2026-06,app_store,ai_coach,13,112,11.607,69.2,23.1,True,False,True,app_store,9.223,False,False,stable
2026-06,month,2026-06,2026-06,app_store,app_stability,3,112,2.679,0.0,100.0,True,False,True,app_store,11.165,False,True,decline
2026-06,month,2026-06,2026-06,app_store,customer_support,7,112,6.25,14.3,71.4,True,False,True,app_store,21.359,False,True,decline
2026-06,month,2026-06,2026-06,app_store,data_accuracy,13,112,11.607,30.8,46.2,True,False,True,app_store,14.078,False,False,stable
2026-06,month,2026-06,2026-06,app_store,feature_requests,14,112,12.5,57.1,21.4,True,False,True,app_store,14.563,False,False,stable
2026-06,month,2026-06,2026-06,app_store,hardware_wearability,6,112,5.357,16.7,83.3,True,False,True,app_store,8.738,False,False,stable
2026-06,month,2026-06,2026-06,app_store,health_signal_reliability,2,112,1.786,50.0,50.0,True,False,True,app_store,4.369,False,False,stable
2026-06,month,2026-06,2026-06,app_store,localization,4,112,3.571,25.0,50.0,True,False,True,app_store,5.34,False,False,stable
2026-06,month,2026-06,2026-06,app_store,platform_parity,0,112,0.0,,,True,False,True,app_store,0.0,False,False,insufficient_recent_occurrences
2026-06,month,2026-06,2026-06,app_store,pricing_billing,26,112,23.214,26.9,73.1,True,False,True,app_store,37.864,False,True,decline
2026-06,month,2026-06,2026-06,app_store,sleep_tracking,21,112,18.75,85.7,4.8,True,False,True,app_store,13.107,False,False,stable
2026-06,month,2026-06,2026-06,app_store,sync_connectivity,4,112,3.571,50.0,50.0,True,False,True,app_store,12.621,False,True,decline
2026-06,month,2026-06,2026-06,app_store,ui_ux,12,112,10.714,25.0,66.7,True,False,True,app_store,16.019,False,True,decline
2026-06,month,2026-06,2026-06,app_store,activity_detection,3,112,2.679,33.3,0.0,True,False,True,app_store,1.942,True,False,spike
2026-06,month,2026-06,2026-06,app_store,ai_autonomy,1,112,0.893,0.0,100.0,True,False,True,app_store,1.942,False,False,insufficient_recent_occurrences
2026-06,month,2026-06,2026-06,app_store,ai_only_support_channel,2,112,1.786,0.0,100.0,True,False,True,app_store,6.311,False,True,decline
2026-06,month,2026-06,2026-06,app_store,ai_positive_reception,7,112,6.25,100.0,0.0,True,False,True,app_store,1.456,True,False,spike
2026-06,month,2026-06,2026-06,app_store,ai_reliability_bugs,6,112,5.357,50.0,33.3,True,False,True,app_store,5.825,False,False,stable
2026-06,month,2026-06,2026-06,app_store,android_feature_gaps,0,112,0.0,,,True,False,True,app_store,0.0,False,False,insufficient_recent_occurrences
2026-06,month,2026-06,2026-06,app_store,android_specific_bugs,0,112,0.0,,,True,False,True,app_store,0.0,False,False,insufficient_recent_occurrences
2026-06,month,2026-06,2026-06,app_store,battery_life,2,112,1.786,0.0,100.0,True,False,True,app_store,3.398,False,False,stable
2026-06,month,2026-06,2026-06,app_store,billing_disputes,6,112,5.357,0.0,100.0,True,False,True,app_store,17.476,False,True,decline
2026-06,month,2026-06,2026-06,app_store,build_quality_perception,2,112,1.786,0.0,100.0,True,False,True,app_store,2.427,False,False,stable
2026-06,month,2026-06,2026-06,app_store,cardiac_detection_trust,0,112,0.0,,,True,False,True,app_store,0.0,False,False,insufficient_recent_occurrences
2026-06,month,2026-06,2026-06,app_store,comfort_fit,3,112,2.679,33.3,66.7,True,False,True,app_store,1.456,False,False,stable
2026-06,month,2026-06,2026-06,app_store,crashes_freezes,3,112,2.679,0.0,100.0,True,False,True,app_store,5.825,False,False,stable
2026-06,month,2026-06,2026-06,app_store,data_sync_delays,2,112,1.786,50.0,50.0,True,False,True,app_store,6.796,False,True,decline
2026-06,month,2026-06,2026-06,app_store,device_rendering_bugs,1,112,0.893,0.0,0.0,True,False,True,app_store,2.427,False,False,insufficient_recent_occurrences
2026-06,month,2026-06,2026-06,app_store,ecg_bp_feature_reliability,2,112,1.786,50.0,50.0,True,False,True,app_store,4.369,False,True,decline
2026-06,month,2026-06,2026-06,app_store,english_jargon_complexity,0,112,0.0,,,True,False,True,app_store,0.971,False,False,insufficient_recent_occurrences
2026-06,month,2026-06,2026-06,app_store,feature_ui_friction,8,112,7.143,37.5,62.5,True,False,True,app_store,6.311,False,True,decline
2026-06,month,2026-06,2026-06,app_store,metric_accuracy,12,112,10.714,25.0,50.0,True,False,True,app_store,12.621,False,False,stable
2026-06,month,2026-06,2026-06,app_store,missing_activity_types,3,112,2.679,33.3,66.7,True,False,True,app_store,3.883,False,False,stable
2026-06,month,2026-06,2026-06,app_store,missing_language_support,4,112,3.571,25.0,50.0,True,False,True,app_store,5.34,False,True,decline
2026-06,month,2026-06,2026-06,app_store,missing_metrics,6,112,5.357,66.7,0.0,True,False,True,app_store,4.854,False,False,stable
2026-06,month,2026-06,2026-06,app_store,notification_community_issues,1,112,0.893,0.0,100.0,True,False,True,app_store,0.485,False,False,stable
2026-06,month,2026-06,2026-06,app_store,onboarding_pairing,1,112,0.893,100.0,0.0,True,False,True,app_store,3.398,False,False,insufficient_recent_occurrences
2026-06,month,2026-06,2026-06,app_store,ongoing_disconnects,1,112,0.893,0.0,100.0,True,False,True,app_store,2.427,False,False,stable
2026-06,month,2026-06,2026-06,app_store,personalization_use_case_fit,4,112,3.571,75.0,0.0,True,False,True,app_store,3.398,False,False,stable
2026-06,month,2026-06,2026-06,app_store,plan_trial_structure,3,112,2.679,0.0,100.0,True,False,True,app_store,3.398,False,False,insufficient_recent_occurrences
2026-06,month,2026-06,2026-06,app_store,price_value_perception,19,112,16.964,36.8,63.2,True,False,True,app_store,22.33,False,True,decline
2026-06,month,2026-06,2026-06,app_store,redesign_regression,5,112,4.464,0.0,100.0,True,False,True,app_store,7.767,False,True,decline
2026-06,month,2026-06,2026-06,app_store,sleep_accuracy,4,112,3.571,50.0,25.0,True,False,True,app_store,8.738,False,True,decline
2026-06,month,2026-06,2026-06,app_store,sleep_alarm_ui,0,112,0.0,,,True,False,True,app_store,2.913,False,False,insufficient_recent_occurrences
2026-06,month,2026-06,2026-06,app_store,sleep_satisfaction,17,112,15.179,94.1,0.0,True,False,True,app_store,1.942,True,False,spike
2026-06,month,2026-06,2026-06,app_store,strap_clasp_durability,0,112,0.0,,,True,False,True,app_store,2.913,False,False,insufficient_recent_occurrences
2026-06,month,2026-06,2026-06,app_store,support_resolution_quality,5,112,4.464,0.0,80.0,True,False,True,app_store,13.592,False,True,decline
2026-06,month,2026-06,2026-06,app_store,support_responsiveness,0,112,0.0,,,True,False,True,app_store,7.282,False,True,decline
2026-06,month,2026-06,2026-06,app_store,support_satisfaction,1,112,0.893,100.0,0.0,True,False,True,app_store,0.485,False,False,insufficient_recent_occurrences
2026-06,month,2026-06,2026-06,app_store,third_party_integration,5,112,4.464,60.0,20.0,True,False,True,app_store,3.883,False,True,decline
2026-06,month,2026-06,2026-06,app_store,update_failures,0,112,0.0,,,True,False,True,app_store,5.825,False,False,insufficient_recent_occurrences
2026-06,month,2026-06,2026-06,app_store,upsell_pressure,1,112,0.893,0.0,100.0,True,False,True,app_store,5.34,False,False,insufficient_recent_occurrences
2026-07,month,2026-07,2026-07,app_store,ai_coach,23,138,16.667,60.9,30.4,True,False,True,app_store,9.223,False,False,stable
2026-07,month,2026-07,2026-07,app_store,app_stability,5,138,3.623,20.0,80.0,True,False,True,app_store,11.165,False,True,decline
2026-07,month,2026-07,2026-07,app_store,customer_support,8,138,5.797,12.5,75.0,True,False,True,app_store,21.359,False,True,decline
2026-07,month,2026-07,2026-07,app_store,data_accuracy,11,138,7.971,27.3,54.5,True,False,True,app_store,14.078,False,False,stable
2026-07,month,2026-07,2026-07,app_store,feature_requests,22,138,15.942,54.5,36.4,True,False,True,app_store,14.563,False,False,stable
2026-07,month,2026-07,2026-07,app_store,hardware_wearability,12,138,8.696,41.7,33.3,True,False,True,app_store,8.738,False,False,stable
2026-07,month,2026-07,2026-07,app_store,health_signal_reliability,3,138,2.174,33.3,66.7,True,False,True,app_store,4.369,False,False,stable
2026-07,month,2026-07,2026-07,app_store,localization,5,138,3.623,20.0,40.0,True,False,True,app_store,5.34,False,False,stable
2026-07,month,2026-07,2026-07,app_store,platform_parity,0,138,0.0,,,True,False,True,app_store,0.0,False,False,insufficient_recent_occurrences
2026-07,month,2026-07,2026-07,app_store,pricing_billing,27,138,19.565,22.2,59.3,True,False,True,app_store,37.864,False,True,decline
2026-07,month,2026-07,2026-07,app_store,sleep_tracking,25,138,18.116,72.0,24.0,True,False,True,app_store,13.107,False,False,stable
2026-07,month,2026-07,2026-07,app_store,sync_connectivity,7,138,5.072,28.6,42.9,True,False,True,app_store,12.621,False,True,decline
2026-07,month,2026-07,2026-07,app_store,ui_ux,11,138,7.971,45.5,45.5,True,False,True,app_store,16.019,False,True,decline
2026-07,month,2026-07,2026-07,app_store,activity_detection,7,138,5.072,0.0,85.7,True,False,True,app_store,1.942,True,False,spike
2026-07,month,2026-07,2026-07,app_store,ai_autonomy,1,138,0.725,0.0,100.0,True,False,True,app_store,1.942,False,False,insufficient_recent_occurrences
2026-07,month,2026-07,2026-07,app_store,ai_only_support_channel,1,138,0.725,0.0,100.0,True,False,True,app_store,6.311,False,True,decline
2026-07,month,2026-07,2026-07,app_store,ai_positive_reception,13,138,9.42,100.0,0.0,True,False,True,app_store,1.456,True,False,spike
2026-07,month,2026-07,2026-07,app_store,ai_reliability_bugs,9,138,6.522,11.1,66.7,True,False,True,app_store,5.825,False,False,stable
2026-07,month,2026-07,2026-07,app_store,android_feature_gaps,0,138,0.0,,,True,False,True,app_store,0.0,False,False,insufficient_recent_occurrences
2026-07,month,2026-07,2026-07,app_store,android_specific_bugs,0,138,0.0,,,True,False,True,app_store,0.0,False,False,insufficient_recent_occurrences
2026-07,month,2026-07,2026-07,app_store,battery_life,4,138,2.899,50.0,50.0,True,False,True,app_store,3.398,False,False,stable
2026-07,month,2026-07,2026-07,app_store,billing_disputes,7,138,5.072,0.0,100.0,True,False,True,app_store,17.476,False,True,decline
2026-07,month,2026-07,2026-07,app_store,build_quality_perception,3,138,2.174,0.0,66.7,True,False,True,app_store,2.427,False,False,stable
2026-07,month,2026-07,2026-07,app_store,cardiac_detection_trust,0,138,0.0,,,True,False,True,app_store,0.0,False,False,insufficient_recent_occurrences
2026-07,month,2026-07,2026-07,app_store,comfort_fit,6,138,4.348,50.0,16.7,True,False,True,app_store,1.456,False,False,stable
2026-07,month,2026-07,2026-07,app_store,crashes_freezes,5,138,3.623,20.0,80.0,True,False,True,app_store,5.825,False,False,stable
2026-07,month,2026-07,2026-07,app_store,data_sync_delays,7,138,5.072,28.6,42.9,True,False,True,app_store,6.796,False,True,decline
2026-07,month,2026-07,2026-07,app_store,device_rendering_bugs,1,138,0.725,100.0,0.0,True,False,True,app_store,2.427,False,False,insufficient_recent_occurrences
2026-07,month,2026-07,2026-07,app_store,ecg_bp_feature_reliability,3,138,2.174,33.3,66.7,True,False,True,app_store,4.369,False,True,decline
2026-07,month,2026-07,2026-07,app_store,english_jargon_complexity,1,138,0.725,0.0,0.0,True,False,True,app_store,0.971,False,False,insufficient_recent_occurrences
2026-07,month,2026-07,2026-07,app_store,feature_ui_friction,5,138,3.623,60.0,20.0,True,False,True,app_store,6.311,False,True,decline
2026-07,month,2026-07,2026-07,app_store,metric_accuracy,5,138,3.623,60.0,20.0,True,False,True,app_store,12.621,False,False,stable
2026-07,month,2026-07,2026-07,app_store,missing_activity_types,4,138,2.899,50.0,25.0,True,False,True,app_store,3.883,False,False,stable
2026-07,month,2026-07,2026-07,app_store,missing_language_support,5,138,3.623,20.0,40.0,True,False,True,app_store,5.34,False,True,decline
2026-07,month,2026-07,2026-07,app_store,missing_metrics,11,138,7.971,45.5,45.5,True,False,True,app_store,4.854,False,False,stable
2026-07,month,2026-07,2026-07,app_store,notification_community_issues,4,138,2.899,25.0,50.0,True,False,True,app_store,0.485,False,False,stable
2026-07,month,2026-07,2026-07,app_store,onboarding_pairing,1,138,0.725,0.0,100.0,True,False,True,app_store,3.398,False,False,insufficient_recent_occurrences
2026-07,month,2026-07,2026-07,app_store,ongoing_disconnects,1,138,0.725,100.0,0.0,True,False,True,app_store,2.427,False,False,stable
2026-07,month,2026-07,2026-07,app_store,personalization_use_case_fit,10,138,7.246,50.0,40.0,True,False,True,app_store,3.398,False,False,stable
2026-07,month,2026-07,2026-07,app_store,plan_trial_structure,0,138,0.0,,,True,False,True,app_store,3.398,False,False,insufficient_recent_occurrences
2026-07,month,2026-07,2026-07,app_store,price_value_perception,21,138,15.217,28.6,47.6,True,False,True,app_store,22.33,False,True,decline
2026-07,month,2026-07,2026-07,app_store,redesign_regression,3,138,2.174,33.3,66.7,True,False,True,app_store,7.767,False,True,decline
2026-07,month,2026-07,2026-07,app_store,sleep_accuracy,5,138,3.623,0.0,100.0,True,False,True,app_store,8.738,False,True,decline
2026-07,month,2026-07,2026-07,app_store,sleep_alarm_ui,1,138,0.725,0.0,100.0,True,False,True,app_store,2.913,False,False,insufficient_recent_occurrences
2026-07,month,2026-07,2026-07,app_store,sleep_satisfaction,19,138,13.768,94.7,0.0,True,False,True,app_store,1.942,True,False,spike
2026-07,month,2026-07,2026-07,app_store,strap_clasp_durability,0,138,0.0,,,True,False,True,app_store,2.913,False,False,insufficient_recent_occurrences
2026-07,month,2026-07,2026-07,app_store,support_resolution_quality,7,138,5.072,14.3,85.7,True,False,True,app_store,13.592,False,True,decline
2026-07,month,2026-07,2026-07,app_store,support_responsiveness,4,138,2.899,25.0,50.0,True,False,True,app_store,7.282,False,True,decline
2026-07,month,2026-07,2026-07,app_store,support_satisfaction,0,138,0.0,,,True,False,True,app_store,0.485,False,False,insufficient_recent_occurrences
2026-07,month,2026-07,2026-07,app_store,third_party_integration,1,138,0.725,100.0,0.0,True,False,True,app_store,3.883,False,True,decline
2026-07,month,2026-07,2026-07,app_store,update_failures,2,138,1.449,0.0,100.0,True,False,True,app_store,5.825,False,False,insufficient_recent_occurrences
2026-07,month,2026-07,2026-07,app_store,upsell_pressure,2,138,1.449,0.0,100.0,True,False,True,app_store,5.34,False,False,insufficient_recent_occurrences
2026-08,month,2026-08,2026-08,app_store,ai_coach,12,128,9.375,50.0,25.0,True,False,True,app_store,9.223,False,False,stable
2026-08,month,2026-08,2026-08,app_store,app_stability,11,128,8.594,0.0,100.0,True,False,True,app_store,11.165,False,True,decline
2026-08,month,2026-08,2026-08,app_store,customer_support,15,128,11.719,0.0,86.7,True,False,True,app_store,21.359,False,True,decline
2026-08,month,2026-08,2026-08,app_store,data_accuracy,18,128,14.062,22.2,50.0,True,False,True,app_store,14.078,False,False,stable
2026-08,month,2026-08,2026-08,app_store,feature_requests,11,128,8.594,45.5,36.4,True,False,True,app_store,14.563,False,False,stable
2026-08,month,2026-08,2026-08,app_store,hardware_wearability,6,128,4.688,66.7,33.3,True,False,True,app_store,8.738,False,False,stable
2026-08,month,2026-08,2026-08,app_store,health_signal_reliability,4,128,3.125,50.0,25.0,True,False,True,app_store,4.369,False,False,stable
2026-08,month,2026-08,2026-08,app_store,localization,4,128,3.125,50.0,25.0,True,False,True,app_store,5.34,False,False,stable
2026-08,month,2026-08,2026-08,app_store,platform_parity,0,128,0.0,,,True,False,True,app_store,0.0,False,False,insufficient_recent_occurrences
2026-08,month,2026-08,2026-08,app_store,pricing_billing,23,128,17.969,17.4,60.9,True,False,True,app_store,37.864,False,True,decline
2026-08,month,2026-08,2026-08,app_store,sleep_tracking,24,128,18.75,70.8,20.8,True,False,True,app_store,13.107,False,False,stable
2026-08,month,2026-08,2026-08,app_store,sync_connectivity,9,128,7.031,22.2,66.7,True,False,True,app_store,12.621,False,True,decline
2026-08,month,2026-08,2026-08,app_store,ui_ux,6,128,4.688,0.0,50.0,True,False,True,app_store,16.019,False,True,decline
2026-08,month,2026-08,2026-08,app_store,activity_detection,6,128,4.688,16.7,33.3,True,False,True,app_store,1.942,True,False,spike
2026-08,month,2026-08,2026-08,app_store,ai_autonomy,2,128,1.562,0.0,0.0,True,False,True,app_store,1.942,False,False,insufficient_recent_occurrences
2026-08,month,2026-08,2026-08,app_store,ai_only_support_channel,2,128,1.562,0.0,100.0,True,False,True,app_store,6.311,False,True,decline
2026-08,month,2026-08,2026-08,app_store,ai_positive_reception,5,128,3.906,80.0,0.0,True,False,True,app_store,1.456,True,False,spike
2026-08,month,2026-08,2026-08,app_store,ai_reliability_bugs,5,128,3.906,40.0,60.0,True,False,True,app_store,5.825,False,False,stable
2026-08,month,2026-08,2026-08,app_store,android_feature_gaps,0,128,0.0,,,True,False,True,app_store,0.0,False,False,insufficient_recent_occurrences
2026-08,month,2026-08,2026-08,app_store,android_specific_bugs,0,128,0.0,,,True,False,True,app_store,0.0,False,False,insufficient_recent_occurrences
2026-08,month,2026-08,2026-08,app_store,battery_life,3,128,2.344,100.0,0.0,True,False,True,app_store,3.398,False,False,stable
2026-08,month,2026-08,2026-08,app_store,billing_disputes,10,128,7.812,0.0,90.0,True,False,True,app_store,17.476,False,True,decline
2026-08,month,2026-08,2026-08,app_store,build_quality_perception,0,128,0.0,,,True,False,True,app_store,2.427,False,False,stable
2026-08,month,2026-08,2026-08,app_store,cardiac_detection_trust,1,128,0.781,100.0,0.0,True,False,True,app_store,0.0,False,False,insufficient_recent_occurrences
2026-08,month,2026-08,2026-08,app_store,comfort_fit,2,128,1.562,100.0,0.0,True,False,True,app_store,1.456,False,False,stable
2026-08,month,2026-08,2026-08,app_store,crashes_freezes,10,128,7.812,0.0,100.0,True,False,True,app_store,5.825,False,False,stable
2026-08,month,2026-08,2026-08,app_store,data_sync_delays,5,128,3.906,0.0,80.0,True,False,True,app_store,6.796,False,True,decline
2026-08,month,2026-08,2026-08,app_store,device_rendering_bugs,2,128,1.562,0.0,0.0,True,False,True,app_store,2.427,False,False,insufficient_recent_occurrences
2026-08,month,2026-08,2026-08,app_store,ecg_bp_feature_reliability,3,128,2.344,33.3,33.3,True,False,True,app_store,4.369,False,True,decline
2026-08,month,2026-08,2026-08,app_store,english_jargon_complexity,1,128,0.781,0.0,0.0,True,False,True,app_store,0.971,False,False,insufficient_recent_occurrences
2026-08,month,2026-08,2026-08,app_store,feature_ui_friction,2,128,1.562,0.0,100.0,True,False,True,app_store,6.311,False,True,decline
2026-08,month,2026-08,2026-08,app_store,metric_accuracy,15,128,11.719,20.0,53.3,True,False,True,app_store,12.621,False,False,stable
2026-08,month,2026-08,2026-08,app_store,missing_activity_types,1,128,0.781,100.0,0.0,True,False,True,app_store,3.883,False,False,stable
2026-08,month,2026-08,2026-08,app_store,missing_language_support,3,128,2.344,66.7,33.3,True,False,True,app_store,5.34,False,True,decline
2026-08,month,2026-08,2026-08,app_store,missing_metrics,6,128,4.688,50.0,33.3,True,False,True,app_store,4.854,False,False,stable
2026-08,month,2026-08,2026-08,app_store,notification_community_issues,2,128,1.562,0.0,50.0,True,False,True,app_store,0.485,False,False,stable
2026-08,month,2026-08,2026-08,app_store,onboarding_pairing,1,128,0.781,0.0,100.0,True,False,True,app_store,3.398,False,False,insufficient_recent_occurrences
2026-08,month,2026-08,2026-08,app_store,ongoing_disconnects,3,128,2.344,66.7,33.3,True,False,True,app_store,2.427,False,False,stable
2026-08,month,2026-08,2026-08,app_store,personalization_use_case_fit,5,128,3.906,40.0,40.0,True,False,True,app_store,3.398,False,False,stable
2026-08,month,2026-08,2026-08,app_store,plan_trial_structure,0,128,0.0,,,True,False,True,app_store,3.398,False,False,insufficient_recent_occurrences
2026-08,month,2026-08,2026-08,app_store,price_value_perception,16,128,12.5,25.0,56.2,True,False,True,app_store,22.33,False,True,decline
2026-08,month,2026-08,2026-08,app_store,redesign_regression,0,128,0.0,,,True,False,True,app_store,7.767,False,True,decline
2026-08,month,2026-08,2026-08,app_store,sleep_accuracy,8,128,6.25,12.5,62.5,True,False,True,app_store,8.738,False,True,decline
2026-08,month,2026-08,2026-08,app_store,sleep_alarm_ui,0,128,0.0,,,True,False,True,app_store,2.913,False,False,insufficient_recent_occurrences
2026-08,month,2026-08,2026-08,app_store,sleep_satisfaction,16,128,12.5,100.0,0.0,True,False,True,app_store,1.942,True,False,spike
2026-08,month,2026-08,2026-08,app_store,strap_clasp_durability,2,128,1.562,0.0,100.0,True,False,True,app_store,2.913,False,False,insufficient_recent_occurrences
2026-08,month,2026-08,2026-08,app_store,support_resolution_quality,10,128,7.812,0.0,100.0,True,False,True,app_store,13.592,False,True,decline
2026-08,month,2026-08,2026-08,app_store,support_responsiveness,5,128,3.906,0.0,80.0,True,False,True,app_store,7.282,False,True,decline
2026-08,month,2026-08,2026-08,app_store,support_satisfaction,1,128,0.781,0.0,0.0,True,False,True,app_store,0.485,False,False,insufficient_recent_occurrences
2026-08,month,2026-08,2026-08,app_store,third_party_integration,1,128,0.781,0.0,0.0,True,False,True,app_store,3.883,False,True,decline
2026-08,month,2026-08,2026-08,app_store,update_failures,2,128,1.562,0.0,100.0,True,False,True,app_store,5.825,False,False,insufficient_recent_occurrences
2026-08,month,2026-08,2026-08,app_store,upsell_pressure,1,128,0.781,0.0,0.0,True,False,True,app_store,5.34,False,False,insufficient_recent_occurrences
2026-09,month,2026-09,2026-09,app_store,ai_coach,7,80,8.75,14.3,85.7,True,True,False,app_store,,False,False,
2026-09,month,2026-09,2026-09,app_store,app_stability,3,80,3.75,0.0,100.0,True,True,False,app_store,,False,False,
2026-09,month,2026-09,2026-09,app_store,customer_support,5,80,6.25,0.0,100.0,True,True,False,app_store,,False,False,
2026-09,month,2026-09,2026-09,app_store,data_accuracy,12,80,15.0,25.0,41.7,True,True,False,app_store,,False,False,
2026-09,month,2026-09,2026-09,app_store,feature_requests,10,80,12.5,50.0,30.0,True,True,False,app_store,,False,False,
2026-09,month,2026-09,2026-09,app_store,hardware_wearability,6,80,7.5,50.0,33.3,True,True,False,app_store,,False,False,
2026-09,month,2026-09,2026-09,app_store,health_signal_reliability,0,80,0.0,,,True,True,False,app_store,,False,False,
2026-09,month,2026-09,2026-09,app_store,localization,3,80,3.75,33.3,33.3,True,True,False,app_store,,False,False,
2026-09,month,2026-09,2026-09,app_store,platform_parity,0,80,0.0,,,True,True,False,app_store,,False,False,
2026-09,month,2026-09,2026-09,app_store,pricing_billing,21,80,26.25,28.6,61.9,True,True,False,app_store,,False,False,
2026-09,month,2026-09,2026-09,app_store,sleep_tracking,19,80,23.75,57.9,36.8,True,True,False,app_store,,False,False,
2026-09,month,2026-09,2026-09,app_store,sync_connectivity,6,80,7.5,16.7,83.3,True,True,False,app_store,,False,False,
2026-09,month,2026-09,2026-09,app_store,ui_ux,5,80,6.25,40.0,40.0,True,True,False,app_store,,False,False,
2026-09,month,2026-09,2026-09,app_store,activity_detection,6,80,7.5,50.0,16.7,True,True,False,app_store,,False,False,
2026-09,month,2026-09,2026-09,app_store,ai_autonomy,2,80,2.5,0.0,100.0,True,True,False,app_store,,False,False,
2026-09,month,2026-09,2026-09,app_store,ai_only_support_channel,1,80,1.25,0.0,100.0,True,True,False,app_store,,False,False,
2026-09,month,2026-09,2026-09,app_store,ai_positive_reception,1,80,1.25,100.0,0.0,True,True,False,app_store,,False,False,
2026-09,month,2026-09,2026-09,app_store,ai_reliability_bugs,4,80,5.0,0.0,100.0,True,True,False,app_store,,False,False,
2026-09,month,2026-09,2026-09,app_store,android_feature_gaps,0,80,0.0,,,True,True,False,app_store,,False,False,
2026-09,month,2026-09,2026-09,app_store,android_specific_bugs,0,80,0.0,,,True,True,False,app_store,,False,False,
2026-09,month,2026-09,2026-09,app_store,battery_life,4,80,5.0,50.0,50.0,True,True,False,app_store,,False,False,
2026-09,month,2026-09,2026-09,app_store,billing_disputes,6,80,7.5,0.0,83.3,True,True,False,app_store,,False,False,
2026-09,month,2026-09,2026-09,app_store,build_quality_perception,1,80,1.25,0.0,0.0,True,True,False,app_store,,False,False,
2026-09,month,2026-09,2026-09,app_store,cardiac_detection_trust,0,80,0.0,,,True,True,False,app_store,,False,False,
2026-09,month,2026-09,2026-09,app_store,comfort_fit,3,80,3.75,33.3,33.3,True,True,False,app_store,,False,False,
2026-09,month,2026-09,2026-09,app_store,crashes_freezes,2,80,2.5,0.0,100.0,True,True,False,app_store,,False,False,
2026-09,month,2026-09,2026-09,app_store,data_sync_delays,5,80,6.25,20.0,80.0,True,True,False,app_store,,False,False,
2026-09,month,2026-09,2026-09,app_store,device_rendering_bugs,2,80,2.5,100.0,0.0,True,True,False,app_store,,False,False,
2026-09,month,2026-09,2026-09,app_store,ecg_bp_feature_reliability,0,80,0.0,,,True,True,False,app_store,,False,False,
2026-09,month,2026-09,2026-09,app_store,english_jargon_complexity,0,80,0.0,,,True,True,False,app_store,,False,False,
2026-09,month,2026-09,2026-09,app_store,feature_ui_friction,2,80,2.5,0.0,50.0,True,True,False,app_store,,False,False,
2026-09,month,2026-09,2026-09,app_store,metric_accuracy,7,80,8.75,0.0,71.4,True,True,False,app_store,,False,False,
2026-09,month,2026-09,2026-09,app_store,missing_activity_types,2,80,2.5,100.0,0.0,True,True,False,app_store,,False,False,
2026-09,month,2026-09,2026-09,app_store,missing_language_support,3,80,3.75,33.3,33.3,True,True,False,app_store,,False,False,
2026-09,month,2026-09,2026-09,app_store,missing_metrics,1,80,1.25,100.0,0.0,True,True,False,app_store,,False,False,
2026-09,month,2026-09,2026-09,app_store,notification_community_issues,2,80,2.5,50.0,50.0,True,True,False,app_store,,False,False,
2026-09,month,2026-09,2026-09,app_store,onboarding_pairing,0,80,0.0,,,True,True,False,app_store,,False,False,
2026-09,month,2026-09,2026-09,app_store,ongoing_disconnects,1,80,1.25,0.0,100.0,True,True,False,app_store,,False,False,
2026-09,month,2026-09,2026-09,app_store,personalization_use_case_fit,3,80,3.75,33.3,33.3,True,True,False,app_store,,False,False,
2026-09,month,2026-09,2026-09,app_store,plan_trial_structure,2,80,2.5,0.0,100.0,True,True,False,app_store,,False,False,
2026-09,month,2026-09,2026-09,app_store,price_value_perception,16,80,20.0,37.5,56.2,True,True,False,app_store,,False,False,
2026-09,month,2026-09,2026-09,app_store,redesign_regression,0,80,0.0,,,True,True,False,app_store,,False,False,
2026-09,month,2026-09,2026-09,app_store,sleep_accuracy,9,80,11.25,22.2,66.7,True,True,False,app_store,,False,False,
2026-09,month,2026-09,2026-09,app_store,sleep_alarm_ui,2,80,2.5,50.0,50.0,True,True,False,app_store,,False,False,
2026-09,month,2026-09,2026-09,app_store,sleep_satisfaction,8,80,10.0,100.0,0.0,True,True,False,app_store,,False,False,
2026-09,month,2026-09,2026-09,app_store,strap_clasp_durability,1,80,1.25,0.0,0.0,True,True,False,app_store,,False,False,
2026-09,month,2026-09,2026-09,app_store,support_resolution_quality,3,80,3.75,0.0,100.0,True,True,False,app_store,,False,False,
2026-09,month,2026-09,2026-09,app_store,support_responsiveness,3,80,3.75,0.0,100.0,True,True,False,app_store,,False,False,
2026-09,month,2026-09,2026-09,app_store,support_satisfaction,0,80,0.0,,,True,True,False,app_store,,False,False,
2026-09,month,2026-09,2026-09,app_store,third_party_integration,4,80,5.0,25.0,50.0,True,True,False,app_store,,False,False,
2026-09,month,2026-09,2026-09,app_store,update_failures,1,80,1.25,0.0,100.0,True,True,False,app_store,,False,False,
2026-09,month,2026-09,2026-09,app_store,upsell_pressure,0,80,0.0,,,True,True,False,app_store,,False,False,
2025-11,month,2025-11,2025-11,combined_overlap,ai_coach,4,89,4.494,25.0,50.0,True,False,False,combined_overlap,,False,False,
2025-11,month,2025-11,2025-11,combined_overlap,app_stability,10,89,11.236,10.0,70.0,True,False,False,combined_overlap,,False,False,
2025-11,month,2025-11,2025-11,combined_overlap,customer_support,9,89,10.112,11.1,55.6,True,False,False,combined_overlap,,False,False,
2025-11,month,2025-11,2025-11,combined_overlap,data_accuracy,15,89,16.854,13.3,80.0,True,False,False,combined_overlap,,False,False,
2025-11,month,2025-11,2025-11,combined_overlap,feature_requests,5,89,5.618,40.0,20.0,True,False,False,combined_overlap,,False,False,
2025-11,month,2025-11,2025-11,combined_overlap,hardware_wearability,2,89,2.247,50.0,50.0,True,False,False,combined_overlap,,False,False,
2025-11,month,2025-11,2025-11,combined_overlap,health_signal_reliability,3,89,3.371,66.7,0.0,True,False,False,combined_overlap,,False,False,
2025-11,month,2025-11,2025-11,combined_overlap,localization,2,89,2.247,50.0,50.0,True,False,False,combined_overlap,,False,False,
2025-11,month,2025-11,2025-11,combined_overlap,platform_parity,0,89,0.0,,,True,False,False,combined_overlap,,False,False,
2025-11,month,2025-11,2025-11,combined_overlap,pricing_billing,22,89,24.719,22.7,72.7,True,False,False,combined_overlap,,False,False,
2025-11,month,2025-11,2025-11,combined_overlap,sleep_tracking,16,89,17.978,50.0,43.8,True,False,False,combined_overlap,,False,False,
2025-11,month,2025-11,2025-11,combined_overlap,sync_connectivity,8,89,8.989,50.0,50.0,True,False,False,combined_overlap,,False,False,
2025-11,month,2025-11,2025-11,combined_overlap,ui_ux,10,89,11.236,30.0,40.0,True,False,False,combined_overlap,,False,False,
2025-11,month,2025-11,2025-11,combined_overlap,activity_detection,3,89,3.371,33.3,66.7,True,False,False,combined_overlap,,False,False,
2025-11,month,2025-11,2025-11,combined_overlap,ai_autonomy,1,89,1.124,0.0,100.0,True,False,False,combined_overlap,,False,False,
2025-11,month,2025-11,2025-11,combined_overlap,ai_only_support_channel,1,89,1.124,0.0,0.0,True,False,False,combined_overlap,,False,False,
2025-11,month,2025-11,2025-11,combined_overlap,ai_positive_reception,1,89,1.124,100.0,0.0,True,False,False,combined_overlap,,False,False,
2025-11,month,2025-11,2025-11,combined_overlap,ai_reliability_bugs,2,89,2.247,0.0,50.0,True,False,False,combined_overlap,,False,False,
2025-11,month,2025-11,2025-11,combined_overlap,android_feature_gaps,0,89,0.0,,,True,False,False,combined_overlap,,False,False,
2025-11,month,2025-11,2025-11,combined_overlap,android_specific_bugs,0,89,0.0,,,True,False,False,combined_overlap,,False,False,
2025-11,month,2025-11,2025-11,combined_overlap,battery_life,0,89,0.0,,,True,False,False,combined_overlap,,False,False,
2025-11,month,2025-11,2025-11,combined_overlap,billing_disputes,7,89,7.865,14.3,85.7,True,False,False,combined_overlap,,False,False,
2025-11,month,2025-11,2025-11,combined_overlap,build_quality_perception,2,89,2.247,50.0,50.0,True,False,False,combined_overlap,,False,False,
2025-11,month,2025-11,2025-11,combined_overlap,cardiac_detection_trust,0,89,0.0,,,True,False,False,combined_overlap,,False,False,
2025-11,month,2025-11,2025-11,combined_overlap,comfort_fit,0,89,0.0,,,True,False,False,combined_overlap,,False,False,
2025-11,month,2025-11,2025-11,combined_overlap,crashes_freezes,7,89,7.865,0.0,100.0,True,False,False,combined_overlap,,False,False,
2025-11,month,2025-11,2025-11,combined_overlap,data_sync_delays,5,89,5.618,40.0,60.0,True,False,False,combined_overlap,,False,False,
2025-11,month,2025-11,2025-11,combined_overlap,device_rendering_bugs,4,89,4.494,25.0,50.0,True,False,False,combined_overlap,,False,False,
2025-11,month,2025-11,2025-11,combined_overlap,ecg_bp_feature_reliability,3,89,3.371,66.7,0.0,True,False,False,combined_overlap,,False,False,
2025-11,month,2025-11,2025-11,combined_overlap,english_jargon_complexity,0,89,0.0,,,True,False,False,combined_overlap,,False,False,
2025-11,month,2025-11,2025-11,combined_overlap,feature_ui_friction,2,89,2.247,100.0,0.0,True,False,False,combined_overlap,,False,False,
2025-11,month,2025-11,2025-11,combined_overlap,metric_accuracy,12,89,13.483,8.3,83.3,True,False,False,combined_overlap,,False,False,
2025-11,month,2025-11,2025-11,combined_overlap,missing_activity_types,3,89,3.371,33.3,0.0,True,False,False,combined_overlap,,False,False,
2025-11,month,2025-11,2025-11,combined_overlap,missing_language_support,2,89,2.247,50.0,50.0,True,False,False,combined_overlap,,False,False,
2025-11,month,2025-11,2025-11,combined_overlap,missing_metrics,1,89,1.124,0.0,0.0,True,False,False,combined_overlap,,False,False,
2025-11,month,2025-11,2025-11,combined_overlap,notification_community_issues,1,89,1.124,0.0,100.0,True,False,False,combined_overlap,,False,False,
2025-11,month,2025-11,2025-11,combined_overlap,onboarding_pairing,0,89,0.0,,,True,False,False,combined_overlap,,False,False,
2025-11,month,2025-11,2025-11,combined_overlap,ongoing_disconnects,3,89,3.371,66.7,33.3,True,False,False,combined_overlap,,False,False,
2025-11,month,2025-11,2025-11,combined_overlap,personalization_use_case_fit,1,89,1.124,0.0,100.0,True,False,False,combined_overlap,,False,False,
2025-11,month,2025-11,2025-11,combined_overlap,plan_trial_structure,2,89,2.247,50.0,50.0,True,False,False,combined_overlap,,False,False,
2025-11,month,2025-11,2025-11,combined_overlap,price_value_perception,15,89,16.854,20.0,73.3,True,False,False,combined_overlap,,False,False,
2025-11,month,2025-11,2025-11,combined_overlap,redesign_regression,3,89,3.371,0.0,33.3,True,False,False,combined_overlap,,False,False,
2025-11,month,2025-11,2025-11,combined_overlap,sleep_accuracy,6,89,6.742,0.0,83.3,True,False,False,combined_overlap,,False,False,
2025-11,month,2025-11,2025-11,combined_overlap,sleep_alarm_ui,2,89,2.247,0.0,100.0,True,False,False,combined_overlap,,False,False,
2025-11,month,2025-11,2025-11,combined_overlap,sleep_satisfaction,8,89,8.989,100.0,0.0,True,False,False,combined_overlap,,False,False,
2025-11,month,2025-11,2025-11,combined_overlap,strap_clasp_durability,0,89,0.0,,,True,False,False,combined_overlap,,False,False,
2025-11,month,2025-11,2025-11,combined_overlap,support_resolution_quality,7,89,7.865,14.3,57.1,True,False,False,combined_overlap,,False,False,
2025-11,month,2025-11,2025-11,combined_overlap,support_responsiveness,3,89,3.371,0.0,66.7,True,False,False,combined_overlap,,False,False,
2025-11,month,2025-11,2025-11,combined_overlap,support_satisfaction,0,89,0.0,,,True,False,False,combined_overlap,,False,False,
2025-11,month,2025-11,2025-11,combined_overlap,third_party_integration,2,89,2.247,50.0,0.0,True,False,False,combined_overlap,,False,False,
2025-11,month,2025-11,2025-11,combined_overlap,update_failures,5,89,5.618,20.0,40.0,True,False,False,combined_overlap,,False,False,
2025-11,month,2025-11,2025-11,combined_overlap,upsell_pressure,1,89,1.124,100.0,0.0,True,False,False,combined_overlap,,False,False,
2025-12,month,2025-12,2025-12,combined_overlap,ai_coach,5,99,5.051,20.0,80.0,True,False,False,combined_overlap,,False,False,
2025-12,month,2025-12,2025-12,combined_overlap,app_stability,9,99,9.091,0.0,66.7,True,False,False,combined_overlap,,False,False,
2025-12,month,2025-12,2025-12,combined_overlap,customer_support,10,99,10.101,10.0,80.0,True,False,False,combined_overlap,,False,False,
2025-12,month,2025-12,2025-12,combined_overlap,data_accuracy,8,99,8.081,37.5,50.0,True,False,False,combined_overlap,,False,False,
2025-12,month,2025-12,2025-12,combined_overlap,feature_requests,10,99,10.101,30.0,60.0,True,False,False,combined_overlap,,False,False,
2025-12,month,2025-12,2025-12,combined_overlap,hardware_wearability,8,99,8.081,0.0,75.0,True,False,False,combined_overlap,,False,False,
2025-12,month,2025-12,2025-12,combined_overlap,health_signal_reliability,2,99,2.02,50.0,50.0,True,False,False,combined_overlap,,False,False,
2025-12,month,2025-12,2025-12,combined_overlap,localization,3,99,3.03,66.7,33.3,True,False,False,combined_overlap,,False,False,
2025-12,month,2025-12,2025-12,combined_overlap,platform_parity,2,99,2.02,0.0,100.0,True,False,False,combined_overlap,,False,False,
2025-12,month,2025-12,2025-12,combined_overlap,pricing_billing,29,99,29.293,10.3,75.9,True,False,False,combined_overlap,,False,False,
2025-12,month,2025-12,2025-12,combined_overlap,sleep_tracking,17,99,17.172,52.9,47.1,True,False,False,combined_overlap,,False,False,
2025-12,month,2025-12,2025-12,combined_overlap,sync_connectivity,13,99,13.131,30.8,46.2,True,False,False,combined_overlap,,False,False,
2025-12,month,2025-12,2025-12,combined_overlap,ui_ux,14,99,14.141,28.6,50.0,True,False,False,combined_overlap,,False,False,
2025-12,month,2025-12,2025-12,combined_overlap,activity_detection,1,99,1.01,0.0,100.0,True,False,False,combined_overlap,,False,False,
2025-12,month,2025-12,2025-12,combined_overlap,ai_autonomy,0,99,0.0,,,True,False,False,combined_overlap,,False,False,
2025-12,month,2025-12,2025-12,combined_overlap,ai_only_support_channel,3,99,3.03,0.0,66.7,True,False,False,combined_overlap,,False,False,
2025-12,month,2025-12,2025-12,combined_overlap,ai_positive_reception,1,99,1.01,100.0,0.0,True,False,False,combined_overlap,,False,False,
2025-12,month,2025-12,2025-12,combined_overlap,ai_reliability_bugs,4,99,4.04,0.0,100.0,True,False,False,combined_overlap,,False,False,
2025-12,month,2025-12,2025-12,combined_overlap,android_feature_gaps,0,99,0.0,,,True,False,False,combined_overlap,,False,False,
2025-12,month,2025-12,2025-12,combined_overlap,android_specific_bugs,2,99,2.02,0.0,100.0,True,False,False,combined_overlap,,False,False,
2025-12,month,2025-12,2025-12,combined_overlap,battery_life,2,99,2.02,0.0,50.0,True,False,False,combined_overlap,,False,False,
2025-12,month,2025-12,2025-12,combined_overlap,billing_disputes,12,99,12.121,0.0,91.7,True,False,False,combined_overlap,,False,False,
2025-12,month,2025-12,2025-12,combined_overlap,build_quality_perception,2,99,2.02,0.0,100.0,True,False,False,combined_overlap,,False,False,
2025-12,month,2025-12,2025-12,combined_overlap,cardiac_detection_trust,0,99,0.0,,,True,False,False,combined_overlap,,False,False,
2025-12,month,2025-12,2025-12,combined_overlap,comfort_fit,4,99,4.04,0.0,75.0,True,False,False,combined_overlap,,False,False,
2025-12,month,2025-12,2025-12,combined_overlap,crashes_freezes,8,99,8.081,0.0,62.5,True,False,False,combined_overlap,,False,False,
2025-12,month,2025-12,2025-12,combined_overlap,data_sync_delays,10,99,10.101,20.0,50.0,True,False,False,combined_overlap,,False,False,
2025-12,month,2025-12,2025-12,combined_overlap,device_rendering_bugs,1,99,1.01,100.0,0.0,True,False,False,combined_overlap,,False,False,
2025-12,month,2025-12,2025-12,combined_overlap,ecg_bp_feature_reliability,2,99,2.02,50.0,50.0,True,False,False,combined_overlap,,False,False,
2025-12,month,2025-12,2025-12,combined_overlap,english_jargon_complexity,0,99,0.0,,,True,False,False,combined_overlap,,False,False,
2025-12,month,2025-12,2025-12,combined_overlap,feature_ui_friction,8,99,8.081,25.0,50.0,True,False,False,combined_overlap,,False,False,
2025-12,month,2025-12,2025-12,combined_overlap,metric_accuracy,8,99,8.081,37.5,50.0,True,False,False,combined_overlap,,False,False,
2025-12,month,2025-12,2025-12,combined_overlap,missing_activity_types,1,99,1.01,0.0,0.0,True,False,False,combined_overlap,,False,False,
2025-12,month,2025-12,2025-12,combined_overlap,missing_language_support,3,99,3.03,66.7,33.3,True,False,False,combined_overlap,,False,False,
2025-12,month,2025-12,2025-12,combined_overlap,missing_metrics,5,99,5.051,20.0,80.0,True,False,False,combined_overlap,,False,False,
2025-12,month,2025-12,2025-12,combined_overlap,notification_community_issues,2,99,2.02,50.0,50.0,True,False,False,combined_overlap,,False,False,
2025-12,month,2025-12,2025-12,combined_overlap,onboarding_pairing,0,99,0.0,,,True,False,False,combined_overlap,,False,False,
2025-12,month,2025-12,2025-12,combined_overlap,ongoing_disconnects,3,99,3.03,66.7,33.3,True,False,False,combined_overlap,,False,False,
2025-12,month,2025-12,2025-12,combined_overlap,personalization_use_case_fit,3,99,3.03,66.7,33.3,True,False,False,combined_overlap,,False,False,
2025-12,month,2025-12,2025-12,combined_overlap,plan_trial_structure,3,99,3.03,0.0,100.0,True,False,False,combined_overlap,,False,False,
2025-12,month,2025-12,2025-12,combined_overlap,price_value_perception,20,99,20.202,15.0,70.0,True,False,False,combined_overlap,,False,False,
2025-12,month,2025-12,2025-12,combined_overlap,redesign_regression,5,99,5.051,0.0,80.0,True,False,False,combined_overlap,,False,False,
2025-12,month,2025-12,2025-12,combined_overlap,sleep_accuracy,5,99,5.051,20.0,80.0,True,False,False,combined_overlap,,False,False,
2025-12,month,2025-12,2025-12,combined_overlap,sleep_alarm_ui,5,99,5.051,0.0,100.0,True,False,False,combined_overlap,,False,False,
2025-12,month,2025-12,2025-12,combined_overlap,sleep_satisfaction,8,99,8.081,100.0,0.0,True,False,False,combined_overlap,,False,False,
2025-12,month,2025-12,2025-12,combined_overlap,strap_clasp_durability,1,99,1.01,0.0,100.0,True,False,False,combined_overlap,,False,False,
2025-12,month,2025-12,2025-12,combined_overlap,support_resolution_quality,5,99,5.051,0.0,100.0,True,False,False,combined_overlap,,False,False,
2025-12,month,2025-12,2025-12,combined_overlap,support_responsiveness,4,99,4.04,25.0,75.0,True,False,False,combined_overlap,,False,False,
2025-12,month,2025-12,2025-12,combined_overlap,support_satisfaction,0,99,0.0,,,True,False,False,combined_overlap,,False,False,
2025-12,month,2025-12,2025-12,combined_overlap,third_party_integration,2,99,2.02,0.0,100.0,True,False,False,combined_overlap,,False,False,
2025-12,month,2025-12,2025-12,combined_overlap,update_failures,2,99,2.02,0.0,100.0,True,False,False,combined_overlap,,False,False,
2025-12,month,2025-12,2025-12,combined_overlap,upsell_pressure,5,99,5.051,0.0,80.0,True,False,False,combined_overlap,,False,False,
2026-01,month,2026-01,2026-01,combined_overlap,ai_coach,9,127,7.087,22.2,44.4,True,False,False,combined_overlap,,False,False,
2026-01,month,2026-01,2026-01,combined_overlap,app_stability,12,127,9.449,8.3,75.0,True,False,False,combined_overlap,,False,False,
2026-01,month,2026-01,2026-01,combined_overlap,customer_support,9,127,7.087,11.1,77.8,True,False,False,combined_overlap,,False,False,
2026-01,month,2026-01,2026-01,combined_overlap,data_accuracy,15,127,11.811,26.7,46.7,True,False,False,combined_overlap,,False,False,
2026-01,month,2026-01,2026-01,combined_overlap,feature_requests,10,127,7.874,20.0,30.0,True,False,False,combined_overlap,,False,False,
2026-01,month,2026-01,2026-01,combined_overlap,hardware_wearability,4,127,3.15,75.0,25.0,True,False,False,combined_overlap,,False,False,
2026-01,month,2026-01,2026-01,combined_overlap,health_signal_reliability,4,127,3.15,0.0,100.0,True,False,False,combined_overlap,,False,False,
2026-01,month,2026-01,2026-01,combined_overlap,localization,0,127,0.0,,,True,False,False,combined_overlap,,False,False,
2026-01,month,2026-01,2026-01,combined_overlap,platform_parity,1,127,0.787,0.0,100.0,True,False,False,combined_overlap,,False,False,
2026-01,month,2026-01,2026-01,combined_overlap,pricing_billing,27,127,21.26,11.1,85.2,True,False,False,combined_overlap,,False,False,
2026-01,month,2026-01,2026-01,combined_overlap,sleep_tracking,16,127,12.598,43.8,37.5,True,False,False,combined_overlap,,False,False,
2026-01,month,2026-01,2026-01,combined_overlap,sync_connectivity,8,127,6.299,12.5,62.5,True,False,False,combined_overlap,,False,False,
2026-01,month,2026-01,2026-01,combined_overlap,ui_ux,23,127,18.11,17.4,60.9,True,False,False,combined_overlap,,False,False,
2026-01,month,2026-01,2026-01,combined_overlap,activity_detection,4,127,3.15,25.0,25.0,True,False,False,combined_overlap,,False,False,
2026-01,month,2026-01,2026-01,combined_overlap,ai_autonomy,4,127,3.15,25.0,25.0,True,False,False,combined_overlap,,False,False,
2026-01,month,2026-01,2026-01,combined_overlap,ai_only_support_channel,2,127,1.575,0.0,100.0,True,False,False,combined_overlap,,False,False,
2026-01,month,2026-01,2026-01,combined_overlap,ai_positive_reception,1,127,0.787,100.0,0.0,True,False,False,combined_overlap,,False,False,
2026-01,month,2026-01,2026-01,combined_overlap,ai_reliability_bugs,4,127,3.15,0.0,75.0,True,False,False,combined_overlap,,False,False,
2026-01,month,2026-01,2026-01,combined_overlap,android_feature_gaps,0,127,0.0,,,True,False,False,combined_overlap,,False,False,
2026-01,month,2026-01,2026-01,combined_overlap,android_specific_bugs,1,127,0.787,0.0,100.0,True,False,False,combined_overlap,,False,False,
2026-01,month,2026-01,2026-01,combined_overlap,battery_life,3,127,2.362,100.0,0.0,True,False,False,combined_overlap,,False,False,
2026-01,month,2026-01,2026-01,combined_overlap,billing_disputes,8,127,6.299,0.0,100.0,True,False,False,combined_overlap,,False,False,
2026-01,month,2026-01,2026-01,combined_overlap,build_quality_perception,0,127,0.0,,,True,False,False,combined_overlap,,False,False,
2026-01,month,2026-01,2026-01,combined_overlap,cardiac_detection_trust,0,127,0.0,,,True,False,False,combined_overlap,,False,False,
2026-01,month,2026-01,2026-01,combined_overlap,comfort_fit,0,127,0.0,,,True,False,False,combined_overlap,,False,False,
2026-01,month,2026-01,2026-01,combined_overlap,crashes_freezes,11,127,8.661,9.1,81.8,True,False,False,combined_overlap,,False,False,
2026-01,month,2026-01,2026-01,combined_overlap,data_sync_delays,3,127,2.362,0.0,66.7,True,False,False,combined_overlap,,False,False,
2026-01,month,2026-01,2026-01,combined_overlap,device_rendering_bugs,2,127,1.575,100.0,0.0,True,False,False,combined_overlap,,False,False,
2026-01,month,2026-01,2026-01,combined_overlap,ecg_bp_feature_reliability,4,127,3.15,0.0,100.0,True,False,False,combined_overlap,,False,False,
2026-01,month,2026-01,2026-01,combined_overlap,english_jargon_complexity,0,127,0.0,,,True,False,False,combined_overlap,,False,False,
2026-01,month,2026-01,2026-01,combined_overlap,feature_ui_friction,10,127,7.874,10.0,50.0,True,False,False,combined_overlap,,False,False,
2026-01,month,2026-01,2026-01,combined_overlap,metric_accuracy,11,127,8.661,27.3,54.5,True,False,False,combined_overlap,,False,False,
2026-01,month,2026-01,2026-01,combined_overlap,missing_activity_types,2,127,1.575,0.0,50.0,True,False,False,combined_overlap,,False,False,
2026-01,month,2026-01,2026-01,combined_overlap,missing_language_support,0,127,0.0,,,True,False,False,combined_overlap,,False,False,
2026-01,month,2026-01,2026-01,combined_overlap,missing_metrics,2,127,1.575,50.0,0.0,True,False,False,combined_overlap,,False,False,
2026-01,month,2026-01,2026-01,combined_overlap,notification_community_issues,5,127,3.937,20.0,80.0,True,False,False,combined_overlap,,False,False,
2026-01,month,2026-01,2026-01,combined_overlap,onboarding_pairing,2,127,1.575,0.0,100.0,True,False,False,combined_overlap,,False,False,
2026-01,month,2026-01,2026-01,combined_overlap,ongoing_disconnects,3,127,2.362,33.3,33.3,True,False,False,combined_overlap,,False,False,
2026-01,month,2026-01,2026-01,combined_overlap,personalization_use_case_fit,3,127,2.362,0.0,0.0,True,False,False,combined_overlap,,False,False,
2026-01,month,2026-01,2026-01,combined_overlap,plan_trial_structure,2,127,1.575,0.0,100.0,True,False,False,combined_overlap,,False,False,
2026-01,month,2026-01,2026-01,combined_overlap,price_value_perception,18,127,14.173,16.7,77.8,True,False,False,combined_overlap,,False,False,
2026-01,month,2026-01,2026-01,combined_overlap,redesign_regression,6,127,4.724,0.0,83.3,True,False,False,combined_overlap,,False,False,
2026-01,month,2026-01,2026-01,combined_overlap,sleep_accuracy,8,127,6.299,12.5,75.0,True,False,False,combined_overlap,,False,False,
2026-01,month,2026-01,2026-01,combined_overlap,sleep_alarm_ui,1,127,0.787,0.0,0.0,True,False,False,combined_overlap,,False,False,
2026-01,month,2026-01,2026-01,combined_overlap,sleep_satisfaction,7,127,5.512,85.7,0.0,True,False,False,combined_overlap,,False,False,
2026-01,month,2026-01,2026-01,combined_overlap,strap_clasp_durability,1,127,0.787,0.0,100.0,True,False,False,combined_overlap,,False,False,
2026-01,month,2026-01,2026-01,combined_overlap,support_resolution_quality,5,127,3.937,0.0,80.0,True,False,False,combined_overlap,,False,False,
2026-01,month,2026-01,2026-01,combined_overlap,support_responsiveness,3,127,2.362,0.0,100.0,True,False,False,combined_overlap,,False,False,
2026-01,month,2026-01,2026-01,combined_overlap,support_satisfaction,1,127,0.787,100.0,0.0,True,False,False,combined_overlap,,False,False,
2026-01,month,2026-01,2026-01,combined_overlap,third_party_integration,4,127,3.15,25.0,50.0,True,False,False,combined_overlap,,False,False,
2026-01,month,2026-01,2026-01,combined_overlap,update_failures,4,127,3.15,25.0,50.0,True,False,False,combined_overlap,,False,False,
2026-01,month,2026-01,2026-01,combined_overlap,upsell_pressure,4,127,3.15,0.0,100.0,True,False,False,combined_overlap,,False,False,
2026-02,month,2026-02,2026-02,combined_overlap,ai_coach,5,78,6.41,20.0,80.0,True,False,False,combined_overlap,,False,False,
2026-02,month,2026-02,2026-02,combined_overlap,app_stability,14,78,17.949,14.3,71.4,True,False,False,combined_overlap,,False,False,
2026-02,month,2026-02,2026-02,combined_overlap,customer_support,11,78,14.103,9.1,81.8,True,False,False,combined_overlap,,False,False,
2026-02,month,2026-02,2026-02,combined_overlap,data_accuracy,8,78,10.256,25.0,75.0,True,False,False,combined_overlap,,False,False,
2026-02,month,2026-02,2026-02,combined_overlap,feature_requests,6,78,7.692,16.7,66.7,True,False,False,combined_overlap,,False,False,
2026-02,month,2026-02,2026-02,combined_overlap,hardware_wearability,7,78,8.974,42.9,57.1,True,False,False,combined_overlap,,False,False,
2026-02,month,2026-02,2026-02,combined_overlap,health_signal_reliability,6,78,7.692,16.7,83.3,True,False,False,combined_overlap,,False,False,
2026-02,month,2026-02,2026-02,combined_overlap,localization,3,78,3.846,66.7,33.3,True,False,False,combined_overlap,,False,False,
2026-02,month,2026-02,2026-02,combined_overlap,platform_parity,2,78,2.564,100.0,0.0,True,False,False,combined_overlap,,False,False,
2026-02,month,2026-02,2026-02,combined_overlap,pricing_billing,12,78,15.385,0.0,83.3,True,False,False,combined_overlap,,False,False,
2026-02,month,2026-02,2026-02,combined_overlap,sleep_tracking,8,78,10.256,25.0,37.5,True,False,False,combined_overlap,,False,False,
2026-02,month,2026-02,2026-02,combined_overlap,sync_connectivity,7,78,8.974,14.3,71.4,True,False,False,combined_overlap,,False,False,
2026-02,month,2026-02,2026-02,combined_overlap,ui_ux,8,78,10.256,37.5,50.0,True,False,False,combined_overlap,,False,False,
2026-02,month,2026-02,2026-02,combined_overlap,activity_detection,1,78,1.282,100.0,0.0,True,False,False,combined_overlap,,False,False,
2026-02,month,2026-02,2026-02,combined_overlap,ai_autonomy,2,78,2.564,0.0,100.0,True,False,False,combined_overlap,,False,False,
2026-02,month,2026-02,2026-02,combined_overlap,ai_only_support_channel,4,78,5.128,0.0,100.0,True,False,False,combined_overlap,,False,False,
2026-02,month,2026-02,2026-02,combined_overlap,ai_positive_reception,2,78,2.564,50.0,50.0,True,False,False,combined_overlap,,False,False,
2026-02,month,2026-02,2026-02,combined_overlap,ai_reliability_bugs,1,78,1.282,0.0,100.0,True,False,False,combined_overlap,,False,False,
2026-02,month,2026-02,2026-02,combined_overlap,android_feature_gaps,2,78,2.564,100.0,0.0,True,False,False,combined_overlap,,False,False,
2026-02,month,2026-02,2026-02,combined_overlap,android_specific_bugs,0,78,0.0,,,True,False,False,combined_overlap,,False,False,
2026-02,month,2026-02,2026-02,combined_overlap,battery_life,2,78,2.564,50.0,50.0,True,False,False,combined_overlap,,False,False,
2026-02,month,2026-02,2026-02,combined_overlap,billing_disputes,7,78,8.974,0.0,85.7,True,False,False,combined_overlap,,False,False,
2026-02,month,2026-02,2026-02,combined_overlap,build_quality_perception,2,78,2.564,0.0,100.0,True,False,False,combined_overlap,,False,False,
2026-02,month,2026-02,2026-02,combined_overlap,cardiac_detection_trust,0,78,0.0,,,True,False,False,combined_overlap,,False,False,
2026-02,month,2026-02,2026-02,combined_overlap,comfort_fit,4,78,5.128,50.0,50.0,True,False,False,combined_overlap,,False,False,
2026-02,month,2026-02,2026-02,combined_overlap,crashes_freezes,12,78,15.385,16.7,66.7,True,False,False,combined_overlap,,False,False,
2026-02,month,2026-02,2026-02,combined_overlap,data_sync_delays,4,78,5.128,0.0,75.0,True,False,False,combined_overlap,,False,False,
2026-02,month,2026-02,2026-02,combined_overlap,device_rendering_bugs,0,78,0.0,,,True,False,False,combined_overlap,,False,False,
2026-02,month,2026-02,2026-02,combined_overlap,ecg_bp_feature_reliability,6,78,7.692,16.7,83.3,True,False,False,combined_overlap,,False,False,
2026-02,month,2026-02,2026-02,combined_overlap,english_jargon_complexity,0,78,0.0,,,True,False,False,combined_overlap,,False,False,
2026-02,month,2026-02,2026-02,combined_overlap,feature_ui_friction,5,78,6.41,60.0,20.0,True,False,False,combined_overlap,,False,False,
2026-02,month,2026-02,2026-02,combined_overlap,metric_accuracy,7,78,8.974,14.3,85.7,True,False,False,combined_overlap,,False,False,
2026-02,month,2026-02,2026-02,combined_overlap,missing_activity_types,1,78,1.282,100.0,0.0,True,False,False,combined_overlap,,False,False,
2026-02,month,2026-02,2026-02,combined_overlap,missing_language_support,3,78,3.846,66.7,33.3,True,False,False,combined_overlap,,False,False,
2026-02,month,2026-02,2026-02,combined_overlap,missing_metrics,2,78,2.564,0.0,50.0,True,False,False,combined_overlap,,False,False,
2026-02,month,2026-02,2026-02,combined_overlap,notification_community_issues,3,78,3.846,33.3,66.7,True,False,False,combined_overlap,,False,False,
2026-02,month,2026-02,2026-02,combined_overlap,onboarding_pairing,0,78,0.0,,,True,False,False,combined_overlap,,False,False,
2026-02,month,2026-02,2026-02,combined_overlap,ongoing_disconnects,3,78,3.846,33.3,66.7,True,False,False,combined_overlap,,False,False,
2026-02,month,2026-02,2026-02,combined_overlap,personalization_use_case_fit,1,78,1.282,0.0,100.0,True,False,False,combined_overlap,,False,False,
2026-02,month,2026-02,2026-02,combined_overlap,plan_trial_structure,3,78,3.846,0.0,66.7,True,False,False,combined_overlap,,False,False,
2026-02,month,2026-02,2026-02,combined_overlap,price_value_perception,8,78,10.256,0.0,87.5,True,False,False,combined_overlap,,False,False,
2026-02,month,2026-02,2026-02,combined_overlap,redesign_regression,2,78,2.564,0.0,100.0,True,False,False,combined_overlap,,False,False,
2026-02,month,2026-02,2026-02,combined_overlap,sleep_accuracy,7,78,8.974,14.3,42.9,True,False,False,combined_overlap,,False,False,
2026-02,month,2026-02,2026-02,combined_overlap,sleep_alarm_ui,0,78,0.0,,,True,False,False,combined_overlap,,False,False,
2026-02,month,2026-02,2026-02,combined_overlap,sleep_satisfaction,1,78,1.282,100.0,0.0,True,False,False,combined_overlap,,False,False,
2026-02,month,2026-02,2026-02,combined_overlap,strap_clasp_durability,1,78,1.282,0.0,100.0,True,False,False,combined_overlap,,False,False,
2026-02,month,2026-02,2026-02,combined_overlap,support_resolution_quality,6,78,7.692,0.0,83.3,True,False,False,combined_overlap,,False,False,
2026-02,month,2026-02,2026-02,combined_overlap,support_responsiveness,3,78,3.846,0.0,100.0,True,False,False,combined_overlap,,False,False,
2026-02,month,2026-02,2026-02,combined_overlap,support_satisfaction,1,78,1.282,100.0,0.0,True,False,False,combined_overlap,,False,False,
2026-02,month,2026-02,2026-02,combined_overlap,third_party_integration,3,78,3.846,0.0,100.0,True,False,False,combined_overlap,,False,False,
2026-02,month,2026-02,2026-02,combined_overlap,update_failures,3,78,3.846,0.0,100.0,True,False,False,combined_overlap,,False,False,
2026-02,month,2026-02,2026-02,combined_overlap,upsell_pressure,0,78,0.0,,,True,False,False,combined_overlap,,False,False,
2026-03,month,2026-03,2026-03,combined_overlap,ai_coach,10,133,7.519,50.0,40.0,True,False,False,combined_overlap,,False,False,
2026-03,month,2026-03,2026-03,combined_overlap,app_stability,20,133,15.038,10.0,65.0,True,False,False,combined_overlap,,False,False,
2026-03,month,2026-03,2026-03,combined_overlap,customer_support,23,133,17.293,8.7,87.0,True,False,False,combined_overlap,,False,False,
2026-03,month,2026-03,2026-03,combined_overlap,data_accuracy,16,133,12.03,6.2,75.0,True,False,False,combined_overlap,,False,False,
2026-03,month,2026-03,2026-03,combined_overlap,feature_requests,14,133,10.526,78.6,14.3,True,False,False,combined_overlap,,False,False,
2026-03,month,2026-03,2026-03,combined_overlap,hardware_wearability,8,133,6.015,12.5,75.0,True,False,False,combined_overlap,,False,False,
2026-03,month,2026-03,2026-03,combined_overlap,health_signal_reliability,2,133,1.504,0.0,100.0,True,False,False,combined_overlap,,False,False,
2026-03,month,2026-03,2026-03,combined_overlap,localization,3,133,2.256,0.0,66.7,True,False,False,combined_overlap,,False,False,
2026-03,month,2026-03,2026-03,combined_overlap,platform_parity,4,133,3.008,25.0,75.0,True,False,False,combined_overlap,,False,False,
2026-03,month,2026-03,2026-03,combined_overlap,pricing_billing,37,133,27.82,16.2,70.3,True,False,False,combined_overlap,,False,False,
2026-03,month,2026-03,2026-03,combined_overlap,sleep_tracking,13,133,9.774,76.9,23.1,True,False,False,combined_overlap,,False,False,
2026-03,month,2026-03,2026-03,combined_overlap,sync_connectivity,12,133,9.023,8.3,75.0,True,False,False,combined_overlap,,False,False,
2026-03,month,2026-03,2026-03,combined_overlap,ui_ux,21,133,15.789,9.5,71.4,True,False,False,combined_overlap,,False,False,
2026-03,month,2026-03,2026-03,combined_overlap,activity_detection,6,133,4.511,0.0,83.3,True,False,False,combined_overlap,,False,False,
2026-03,month,2026-03,2026-03,combined_overlap,ai_autonomy,2,133,1.504,0.0,100.0,True,False,False,combined_overlap,,False,False,
2026-03,month,2026-03,2026-03,combined_overlap,ai_only_support_channel,5,133,3.759,0.0,100.0,True,False,False,combined_overlap,,False,False,
2026-03,month,2026-03,2026-03,combined_overlap,ai_positive_reception,3,133,2.256,100.0,0.0,True,False,False,combined_overlap,,False,False,
2026-03,month,2026-03,2026-03,combined_overlap,ai_reliability_bugs,5,133,3.759,40.0,40.0,True,False,False,combined_overlap,,False,False,
2026-03,month,2026-03,2026-03,combined_overlap,android_feature_gaps,1,133,0.752,0.0,100.0,True,False,False,combined_overlap,,False,False,
2026-03,month,2026-03,2026-03,combined_overlap,android_specific_bugs,4,133,3.008,25.0,75.0,True,False,False,combined_overlap,,False,False,
2026-03,month,2026-03,2026-03,combined_overlap,battery_life,2,133,1.504,50.0,0.0,True,False,False,combined_overlap,,False,False,
2026-03,month,2026-03,2026-03,combined_overlap,billing_disputes,13,133,9.774,15.4,84.6,True,False,False,combined_overlap,,False,False,
2026-03,month,2026-03,2026-03,combined_overlap,build_quality_perception,4,133,3.008,0.0,100.0,True,False,False,combined_overlap,,False,False,
2026-03,month,2026-03,2026-03,combined_overlap,cardiac_detection_trust,0,133,0.0,,,True,False,False,combined_overlap,,False,False,
2026-03,month,2026-03,2026-03,combined_overlap,comfort_fit,2,133,1.504,0.0,100.0,True,False,False,combined_overlap,,False,False,
2026-03,month,2026-03,2026-03,combined_overlap,crashes_freezes,16,133,12.03,12.5,62.5,True,False,False,combined_overlap,,False,False,
2026-03,month,2026-03,2026-03,combined_overlap,data_sync_delays,6,133,4.511,0.0,83.3,True,False,False,combined_overlap,,False,False,
2026-03,month,2026-03,2026-03,combined_overlap,device_rendering_bugs,3,133,2.256,0.0,66.7,True,False,False,combined_overlap,,False,False,
2026-03,month,2026-03,2026-03,combined_overlap,ecg_bp_feature_reliability,2,133,1.504,0.0,100.0,True,False,False,combined_overlap,,False,False,
2026-03,month,2026-03,2026-03,combined_overlap,english_jargon_complexity,0,133,0.0,,,True,False,False,combined_overlap,,False,False,
2026-03,month,2026-03,2026-03,combined_overlap,feature_ui_friction,6,133,4.511,16.7,66.7,True,False,False,combined_overlap,,False,False,
2026-03,month,2026-03,2026-03,combined_overlap,metric_accuracy,10,133,7.519,10.0,70.0,True,False,False,combined_overlap,,False,False,
2026-03,month,2026-03,2026-03,combined_overlap,missing_activity_types,3,133,2.256,66.7,33.3,True,False,False,combined_overlap,,False,False,
2026-03,month,2026-03,2026-03,combined_overlap,missing_language_support,3,133,2.256,0.0,66.7,True,False,False,combined_overlap,,False,False,
2026-03,month,2026-03,2026-03,combined_overlap,missing_metrics,6,133,4.511,66.7,16.7,True,False,False,combined_overlap,,False,False,
2026-03,month,2026-03,2026-03,combined_overlap,notification_community_issues,7,133,5.263,14.3,57.1,True,False,False,combined_overlap,,False,False,
2026-03,month,2026-03,2026-03,combined_overlap,onboarding_pairing,3,133,2.256,33.3,66.7,True,False,False,combined_overlap,,False,False,
2026-03,month,2026-03,2026-03,combined_overlap,ongoing_disconnects,3,133,2.256,0.0,66.7,True,False,False,combined_overlap,,False,False,
2026-03,month,2026-03,2026-03,combined_overlap,personalization_use_case_fit,5,133,3.759,100.0,0.0,True,False,False,combined_overlap,,False,False,
2026-03,month,2026-03,2026-03,combined_overlap,plan_trial_structure,4,133,3.008,0.0,100.0,True,False,False,combined_overlap,,False,False,
2026-03,month,2026-03,2026-03,combined_overlap,price_value_perception,22,133,16.541,18.2,63.6,True,False,False,combined_overlap,,False,False,
2026-03,month,2026-03,2026-03,combined_overlap,redesign_regression,5,133,3.759,0.0,100.0,True,False,False,combined_overlap,,False,False,
2026-03,month,2026-03,2026-03,combined_overlap,sleep_accuracy,2,133,1.504,0.0,100.0,True,False,False,combined_overlap,,False,False,
2026-03,month,2026-03,2026-03,combined_overlap,sleep_alarm_ui,4,133,3.008,75.0,25.0,True,False,False,combined_overlap,,False,False,
2026-03,month,2026-03,2026-03,combined_overlap,sleep_satisfaction,7,133,5.263,100.0,0.0,True,False,False,combined_overlap,,False,False,
2026-03,month,2026-03,2026-03,combined_overlap,strap_clasp_durability,1,133,0.752,0.0,100.0,True,False,False,combined_overlap,,False,False,
2026-03,month,2026-03,2026-03,combined_overlap,support_resolution_quality,13,133,9.774,0.0,100.0,True,False,False,combined_overlap,,False,False,
2026-03,month,2026-03,2026-03,combined_overlap,support_responsiveness,8,133,6.015,12.5,75.0,True,False,False,combined_overlap,,False,False,
2026-03,month,2026-03,2026-03,combined_overlap,support_satisfaction,1,133,0.752,100.0,0.0,True,False,False,combined_overlap,,False,False,
2026-03,month,2026-03,2026-03,combined_overlap,third_party_integration,3,133,2.256,100.0,0.0,True,False,False,combined_overlap,,False,False,
2026-03,month,2026-03,2026-03,combined_overlap,update_failures,7,133,5.263,14.3,57.1,True,False,False,combined_overlap,,False,False,
2026-03,month,2026-03,2026-03,combined_overlap,upsell_pressure,5,133,3.759,0.0,80.0,True,False,False,combined_overlap,,False,False,
2026-04,month,2026-04,2026-04,combined_overlap,ai_coach,6,111,5.405,66.7,33.3,True,False,False,combined_overlap,,False,False,
2026-04,month,2026-04,2026-04,combined_overlap,app_stability,9,111,8.108,0.0,77.8,True,False,False,combined_overlap,,False,False,
2026-04,month,2026-04,2026-04,combined_overlap,customer_support,11,111,9.91,9.1,90.9,True,False,False,combined_overlap,,False,False,
2026-04,month,2026-04,2026-04,combined_overlap,data_accuracy,17,111,15.315,5.9,82.4,True,False,False,combined_overlap,,False,False,
2026-04,month,2026-04,2026-04,combined_overlap,feature_requests,15,111,13.514,26.7,73.3,True,False,False,combined_overlap,,False,False,
2026-04,month,2026-04,2026-04,combined_overlap,hardware_wearability,4,111,3.604,75.0,25.0,True,False,False,combined_overlap,,False,False,
2026-04,month,2026-04,2026-04,combined_overlap,health_signal_reliability,0,111,0.0,,,True,False,False,combined_overlap,,False,False,
2026-04,month,2026-04,2026-04,combined_overlap,localization,3,111,2.703,66.7,33.3,True,False,False,combined_overlap,,False,False,
2026-04,month,2026-04,2026-04,combined_overlap,platform_parity,2,111,1.802,0.0,100.0,True,False,False,combined_overlap,,False,False,
2026-04,month,2026-04,2026-04,combined_overlap,pricing_billing,35,111,31.532,2.9,91.4,True,False,False,combined_overlap,,False,False,
2026-04,month,2026-04,2026-04,combined_overlap,sleep_tracking,18,111,16.216,50.0,50.0,True,False,False,combined_overlap,,False,False,
2026-04,month,2026-04,2026-04,combined_overlap,sync_connectivity,12,111,10.811,0.0,91.7,True,False,False,combined_overlap,,False,False,
2026-04,month,2026-04,2026-04,combined_overlap,ui_ux,19,111,17.117,31.6,52.6,True,False,False,combined_overlap,,False,False,
2026-04,month,2026-04,2026-04,combined_overlap,activity_detection,6,111,5.405,0.0,100.0,True,False,False,combined_overlap,,False,False,
2026-04,month,2026-04,2026-04,combined_overlap,ai_autonomy,1,111,0.901,0.0,100.0,True,False,False,combined_overlap,,False,False,
2026-04,month,2026-04,2026-04,combined_overlap,ai_only_support_channel,5,111,4.505,0.0,100.0,True,False,False,combined_overlap,,False,False,
2026-04,month,2026-04,2026-04,combined_overlap,ai_positive_reception,5,111,4.505,80.0,20.0,True,False,False,combined_overlap,,False,False,
2026-04,month,2026-04,2026-04,combined_overlap,ai_reliability_bugs,0,111,0.0,,,True,False,False,combined_overlap,,False,False,
2026-04,month,2026-04,2026-04,combined_overlap,android_feature_gaps,0,111,0.0,,,True,False,False,combined_overlap,,False,False,
2026-04,month,2026-04,2026-04,combined_overlap,android_specific_bugs,2,111,1.802,0.0,100.0,True,False,False,combined_overlap,,False,False,
2026-04,month,2026-04,2026-04,combined_overlap,battery_life,2,111,1.802,50.0,50.0,True,False,False,combined_overlap,,False,False,
2026-04,month,2026-04,2026-04,combined_overlap,billing_disputes,14,111,12.613,0.0,100.0,True,False,False,combined_overlap,,False,False,
2026-04,month,2026-04,2026-04,combined_overlap,build_quality_perception,1,111,0.901,100.0,0.0,True,False,False,combined_overlap,,False,False,
2026-04,month,2026-04,2026-04,combined_overlap,cardiac_detection_trust,0,111,0.0,,,True,False,False,combined_overlap,,False,False,
2026-04,month,2026-04,2026-04,combined_overlap,comfort_fit,1,111,0.901,100.0,0.0,True,False,False,combined_overlap,,False,False,
2026-04,month,2026-04,2026-04,combined_overlap,crashes_freezes,5,111,4.505,0.0,80.0,True,False,False,combined_overlap,,False,False,
2026-04,month,2026-04,2026-04,combined_overlap,data_sync_delays,8,111,7.207,0.0,87.5,True,False,False,combined_overlap,,False,False,
2026-04,month,2026-04,2026-04,combined_overlap,device_rendering_bugs,1,111,0.901,100.0,0.0,True,False,False,combined_overlap,,False,False,
2026-04,month,2026-04,2026-04,combined_overlap,ecg_bp_feature_reliability,0,111,0.0,,,True,False,False,combined_overlap,,False,False,
2026-04,month,2026-04,2026-04,combined_overlap,english_jargon_complexity,2,111,1.802,100.0,0.0,True,False,False,combined_overlap,,False,False,
2026-04,month,2026-04,2026-04,combined_overlap,feature_ui_friction,5,111,4.505,60.0,20.0,True,False,False,combined_overlap,,False,False,
2026-04,month,2026-04,2026-04,combined_overlap,metric_accuracy,15,111,13.514,6.7,80.0,True,False,False,combined_overlap,,False,False,
2026-04,month,2026-04,2026-04,combined_overlap,missing_activity_types,3,111,2.703,33.3,66.7,True,False,False,combined_overlap,,False,False,
2026-04,month,2026-04,2026-04,combined_overlap,missing_language_support,3,111,2.703,66.7,33.3,True,False,False,combined_overlap,,False,False,
2026-04,month,2026-04,2026-04,combined_overlap,missing_metrics,4,111,3.604,25.0,75.0,True,False,False,combined_overlap,,False,False,
2026-04,month,2026-04,2026-04,combined_overlap,notification_community_issues,7,111,6.306,28.6,57.1,True,False,False,combined_overlap,,False,False,
2026-04,month,2026-04,2026-04,combined_overlap,onboarding_pairing,2,111,1.802,0.0,100.0,True,False,False,combined_overlap,,False,False,
2026-04,month,2026-04,2026-04,combined_overlap,ongoing_disconnects,2,111,1.802,0.0,100.0,True,False,False,combined_overlap,,False,False,
2026-04,month,2026-04,2026-04,combined_overlap,personalization_use_case_fit,8,111,7.207,25.0,75.0,True,False,False,combined_overlap,,False,False,
2026-04,month,2026-04,2026-04,combined_overlap,plan_trial_structure,3,111,2.703,0.0,100.0,True,False,False,combined_overlap,,False,False,
2026-04,month,2026-04,2026-04,combined_overlap,price_value_perception,23,111,20.721,4.3,91.3,True,False,False,combined_overlap,,False,False,
2026-04,month,2026-04,2026-04,combined_overlap,redesign_regression,7,111,6.306,0.0,85.7,True,False,False,combined_overlap,,False,False,
2026-04,month,2026-04,2026-04,combined_overlap,sleep_accuracy,9,111,8.108,0.0,100.0,True,False,False,combined_overlap,,False,False,
2026-04,month,2026-04,2026-04,combined_overlap,sleep_alarm_ui,0,111,0.0,,,True,False,False,combined_overlap,,False,False,
2026-04,month,2026-04,2026-04,combined_overlap,sleep_satisfaction,9,111,8.108,100.0,0.0,True,False,False,combined_overlap,,False,False,
2026-04,month,2026-04,2026-04,combined_overlap,strap_clasp_durability,0,111,0.0,,,True,False,False,combined_overlap,,False,False,
2026-04,month,2026-04,2026-04,combined_overlap,support_resolution_quality,6,111,5.405,0.0,100.0,True,False,False,combined_overlap,,False,False,
2026-04,month,2026-04,2026-04,combined_overlap,support_responsiveness,5,111,4.505,20.0,80.0,True,False,False,combined_overlap,,False,False,
2026-04,month,2026-04,2026-04,combined_overlap,support_satisfaction,0,111,0.0,,,True,False,False,combined_overlap,,False,False,
2026-04,month,2026-04,2026-04,combined_overlap,third_party_integration,4,111,3.604,25.0,75.0,True,False,False,combined_overlap,,False,False,
2026-04,month,2026-04,2026-04,combined_overlap,update_failures,4,111,3.604,0.0,75.0,True,False,False,combined_overlap,,False,False,
2026-04,month,2026-04,2026-04,combined_overlap,upsell_pressure,3,111,2.703,0.0,66.7,True,False,False,combined_overlap,,False,False,
2026-05,month,2026-05,2026-05,combined_overlap,ai_coach,16,132,12.121,62.5,25.0,True,False,False,combined_overlap,,False,False,
2026-05,month,2026-05,2026-05,combined_overlap,app_stability,11,132,8.333,27.3,54.5,True,False,False,combined_overlap,,False,False,
2026-05,month,2026-05,2026-05,combined_overlap,customer_support,16,132,12.121,12.5,81.2,True,False,False,combined_overlap,,False,False,
2026-05,month,2026-05,2026-05,combined_overlap,data_accuracy,16,132,12.121,6.2,75.0,True,False,False,combined_overlap,,False,False,
2026-05,month,2026-05,2026-05,combined_overlap,feature_requests,16,132,12.121,56.2,18.8,True,False,False,combined_overlap,,False,False,
2026-05,month,2026-05,2026-05,combined_overlap,hardware_wearability,9,132,6.818,11.1,88.9,True,False,False,combined_overlap,,False,False,
2026-05,month,2026-05,2026-05,combined_overlap,health_signal_reliability,2,132,1.515,0.0,100.0,True,False,False,combined_overlap,,False,False,
2026-05,month,2026-05,2026-05,combined_overlap,localization,2,132,1.515,50.0,0.0,True,False,False,combined_overlap,,False,False,
2026-05,month,2026-05,2026-05,combined_overlap,platform_parity,2,132,1.515,0.0,100.0,True,False,False,combined_overlap,,False,False,
2026-05,month,2026-05,2026-05,combined_overlap,pricing_billing,32,132,24.242,9.4,84.4,True,False,False,combined_overlap,,False,False,
2026-05,month,2026-05,2026-05,combined_overlap,sleep_tracking,13,132,9.848,46.2,38.5,True,False,False,combined_overlap,,False,False,
2026-05,month,2026-05,2026-05,combined_overlap,sync_connectivity,10,132,7.576,30.0,70.0,True,False,False,combined_overlap,,False,False,
2026-05,month,2026-05,2026-05,combined_overlap,ui_ux,16,132,12.121,62.5,25.0,True,False,False,combined_overlap,,False,False,
2026-05,month,2026-05,2026-05,combined_overlap,activity_detection,3,132,2.273,0.0,100.0,True,False,False,combined_overlap,,False,False,
2026-05,month,2026-05,2026-05,combined_overlap,ai_autonomy,2,132,1.515,0.0,50.0,True,False,False,combined_overlap,,False,False,
2026-05,month,2026-05,2026-05,combined_overlap,ai_only_support_channel,3,132,2.273,0.0,100.0,True,False,False,combined_overlap,,False,False,
2026-05,month,2026-05,2026-05,combined_overlap,ai_positive_reception,7,132,5.303,100.0,0.0,True,False,False,combined_overlap,,False,False,
2026-05,month,2026-05,2026-05,combined_overlap,ai_reliability_bugs,7,132,5.303,42.9,42.9,True,False,False,combined_overlap,,False,False,
2026-05,month,2026-05,2026-05,combined_overlap,android_feature_gaps,0,132,0.0,,,True,False,False,combined_overlap,,False,False,
2026-05,month,2026-05,2026-05,combined_overlap,android_specific_bugs,2,132,1.515,0.0,100.0,True,False,False,combined_overlap,,False,False,
2026-05,month,2026-05,2026-05,combined_overlap,battery_life,2,132,1.515,50.0,50.0,True,False,False,combined_overlap,,False,False,
2026-05,month,2026-05,2026-05,combined_overlap,billing_disputes,10,132,7.576,10.0,80.0,True,False,False,combined_overlap,,False,False,
2026-05,month,2026-05,2026-05,combined_overlap,build_quality_perception,2,132,1.515,0.0,100.0,True,False,False,combined_overlap,,False,False,
2026-05,month,2026-05,2026-05,combined_overlap,cardiac_detection_trust,0,132,0.0,,,True,False,False,combined_overlap,,False,False,
2026-05,month,2026-05,2026-05,combined_overlap,comfort_fit,1,132,0.758,0.0,100.0,True,False,False,combined_overlap,,False,False,
2026-05,month,2026-05,2026-05,combined_overlap,crashes_freezes,9,132,6.818,22.2,55.6,True,False,False,combined_overlap,,False,False,
2026-05,month,2026-05,2026-05,combined_overlap,data_sync_delays,6,132,4.545,16.7,83.3,True,False,False,combined_overlap,,False,False,
2026-05,month,2026-05,2026-05,combined_overlap,device_rendering_bugs,2,132,1.515,100.0,0.0,True,False,False,combined_overlap,,False,False,
2026-05,month,2026-05,2026-05,combined_overlap,ecg_bp_feature_reliability,2,132,1.515,0.0,100.0,True,False,False,combined_overlap,,False,False,
2026-05,month,2026-05,2026-05,combined_overlap,english_jargon_complexity,0,132,0.0,,,True,False,False,combined_overlap,,False,False,
2026-05,month,2026-05,2026-05,combined_overlap,feature_ui_friction,8,132,6.061,62.5,37.5,True,False,False,combined_overlap,,False,False,
2026-05,month,2026-05,2026-05,combined_overlap,metric_accuracy,14,132,10.606,7.1,71.4,True,False,False,combined_overlap,,False,False,
2026-05,month,2026-05,2026-05,combined_overlap,missing_activity_types,7,132,5.303,71.4,0.0,True,False,False,combined_overlap,,False,False,
2026-05,month,2026-05,2026-05,combined_overlap,missing_language_support,2,132,1.515,50.0,0.0,True,False,False,combined_overlap,,False,False,
2026-05,month,2026-05,2026-05,combined_overlap,missing_metrics,4,132,3.03,25.0,50.0,True,False,False,combined_overlap,,False,False,
2026-05,month,2026-05,2026-05,combined_overlap,notification_community_issues,4,132,3.03,25.0,25.0,True,False,False,combined_overlap,,False,False,
2026-05,month,2026-05,2026-05,combined_overlap,onboarding_pairing,2,132,1.515,0.0,100.0,True,False,False,combined_overlap,,False,False,
2026-05,month,2026-05,2026-05,combined_overlap,ongoing_disconnects,2,132,1.515,100.0,0.0,True,False,False,combined_overlap,,False,False,
2026-05,month,2026-05,2026-05,combined_overlap,personalization_use_case_fit,6,132,4.545,50.0,16.7,True,False,False,combined_overlap,,False,False,
2026-05,month,2026-05,2026-05,combined_overlap,plan_trial_structure,3,132,2.273,0.0,100.0,True,False,False,combined_overlap,,False,False,
2026-05,month,2026-05,2026-05,combined_overlap,price_value_perception,25,132,18.939,8.0,84.0,True,False,False,combined_overlap,,False,False,
2026-05,month,2026-05,2026-05,combined_overlap,redesign_regression,4,132,3.03,75.0,25.0,True,False,False,combined_overlap,,False,False,
2026-05,month,2026-05,2026-05,combined_overlap,sleep_accuracy,7,132,5.303,14.3,57.1,True,False,False,combined_overlap,,False,False,
2026-05,month,2026-05,2026-05,combined_overlap,sleep_alarm_ui,2,132,1.515,50.0,50.0,True,False,False,combined_overlap,,False,False,
2026-05,month,2026-05,2026-05,combined_overlap,sleep_satisfaction,5,132,3.788,80.0,20.0,True,False,False,combined_overlap,,False,False,
2026-05,month,2026-05,2026-05,combined_overlap,strap_clasp_durability,4,132,3.03,0.0,100.0,True,False,False,combined_overlap,,False,False,
2026-05,month,2026-05,2026-05,combined_overlap,support_resolution_quality,11,132,8.333,0.0,90.9,True,False,False,combined_overlap,,False,False,
2026-05,month,2026-05,2026-05,combined_overlap,support_responsiveness,6,132,4.545,16.7,83.3,True,False,False,combined_overlap,,False,False,
2026-05,month,2026-05,2026-05,combined_overlap,support_satisfaction,1,132,0.758,100.0,0.0,True,False,False,combined_overlap,,False,False,
2026-05,month,2026-05,2026-05,combined_overlap,third_party_integration,1,132,0.758,100.0,0.0,True,False,False,combined_overlap,,False,False,
2026-05,month,2026-05,2026-05,combined_overlap,update_failures,2,132,1.515,50.0,50.0,True,False,False,combined_overlap,,False,False,
2026-05,month,2026-05,2026-05,combined_overlap,upsell_pressure,5,132,3.788,20.0,40.0,True,False,False,combined_overlap,,False,False,
2026-06,month,2026-06,2026-06,combined_overlap,ai_coach,19,186,10.215,68.4,26.3,True,False,True,combined_overlap,7.211,True,False,spike
2026-06,month,2026-06,2026-06,combined_overlap,app_stability,12,186,6.452,0.0,83.3,True,False,True,combined_overlap,10.884,False,True,decline
2026-06,month,2026-06,2026-06,combined_overlap,customer_support,15,186,8.065,6.7,86.7,True,False,True,combined_overlap,11.973,False,False,stable
2026-06,month,2026-06,2026-06,combined_overlap,data_accuracy,26,186,13.978,26.9,50.0,True,False,True,combined_overlap,11.973,False,False,stable
2026-06,month,2026-06,2026-06,combined_overlap,feature_requests,25,186,13.441,52.0,28.0,True,False,True,combined_overlap,10.068,False,False,stable
2026-06,month,2026-06,2026-06,combined_overlap,hardware_wearability,8,186,4.301,25.0,75.0,True,False,True,combined_overlap,5.714,False,False,stable
2026-06,month,2026-06,2026-06,combined_overlap,health_signal_reliability,2,186,1.075,50.0,50.0,True,False,True,combined_overlap,2.449,False,False,stable
2026-06,month,2026-06,2026-06,combined_overlap,localization,4,186,2.151,25.0,50.0,True,False,True,combined_overlap,2.041,False,False,stable
2026-06,month,2026-06,2026-06,combined_overlap,platform_parity,4,186,2.151,0.0,75.0,True,False,True,combined_overlap,1.769,False,False,stable
2026-06,month,2026-06,2026-06,combined_overlap,pricing_billing,52,186,27.957,28.8,67.3,True,False,True,combined_overlap,25.17,False,False,stable
2026-06,month,2026-06,2026-06,combined_overlap,sleep_tracking,30,186,16.129,66.7,26.7,True,False,True,combined_overlap,12.789,False,False,stable
2026-06,month,2026-06,2026-06,combined_overlap,sync_connectivity,9,186,4.839,33.3,55.6,True,False,True,combined_overlap,9.116,False,True,decline
2026-06,month,2026-06,2026-06,combined_overlap,ui_ux,25,186,13.441,24.0,56.0,True,False,True,combined_overlap,14.15,False,False,stable
2026-06,month,2026-06,2026-06,combined_overlap,activity_detection,6,186,3.226,33.3,33.3,True,False,True,combined_overlap,3.129,False,False,stable
2026-06,month,2026-06,2026-06,combined_overlap,ai_autonomy,2,186,1.075,0.0,100.0,True,False,True,combined_overlap,1.497,False,False,stable
2026-06,month,2026-06,2026-06,combined_overlap,ai_only_support_channel,3,186,1.613,0.0,100.0,True,False,True,combined_overlap,3.129,False,False,stable
2026-06,month,2026-06,2026-06,combined_overlap,ai_positive_reception,11,186,5.914,100.0,0.0,True,False,True,combined_overlap,2.585,True,False,spike
2026-06,month,2026-06,2026-06,combined_overlap,ai_reliability_bugs,8,186,4.301,37.5,50.0,True,False,True,combined_overlap,3.129,True,False,spike
2026-06,month,2026-06,2026-06,combined_overlap,android_feature_gaps,1,186,0.538,0.0,100.0,True,False,True,combined_overlap,0.408,False,False,insufficient_recent_occurrences
2026-06,month,2026-06,2026-06,combined_overlap,android_specific_bugs,3,186,1.613,0.0,66.7,True,False,True,combined_overlap,1.497,False,False,insufficient_recent_occurrences
2026-06,month,2026-06,2026-06,combined_overlap,battery_life,3,186,1.613,33.3,66.7,True,False,True,combined_overlap,1.769,False,False,stable
2026-06,month,2026-06,2026-06,combined_overlap,billing_disputes,13,186,6.989,0.0,100.0,True,False,True,combined_overlap,9.524,False,True,decline
2026-06,month,2026-06,2026-06,combined_overlap,build_quality_perception,2,186,1.075,0.0,100.0,True,False,True,combined_overlap,1.769,False,False,stable
2026-06,month,2026-06,2026-06,combined_overlap,cardiac_detection_trust,0,186,0.0,,,True,False,True,combined_overlap,0.0,False,False,insufficient_recent_occurrences
2026-06,month,2026-06,2026-06,combined_overlap,comfort_fit,3,186,1.613,33.3,66.7,True,False,True,combined_overlap,1.633,False,False,stable
2026-06,month,2026-06,2026-06,combined_overlap,crashes_freezes,9,186,4.839,0.0,77.8,True,False,True,combined_overlap,8.98,False,True,decline
2026-06,month,2026-06,2026-06,combined_overlap,data_sync_delays,6,186,3.226,16.7,66.7,True,False,True,combined_overlap,5.578,False,False,stable
2026-06,month,2026-06,2026-06,combined_overlap,device_rendering_bugs,1,186,0.538,0.0,0.0,True,False,True,combined_overlap,1.224,False,False,insufficient_recent_occurrences
2026-06,month,2026-06,2026-06,combined_overlap,ecg_bp_feature_reliability,2,186,1.075,50.0,50.0,True,False,True,combined_overlap,2.449,False,False,stable
2026-06,month,2026-06,2026-06,combined_overlap,english_jargon_complexity,0,186,0.0,,,True,False,True,combined_overlap,0.272,False,False,insufficient_recent_occurrences
2026-06,month,2026-06,2026-06,combined_overlap,feature_ui_friction,13,186,6.989,23.1,53.8,True,False,True,combined_overlap,5.85,False,False,stable
2026-06,month,2026-06,2026-06,combined_overlap,metric_accuracy,24,186,12.903,25.0,50.0,True,False,True,combined_overlap,9.66,False,False,stable
2026-06,month,2026-06,2026-06,combined_overlap,missing_activity_types,3,186,1.613,33.3,66.7,True,False,True,combined_overlap,2.449,False,False,stable
2026-06,month,2026-06,2026-06,combined_overlap,missing_language_support,4,186,2.151,25.0,50.0,True,False,True,combined_overlap,2.041,False,False,stable
2026-06,month,2026-06,2026-06,combined_overlap,missing_metrics,9,186,4.839,66.7,11.1,True,False,True,combined_overlap,3.129,True,False,spike
2026-06,month,2026-06,2026-06,combined_overlap,notification_community_issues,3,186,1.613,0.0,100.0,True,False,True,combined_overlap,3.946,False,False,stable
2026-06,month,2026-06,2026-06,combined_overlap,onboarding_pairing,1,186,0.538,100.0,0.0,True,False,True,combined_overlap,1.224,False,False,stable
2026-06,month,2026-06,2026-06,combined_overlap,ongoing_disconnects,2,186,1.075,50.0,50.0,True,False,True,combined_overlap,2.313,False,False,stable
2026-06,month,2026-06,2026-06,combined_overlap,personalization_use_case_fit,10,186,5.376,60.0,20.0,True,False,True,combined_overlap,3.673,True,False,spike
2026-06,month,2026-06,2026-06,combined_overlap,plan_trial_structure,6,186,3.226,16.7,83.3,True,False,True,combined_overlap,2.585,False,False,stable
2026-06,month,2026-06,2026-06,combined_overlap,price_value_perception,37,186,19.892,32.4,62.2,True,False,True,combined_overlap,16.599,False,False,stable
2026-06,month,2026-06,2026-06,combined_overlap,redesign_regression,12,186,6.452,25.0,66.7,True,False,True,combined_overlap,4.082,False,False,stable
2026-06,month,2026-06,2026-06,combined_overlap,sleep_accuracy,11,186,5.914,18.2,72.7,True,False,True,combined_overlap,5.714,False,False,stable
2026-06,month,2026-06,2026-06,combined_overlap,sleep_alarm_ui,0,186,0.0,,,True,False,True,combined_overlap,1.633,False,False,insufficient_recent_occurrences
2026-06,month,2026-06,2026-06,combined_overlap,sleep_satisfaction,19,186,10.215,94.7,0.0,True,False,True,combined_overlap,5.714,True,False,spike
2026-06,month,2026-06,2026-06,combined_overlap,strap_clasp_durability,1,186,0.538,0.0,100.0,True,False,True,combined_overlap,1.088,False,False,insufficient_recent_occurrences
2026-06,month,2026-06,2026-06,combined_overlap,support_resolution_quality,10,186,5.376,0.0,90.0,True,False,True,combined_overlap,7.075,False,False,stable
2026-06,month,2026-06,2026-06,combined_overlap,support_responsiveness,2,186,1.075,0.0,100.0,True,False,True,combined_overlap,4.354,False,False,stable
2026-06,month,2026-06,2026-06,combined_overlap,support_satisfaction,1,186,0.538,100.0,0.0,True,False,True,combined_overlap,0.544,False,False,insufficient_recent_occurrences
2026-06,month,2026-06,2026-06,combined_overlap,third_party_integration,9,186,4.839,55.6,22.2,True,False,True,combined_overlap,2.585,False,False,stable
2026-06,month,2026-06,2026-06,combined_overlap,update_failures,4,186,2.151,0.0,100.0,True,False,True,combined_overlap,3.265,False,False,stable
2026-06,month,2026-06,2026-06,combined_overlap,upsell_pressure,4,186,2.151,50.0,50.0,True,False,True,combined_overlap,3.129,False,False,stable
2026-07,month,2026-07,2026-07,combined_overlap,ai_coach,32,212,15.094,62.5,31.2,True,False,True,combined_overlap,7.211,True,False,spike
2026-07,month,2026-07,2026-07,combined_overlap,app_stability,9,212,4.245,11.1,88.9,True,False,True,combined_overlap,10.884,False,True,decline
2026-07,month,2026-07,2026-07,combined_overlap,customer_support,12,212,5.66,8.3,83.3,True,False,True,combined_overlap,11.973,False,False,stable
2026-07,month,2026-07,2026-07,combined_overlap,data_accuracy,16,212,7.547,25.0,56.2,True,False,True,combined_overlap,11.973,False,False,stable
2026-07,month,2026-07,2026-07,combined_overlap,feature_requests,37,212,17.453,51.4,37.8,True,False,True,combined_overlap,10.068,False,False,stable
2026-07,month,2026-07,2026-07,combined_overlap,hardware_wearability,13,212,6.132,38.5,38.5,True,False,True,combined_overlap,5.714,False,False,stable
2026-07,month,2026-07,2026-07,combined_overlap,health_signal_reliability,4,212,1.887,25.0,75.0,True,False,True,combined_overlap,2.449,False,False,stable
2026-07,month,2026-07,2026-07,combined_overlap,localization,8,212,3.774,37.5,37.5,True,False,True,combined_overlap,2.041,False,False,stable
2026-07,month,2026-07,2026-07,combined_overlap,platform_parity,3,212,1.415,66.7,33.3,True,False,True,combined_overlap,1.769,False,False,stable
2026-07,month,2026-07,2026-07,combined_overlap,pricing_billing,42,212,19.811,19.0,69.0,True,False,True,combined_overlap,25.17,False,False,stable
2026-07,month,2026-07,2026-07,combined_overlap,sleep_tracking,31,212,14.623,67.7,25.8,True,False,True,combined_overlap,12.789,False,False,stable
2026-07,month,2026-07,2026-07,combined_overlap,sync_connectivity,14,212,6.604,14.3,64.3,True,False,True,combined_overlap,9.116,False,True,decline
2026-07,month,2026-07,2026-07,combined_overlap,ui_ux,21,212,9.906,33.3,57.1,True,False,True,combined_overlap,14.15,False,False,stable
2026-07,month,2026-07,2026-07,combined_overlap,activity_detection,10,212,4.717,0.0,80.0,True,False,True,combined_overlap,3.129,False,False,stable
2026-07,month,2026-07,2026-07,combined_overlap,ai_autonomy,1,212,0.472,0.0,100.0,True,False,True,combined_overlap,1.497,False,False,stable
2026-07,month,2026-07,2026-07,combined_overlap,ai_only_support_channel,2,212,0.943,0.0,100.0,True,False,True,combined_overlap,3.129,False,False,stable
2026-07,month,2026-07,2026-07,combined_overlap,ai_positive_reception,18,212,8.491,100.0,0.0,True,False,True,combined_overlap,2.585,True,False,spike
2026-07,month,2026-07,2026-07,combined_overlap,ai_reliability_bugs,13,212,6.132,15.4,69.2,True,False,True,combined_overlap,3.129,True,False,spike
2026-07,month,2026-07,2026-07,combined_overlap,android_feature_gaps,2,212,0.943,100.0,0.0,True,False,True,combined_overlap,0.408,False,False,insufficient_recent_occurrences
2026-07,month,2026-07,2026-07,combined_overlap,android_specific_bugs,1,212,0.472,0.0,100.0,True,False,True,combined_overlap,1.497,False,False,insufficient_recent_occurrences
2026-07,month,2026-07,2026-07,combined_overlap,battery_life,4,212,1.887,50.0,50.0,True,False,True,combined_overlap,1.769,False,False,stable
2026-07,month,2026-07,2026-07,combined_overlap,billing_disputes,11,212,5.189,0.0,100.0,True,False,True,combined_overlap,9.524,False,True,decline
2026-07,month,2026-07,2026-07,combined_overlap,build_quality_perception,3,212,1.415,0.0,66.7,True,False,True,combined_overlap,1.769,False,False,stable
2026-07,month,2026-07,2026-07,combined_overlap,cardiac_detection_trust,0,212,0.0,,,True,False,True,combined_overlap,0.0,False,False,insufficient_recent_occurrences
2026-07,month,2026-07,2026-07,combined_overlap,comfort_fit,7,212,3.302,42.9,28.6,True,False,True,combined_overlap,1.633,False,False,stable
2026-07,month,2026-07,2026-07,combined_overlap,crashes_freezes,8,212,3.774,12.5,87.5,True,False,True,combined_overlap,8.98,False,True,decline
2026-07,month,2026-07,2026-07,combined_overlap,data_sync_delays,10,212,4.717,20.0,50.0,True,False,True,combined_overlap,5.578,False,False,stable
2026-07,month,2026-07,2026-07,combined_overlap,device_rendering_bugs,1,212,0.472,100.0,0.0,True,False,True,combined_overlap,1.224,False,False,insufficient_recent_occurrences
2026-07,month,2026-07,2026-07,combined_overlap,ecg_bp_feature_reliability,4,212,1.887,25.0,75.0,True,False,True,combined_overlap,2.449,False,False,stable
2026-07,month,2026-07,2026-07,combined_overlap,english_jargon_complexity,1,212,0.472,0.0,0.0,True,False,True,combined_overlap,0.272,False,False,insufficient_recent_occurrences
2026-07,month,2026-07,2026-07,combined_overlap,feature_ui_friction,10,212,4.717,40.0,40.0,True,False,True,combined_overlap,5.85,False,False,stable
2026-07,month,2026-07,2026-07,combined_overlap,metric_accuracy,8,212,3.774,50.0,37.5,True,False,True,combined_overlap,9.66,False,False,stable
2026-07,month,2026-07,2026-07,combined_overlap,missing_activity_types,7,212,3.302,42.9,28.6,True,False,True,combined_overlap,2.449,False,False,stable
2026-07,month,2026-07,2026-07,combined_overlap,missing_language_support,8,212,3.774,37.5,37.5,True,False,True,combined_overlap,2.041,False,False,stable
2026-07,month,2026-07,2026-07,combined_overlap,missing_metrics,14,212,6.604,50.0,42.9,True,False,True,combined_overlap,3.129,True,False,spike
2026-07,month,2026-07,2026-07,combined_overlap,notification_community_issues,6,212,2.83,33.3,50.0,True,False,True,combined_overlap,3.946,False,False,stable
2026-07,month,2026-07,2026-07,combined_overlap,onboarding_pairing,2,212,0.943,0.0,100.0,True,False,True,combined_overlap,1.224,False,False,stable
2026-07,month,2026-07,2026-07,combined_overlap,ongoing_disconnects,5,212,2.358,20.0,80.0,True,False,True,combined_overlap,2.313,False,False,stable
2026-07,month,2026-07,2026-07,combined_overlap,personalization_use_case_fit,19,212,8.962,47.4,42.1,True,False,True,combined_overlap,3.673,True,False,spike
2026-07,month,2026-07,2026-07,combined_overlap,plan_trial_structure,0,212,0.0,,,True,False,True,combined_overlap,2.585,False,False,stable
2026-07,month,2026-07,2026-07,combined_overlap,price_value_perception,32,212,15.094,25.0,59.4,True,False,True,combined_overlap,16.599,False,False,stable
2026-07,month,2026-07,2026-07,combined_overlap,redesign_regression,6,212,2.83,16.7,83.3,True,False,True,combined_overlap,4.082,False,False,stable
2026-07,month,2026-07,2026-07,combined_overlap,sleep_accuracy,8,212,3.774,0.0,87.5,True,False,True,combined_overlap,5.714,False,False,stable
2026-07,month,2026-07,2026-07,combined_overlap,sleep_alarm_ui,1,212,0.472,0.0,100.0,True,False,True,combined_overlap,1.633,False,False,insufficient_recent_occurrences
2026-07,month,2026-07,2026-07,combined_overlap,sleep_satisfaction,22,212,10.377,95.5,0.0,True,False,True,combined_overlap,5.714,True,False,spike
2026-07,month,2026-07,2026-07,combined_overlap,strap_clasp_durability,0,212,0.0,,,True,False,True,combined_overlap,1.088,False,False,insufficient_recent_occurrences
2026-07,month,2026-07,2026-07,combined_overlap,support_resolution_quality,9,212,4.245,11.1,88.9,True,False,True,combined_overlap,7.075,False,False,stable
2026-07,month,2026-07,2026-07,combined_overlap,support_responsiveness,7,212,3.302,14.3,71.4,True,False,True,combined_overlap,4.354,False,False,stable
2026-07,month,2026-07,2026-07,combined_overlap,support_satisfaction,0,212,0.0,,,True,False,True,combined_overlap,0.544,False,False,insufficient_recent_occurrences
2026-07,month,2026-07,2026-07,combined_overlap,third_party_integration,3,212,1.415,66.7,33.3,True,False,True,combined_overlap,2.585,False,False,stable
2026-07,month,2026-07,2026-07,combined_overlap,update_failures,3,212,1.415,0.0,100.0,True,False,True,combined_overlap,3.265,False,False,stable
2026-07,month,2026-07,2026-07,combined_overlap,upsell_pressure,5,212,2.358,0.0,100.0,True,False,True,combined_overlap,3.129,False,False,stable
2026-08,month,2026-08,2026-08,combined_overlap,ai_coach,26,193,13.472,34.6,46.2,True,False,True,combined_overlap,7.211,True,False,spike
2026-08,month,2026-08,2026-08,combined_overlap,app_stability,14,193,7.254,14.3,78.6,True,False,True,combined_overlap,10.884,False,True,decline
2026-08,month,2026-08,2026-08,combined_overlap,customer_support,21,193,10.881,9.5,81.0,True,False,True,combined_overlap,11.973,False,False,stable
2026-08,month,2026-08,2026-08,combined_overlap,data_accuracy,28,193,14.508,21.4,42.9,True,False,True,combined_overlap,11.973,False,False,stable
2026-08,month,2026-08,2026-08,combined_overlap,feature_requests,19,193,9.845,52.6,31.6,True,False,True,combined_overlap,10.068,False,False,stable
2026-08,month,2026-08,2026-08,combined_overlap,hardware_wearability,10,193,5.181,60.0,30.0,True,False,True,combined_overlap,5.714,False,False,stable
2026-08,month,2026-08,2026-08,combined_overlap,health_signal_reliability,4,193,2.073,50.0,25.0,True,False,True,combined_overlap,2.449,False,False,stable
2026-08,month,2026-08,2026-08,combined_overlap,localization,4,193,2.073,50.0,25.0,True,False,True,combined_overlap,2.041,False,False,stable
2026-08,month,2026-08,2026-08,combined_overlap,platform_parity,1,193,0.518,0.0,0.0,True,False,True,combined_overlap,1.769,False,False,stable
2026-08,month,2026-08,2026-08,combined_overlap,pricing_billing,40,193,20.725,22.5,62.5,True,False,True,combined_overlap,25.17,False,False,stable
2026-08,month,2026-08,2026-08,combined_overlap,sleep_tracking,34,193,17.617,70.6,20.6,True,False,True,combined_overlap,12.789,False,False,stable
2026-08,month,2026-08,2026-08,combined_overlap,sync_connectivity,11,193,5.699,18.2,63.6,True,False,True,combined_overlap,9.116,False,True,decline
2026-08,month,2026-08,2026-08,combined_overlap,ui_ux,19,193,9.845,15.8,57.9,True,False,True,combined_overlap,14.15,False,False,stable
2026-08,month,2026-08,2026-08,combined_overlap,activity_detection,11,193,5.699,18.2,27.3,True,False,True,combined_overlap,3.129,False,False,stable
2026-08,month,2026-08,2026-08,combined_overlap,ai_autonomy,8,193,4.145,0.0,62.5,True,False,True,combined_overlap,1.497,False,False,stable
2026-08,month,2026-08,2026-08,combined_overlap,ai_only_support_channel,4,193,2.073,0.0,100.0,True,False,True,combined_overlap,3.129,False,False,stable
2026-08,month,2026-08,2026-08,combined_overlap,ai_positive_reception,6,193,3.109,83.3,0.0,True,False,True,combined_overlap,2.585,True,False,spike
2026-08,month,2026-08,2026-08,combined_overlap,ai_reliability_bugs,14,193,7.254,28.6,64.3,True,False,True,combined_overlap,3.129,True,False,spike
2026-08,month,2026-08,2026-08,combined_overlap,android_feature_gaps,1,193,0.518,0.0,0.0,True,False,True,combined_overlap,0.408,False,False,insufficient_recent_occurrences
2026-08,month,2026-08,2026-08,combined_overlap,android_specific_bugs,0,193,0.0,,,True,False,True,combined_overlap,1.497,False,False,insufficient_recent_occurrences
2026-08,month,2026-08,2026-08,combined_overlap,battery_life,4,193,2.073,100.0,0.0,True,False,True,combined_overlap,1.769,False,False,stable
2026-08,month,2026-08,2026-08,combined_overlap,billing_disputes,13,193,6.736,0.0,92.3,True,False,True,combined_overlap,9.524,False,True,decline
2026-08,month,2026-08,2026-08,combined_overlap,build_quality_perception,0,193,0.0,,,True,False,True,combined_overlap,1.769,False,False,stable
2026-08,month,2026-08,2026-08,combined_overlap,cardiac_detection_trust,1,193,0.518,100.0,0.0,True,False,True,combined_overlap,0.0,False,False,insufficient_recent_occurrences
2026-08,month,2026-08,2026-08,combined_overlap,comfort_fit,5,193,2.591,60.0,20.0,True,False,True,combined_overlap,1.633,False,False,stable
2026-08,month,2026-08,2026-08,combined_overlap,crashes_freezes,13,193,6.736,15.4,76.9,True,False,True,combined_overlap,8.98,False,True,decline
2026-08,month,2026-08,2026-08,combined_overlap,data_sync_delays,6,193,3.109,0.0,66.7,True,False,True,combined_overlap,5.578,False,False,stable
2026-08,month,2026-08,2026-08,combined_overlap,device_rendering_bugs,2,193,1.036,0.0,0.0,True,False,True,combined_overlap,1.224,False,False,insufficient_recent_occurrences
2026-08,month,2026-08,2026-08,combined_overlap,ecg_bp_feature_reliability,3,193,1.554,33.3,33.3,True,False,True,combined_overlap,2.449,False,False,stable
2026-08,month,2026-08,2026-08,combined_overlap,english_jargon_complexity,1,193,0.518,0.0,0.0,True,False,True,combined_overlap,0.272,False,False,insufficient_recent_occurrences
2026-08,month,2026-08,2026-08,combined_overlap,feature_ui_friction,7,193,3.627,28.6,71.4,True,False,True,combined_overlap,5.85,False,False,stable
2026-08,month,2026-08,2026-08,combined_overlap,metric_accuracy,22,193,11.399,18.2,50.0,True,False,True,combined_overlap,9.66,False,False,stable
2026-08,month,2026-08,2026-08,combined_overlap,missing_activity_types,1,193,0.518,100.0,0.0,True,False,True,combined_overlap,2.449,False,False,stable
2026-08,month,2026-08,2026-08,combined_overlap,missing_language_support,3,193,1.554,66.7,33.3,True,False,True,combined_overlap,2.041,False,False,stable
2026-08,month,2026-08,2026-08,combined_overlap,missing_metrics,11,193,5.699,72.7,18.2,True,False,True,combined_overlap,3.129,True,False,spike
2026-08,month,2026-08,2026-08,combined_overlap,notification_community_issues,6,193,3.109,33.3,33.3,True,False,True,combined_overlap,3.946,False,False,stable
2026-08,month,2026-08,2026-08,combined_overlap,onboarding_pairing,2,193,1.036,0.0,100.0,True,False,True,combined_overlap,1.224,False,False,stable
2026-08,month,2026-08,2026-08,combined_overlap,ongoing_disconnects,3,193,1.554,66.7,33.3,True,False,True,combined_overlap,2.313,False,False,stable
2026-08,month,2026-08,2026-08,combined_overlap,personalization_use_case_fit,6,193,3.109,33.3,50.0,True,False,True,combined_overlap,3.673,True,False,spike
2026-08,month,2026-08,2026-08,combined_overlap,plan_trial_structure,1,193,0.518,100.0,0.0,True,False,True,combined_overlap,2.585,False,False,stable
2026-08,month,2026-08,2026-08,combined_overlap,price_value_perception,30,193,15.544,30.0,56.7,True,False,True,combined_overlap,16.599,False,False,stable
2026-08,month,2026-08,2026-08,combined_overlap,redesign_regression,5,193,2.591,0.0,80.0,True,False,True,combined_overlap,4.082,False,False,stable
2026-08,month,2026-08,2026-08,combined_overlap,sleep_accuracy,11,193,5.699,9.1,63.6,True,False,True,combined_overlap,5.714,False,False,stable
2026-08,month,2026-08,2026-08,combined_overlap,sleep_alarm_ui,0,193,0.0,,,True,False,True,combined_overlap,1.633,False,False,insufficient_recent_occurrences
2026-08,month,2026-08,2026-08,combined_overlap,sleep_satisfaction,23,193,11.917,100.0,0.0,True,False,True,combined_overlap,5.714,True,False,spike
2026-08,month,2026-08,2026-08,combined_overlap,strap_clasp_durability,2,193,1.036,0.0,100.0,True,False,True,combined_overlap,1.088,False,False,insufficient_recent_occurrences
2026-08,month,2026-08,2026-08,combined_overlap,support_resolution_quality,11,193,5.699,0.0,100.0,True,False,True,combined_overlap,7.075,False,False,stable
2026-08,month,2026-08,2026-08,combined_overlap,support_responsiveness,8,193,4.145,12.5,75.0,True,False,True,combined_overlap,4.354,False,False,stable
2026-08,month,2026-08,2026-08,combined_overlap,support_satisfaction,2,193,1.036,50.0,0.0,True,False,True,combined_overlap,0.544,False,False,insufficient_recent_occurrences
2026-08,month,2026-08,2026-08,combined_overlap,third_party_integration,3,193,1.554,0.0,33.3,True,False,True,combined_overlap,2.585,False,False,stable
2026-08,month,2026-08,2026-08,combined_overlap,update_failures,2,193,1.036,0.0,100.0,True,False,True,combined_overlap,3.265,False,False,stable
2026-08,month,2026-08,2026-08,combined_overlap,upsell_pressure,3,193,1.554,0.0,66.7,True,False,True,combined_overlap,3.129,False,False,stable
2026-09,month,2026-09,2026-09,combined_overlap,ai_coach,14,126,11.111,14.3,71.4,True,True,False,combined_overlap,,False,False,
2026-09,month,2026-09,2026-09,combined_overlap,app_stability,10,126,7.937,10.0,60.0,True,True,False,combined_overlap,,False,False,
2026-09,month,2026-09,2026-09,combined_overlap,customer_support,8,126,6.349,12.5,75.0,True,True,False,combined_overlap,,False,False,
2026-09,month,2026-09,2026-09,combined_overlap,data_accuracy,15,126,11.905,20.0,40.0,True,True,False,combined_overlap,,False,False,
2026-09,month,2026-09,2026-09,combined_overlap,feature_requests,16,126,12.698,43.8,31.2,True,True,False,combined_overlap,,False,False,
2026-09,month,2026-09,2026-09,combined_overlap,hardware_wearability,7,126,5.556,42.9,42.9,True,True,False,combined_overlap,,False,False,
2026-09,month,2026-09,2026-09,combined_overlap,health_signal_reliability,0,126,0.0,,,True,True,False,combined_overlap,,False,False,
2026-09,month,2026-09,2026-09,combined_overlap,localization,3,126,2.381,33.3,33.3,True,True,False,combined_overlap,,False,False,
2026-09,month,2026-09,2026-09,combined_overlap,platform_parity,1,126,0.794,0.0,0.0,True,True,False,combined_overlap,,False,False,
2026-09,month,2026-09,2026-09,combined_overlap,pricing_billing,34,126,26.984,29.4,58.8,True,True,False,combined_overlap,,False,False,
2026-09,month,2026-09,2026-09,combined_overlap,sleep_tracking,24,126,19.048,45.8,45.8,True,True,False,combined_overlap,,False,False,
2026-09,month,2026-09,2026-09,combined_overlap,sync_connectivity,10,126,7.937,10.0,90.0,True,True,False,combined_overlap,,False,False,
2026-09,month,2026-09,2026-09,combined_overlap,ui_ux,16,126,12.698,12.5,68.8,True,True,False,combined_overlap,,False,False,
2026-09,month,2026-09,2026-09,combined_overlap,activity_detection,7,126,5.556,42.9,28.6,True,True,False,combined_overlap,,False,False,
2026-09,month,2026-09,2026-09,combined_overlap,ai_autonomy,3,126,2.381,0.0,100.0,True,True,False,combined_overlap,,False,False,
2026-09,month,2026-09,2026-09,combined_overlap,ai_only_support_channel,2,126,1.587,0.0,100.0,True,True,False,combined_overlap,,False,False,
2026-09,month,2026-09,2026-09,combined_overlap,ai_positive_reception,2,126,1.587,100.0,0.0,True,True,False,combined_overlap,,False,False,
2026-09,month,2026-09,2026-09,combined_overlap,ai_reliability_bugs,9,126,7.143,0.0,77.8,True,True,False,combined_overlap,,False,False,
2026-09,month,2026-09,2026-09,combined_overlap,android_feature_gaps,0,126,0.0,,,True,True,False,combined_overlap,,False,False,
2026-09,month,2026-09,2026-09,combined_overlap,android_specific_bugs,1,126,0.794,0.0,0.0,True,True,False,combined_overlap,,False,False,
2026-09,month,2026-09,2026-09,combined_overlap,battery_life,4,126,3.175,50.0,50.0,True,True,False,combined_overlap,,False,False,
2026-09,month,2026-09,2026-09,combined_overlap,billing_disputes,10,126,7.937,0.0,90.0,True,True,False,combined_overlap,,False,False,
2026-09,month,2026-09,2026-09,combined_overlap,build_quality_perception,2,126,1.587,0.0,50.0,True,True,False,combined_overlap,,False,False,
2026-09,month,2026-09,2026-09,combined_overlap,cardiac_detection_trust,0,126,0.0,,,True,True,False,combined_overlap,,False,False,
2026-09,month,2026-09,2026-09,combined_overlap,comfort_fit,3,126,2.381,33.3,33.3,True,True,False,combined_overlap,,False,False,
2026-09,month,2026-09,2026-09,combined_overlap,crashes_freezes,6,126,4.762,0.0,66.7,True,True,False,combined_overlap,,False,False,
2026-09,month,2026-09,2026-09,combined_overlap,data_sync_delays,8,126,6.349,12.5,87.5,True,True,False,combined_overlap,,False,False,
2026-09,month,2026-09,2026-09,combined_overlap,device_rendering_bugs,4,126,3.175,50.0,50.0,True,True,False,combined_overlap,,False,False,
2026-09,month,2026-09,2026-09,combined_overlap,ecg_bp_feature_reliability,0,126,0.0,,,True,True,False,combined_overlap,,False,False,
2026-09,month,2026-09,2026-09,combined_overlap,english_jargon_complexity,0,126,0.0,,,True,True,False,combined_overlap,,False,False,
2026-09,month,2026-09,2026-09,combined_overlap,feature_ui_friction,6,126,4.762,0.0,50.0,True,True,False,combined_overlap,,False,False,
2026-09,month,2026-09,2026-09,combined_overlap,metric_accuracy,9,126,7.143,0.0,55.6,True,True,False,combined_overlap,,False,False,
2026-09,month,2026-09,2026-09,combined_overlap,missing_activity_types,2,126,1.587,100.0,0.0,True,True,False,combined_overlap,,False,False,
2026-09,month,2026-09,2026-09,combined_overlap,missing_language_support,3,126,2.381,33.3,33.3,True,True,False,combined_overlap,,False,False,
2026-09,month,2026-09,2026-09,combined_overlap,missing_metrics,4,126,3.175,50.0,25.0,True,True,False,combined_overlap,,False,False,
2026-09,month,2026-09,2026-09,combined_overlap,notification_community_issues,4,126,3.175,25.0,75.0,True,True,False,combined_overlap,,False,False,
2026-09,month,2026-09,2026-09,combined_overlap,onboarding_pairing,0,126,0.0,,,True,True,False,combined_overlap,,False,False,
2026-09,month,2026-09,2026-09,combined_overlap,ongoing_disconnects,2,126,1.587,0.0,100.0,True,True,False,combined_overlap,,False,False,
2026-09,month,2026-09,2026-09,combined_overlap,personalization_use_case_fit,7,126,5.556,28.6,28.6,True,True,False,combined_overlap,,False,False,
2026-09,month,2026-09,2026-09,combined_overlap,plan_trial_structure,2,126,1.587,0.0,100.0,True,True,False,combined_overlap,,False,False,
2026-09,month,2026-09,2026-09,combined_overlap,price_value_perception,27,126,21.429,37.0,51.9,True,True,False,combined_overlap,,False,False,
2026-09,month,2026-09,2026-09,combined_overlap,redesign_regression,4,126,3.175,0.0,100.0,True,True,False,combined_overlap,,False,False,
2026-09,month,2026-09,2026-09,combined_overlap,sleep_accuracy,13,126,10.317,15.4,69.2,True,True,False,combined_overlap,,False,False,
2026-09,month,2026-09,2026-09,combined_overlap,sleep_alarm_ui,2,126,1.587,50.0,50.0,True,True,False,combined_overlap,,False,False,
2026-09,month,2026-09,2026-09,combined_overlap,sleep_satisfaction,9,126,7.143,88.9,11.1,True,True,False,combined_overlap,,False,False,
2026-09,month,2026-09,2026-09,combined_overlap,strap_clasp_durability,1,126,0.794,0.0,0.0,True,True,False,combined_overlap,,False,False,
2026-09,month,2026-09,2026-09,combined_overlap,support_resolution_quality,4,126,3.175,0.0,75.0,True,True,False,combined_overlap,,False,False,
2026-09,month,2026-09,2026-09,combined_overlap,support_responsiveness,4,126,3.175,25.0,75.0,True,True,False,combined_overlap,,False,False,
2026-09,month,2026-09,2026-09,combined_overlap,support_satisfaction,0,126,0.0,,,True,True,False,combined_overlap,,False,False,
2026-09,month,2026-09,2026-09,combined_overlap,third_party_integration,4,126,3.175,25.0,50.0,True,True,False,combined_overlap,,False,False,
2026-09,month,2026-09,2026-09,combined_overlap,update_failures,4,126,3.175,25.0,50.0,True,True,False,combined_overlap,,False,False,
2026-09,month,2026-09,2026-09,combined_overlap,upsell_pressure,1,126,0.794,0.0,100.0,True,True,False,combined_overlap,,False,False,
